record_id,campaign_id,send_date,lure_theme,employee_id,department,tenure_band,nudge_type,prior_exposures_to_nudge,clicked,reported,outcome,minutes_to_click,minutes_to_report
1,C1,2026-04-14,Overdue invoice,E0001,Engineering,1_to_3y,loss_framing,0,0,0,no_action,,
2,C1,2026-04-14,Overdue invoice,E0002,Sales,1_to_3y,just_in_time_tip,0,0,0,no_action,,
3,C1,2026-04-14,Overdue invoice,E0003,Executive Office,over_3y,easy_report_prompt,0,0,0,no_action,,
4,C1,2026-04-14,Overdue invoice,E0004,Operations,over_3y,warning_banner,0,0,0,no_action,,
5,C1,2026-04-14,Overdue invoice,E0005,Sales,over_3y,just_in_time_tip,0,0,0,no_action,,
6,C1,2026-04-14,Overdue invoice,E0006,Customer Support,under_1y,loss_framing,0,0,0,no_action,,
7,C1,2026-04-14,Overdue invoice,E0007,Customer Support,1_to_3y,loss_framing,0,0,0,no_action,,
8,C1,2026-04-14,Overdue invoice,E0008,Sales,1_to_3y,loss_framing,0,0,0,no_action,,
9,C1,2026-04-14,Overdue invoice,E0009,Engineering,1_to_3y,social_norm,0,1,0,clicked_only,3.1,
10,C1,2026-04-14,Overdue invoice,E0010,Operations,over_3y,none,0,0,0,no_action,,
11,C1,2026-04-14,Overdue invoice,E0011,Customer Support,1_to_3y,just_in_time_tip,0,1,0,clicked_only,15.5,
12,C1,2026-04-14,Overdue invoice,E0012,Legal & Compliance,1_to_3y,social_norm,0,0,0,no_action,,
13,C1,2026-04-14,Overdue invoice,E0013,Finance,over_3y,warning_banner,0,0,1,reported_only,,68.4
14,C1,2026-04-14,Overdue invoice,E0014,Engineering,1_to_3y,easy_report_prompt,0,0,0,no_action,,
15,C1,2026-04-14,Overdue invoice,E0015,Marketing,over_3y,easy_report_prompt,0,1,0,clicked_only,3.1,
16,C1,2026-04-14,Overdue invoice,E0016,Customer Support,over_3y,easy_report_prompt,0,1,0,clicked_only,7.4,
17,C1,2026-04-14,Overdue invoice,E0017,Operations,over_3y,social_norm,0,0,0,no_action,,
18,C1,2026-04-14,Overdue invoice,E0018,Customer Support,over_3y,none,0,0,0,no_action,,
19,C1,2026-04-14,Overdue invoice,E0019,HR,over_3y,social_norm,0,0,0,no_action,,
20,C1,2026-04-14,Overdue invoice,E0020,Operations,over_3y,loss_framing,0,0,0,no_action,,
21,C1,2026-04-14,Overdue invoice,E0021,Sales,over_3y,easy_report_prompt,0,0,1,reported_only,,11.7
22,C1,2026-04-14,Overdue invoice,E0022,Sales,over_3y,social_norm,0,1,0,clicked_only,31.6,
23,C1,2026-04-14,Overdue invoice,E0023,Sales,over_3y,social_norm,0,0,0,no_action,,
24,C1,2026-04-14,Overdue invoice,E0024,Customer Support,1_to_3y,loss_framing,0,0,1,reported_only,,73.4
25,C1,2026-04-14,Overdue invoice,E0025,Sales,1_to_3y,warning_banner,0,0,0,no_action,,
26,C1,2026-04-14,Overdue invoice,E0026,Sales,under_1y,easy_report_prompt,0,0,0,no_action,,
27,C1,2026-04-14,Overdue invoice,E0027,Engineering,over_3y,just_in_time_tip,0,0,0,no_action,,
28,C1,2026-04-14,Overdue invoice,E0028,Engineering,under_1y,loss_framing,0,0,0,no_action,,
29,C1,2026-04-14,Overdue invoice,E0029,Engineering,over_3y,just_in_time_tip,0,0,0,no_action,,
30,C1,2026-04-14,Overdue invoice,E0030,Finance,1_to_3y,none,0,0,1,reported_only,,17.6
31,C1,2026-04-14,Overdue invoice,E0031,Sales,over_3y,loss_framing,0,0,0,no_action,,
32,C1,2026-04-14,Overdue invoice,E0032,Operations,under_1y,warning_banner,0,0,0,no_action,,
33,C1,2026-04-14,Overdue invoice,E0033,Engineering,1_to_3y,warning_banner,0,0,1,reported_only,,425.9
34,C1,2026-04-14,Overdue invoice,E0034,Customer Support,over_3y,none,0,1,0,clicked_only,6.9,
35,C1,2026-04-14,Overdue invoice,E0035,Engineering,1_to_3y,easy_report_prompt,0,0,0,no_action,,
36,C1,2026-04-14,Overdue invoice,E0036,Engineering,1_to_3y,social_norm,0,0,0,no_action,,
37,C1,2026-04-14,Overdue invoice,E0037,Operations,under_1y,easy_report_prompt,0,0,1,reported_only,,95.7
38,C1,2026-04-14,Overdue invoice,E0038,Engineering,under_1y,warning_banner,0,0,0,no_action,,
39,C1,2026-04-14,Overdue invoice,E0039,Finance,over_3y,just_in_time_tip,0,1,0,clicked_only,6.6,
40,C1,2026-04-14,Overdue invoice,E0040,Customer Support,1_to_3y,social_norm,0,1,0,clicked_only,5.4,
41,C1,2026-04-14,Overdue invoice,E0041,Sales,over_3y,just_in_time_tip,0,0,0,no_action,,
42,C1,2026-04-14,Overdue invoice,E0042,Legal & Compliance,1_to_3y,loss_framing,0,0,0,no_action,,
43,C1,2026-04-14,Overdue invoice,E0043,Operations,1_to_3y,easy_report_prompt,0,1,0,clicked_only,6.3,
44,C1,2026-04-14,Overdue invoice,E0044,Customer Support,over_3y,loss_framing,0,1,0,clicked_only,9.1,
45,C1,2026-04-14,Overdue invoice,E0045,Engineering,over_3y,loss_framing,0,1,0,clicked_only,1.6,
46,C1,2026-04-14,Overdue invoice,E0046,Sales,1_to_3y,just_in_time_tip,0,1,0,clicked_only,3.1,
47,C1,2026-04-14,Overdue invoice,E0047,IT & Security,over_3y,warning_banner,0,0,0,no_action,,
48,C1,2026-04-14,Overdue invoice,E0048,Customer Support,under_1y,none,0,1,0,clicked_only,0.7,
49,C1,2026-04-14,Overdue invoice,E0049,Engineering,1_to_3y,easy_report_prompt,0,0,1,reported_only,,9.0
50,C1,2026-04-14,Overdue invoice,E0050,Executive Office,1_to_3y,loss_framing,0,0,0,no_action,,
51,C1,2026-04-14,Overdue invoice,E0051,Legal & Compliance,1_to_3y,just_in_time_tip,0,0,0,no_action,,
52,C1,2026-04-14,Overdue invoice,E0052,Engineering,1_to_3y,none,0,0,0,no_action,,
53,C1,2026-04-14,Overdue invoice,E0053,Marketing,over_3y,just_in_time_tip,0,0,0,no_action,,
54,C1,2026-04-14,Overdue invoice,E0054,Legal & Compliance,1_to_3y,social_norm,0,0,1,reported_only,,12.5
55,C1,2026-04-14,Overdue invoice,E0055,IT & Security,over_3y,warning_banner,0,0,1,reported_only,,28.9
56,C1,2026-04-14,Overdue invoice,E0056,Engineering,under_1y,just_in_time_tip,0,0,0,no_action,,
57,C1,2026-04-14,Overdue invoice,E0057,Customer Support,over_3y,loss_framing,0,0,1,reported_only,,1.6
58,C1,2026-04-14,Overdue invoice,E0058,Customer Support,1_to_3y,easy_report_prompt,0,0,1,reported_only,,2.3
59,C1,2026-04-14,Overdue invoice,E0059,Engineering,over_3y,loss_framing,0,0,1,reported_only,,49.5
60,C1,2026-04-14,Overdue invoice,E0060,Operations,1_to_3y,loss_framing,0,1,0,clicked_only,3.0,
61,C1,2026-04-14,Overdue invoice,E0061,Operations,1_to_3y,social_norm,0,0,0,no_action,,
62,C1,2026-04-14,Overdue invoice,E0062,Finance,over_3y,easy_report_prompt,0,0,0,no_action,,
63,C1,2026-04-14,Overdue invoice,E0063,Customer Support,over_3y,warning_banner,0,0,1,reported_only,,75.2
64,C1,2026-04-14,Overdue invoice,E0064,Executive Office,over_3y,social_norm,0,0,0,no_action,,
65,C1,2026-04-14,Overdue invoice,E0065,Sales,under_1y,loss_framing,0,0,0,no_action,,
66,C1,2026-04-14,Overdue invoice,E0066,Customer Support,under_1y,loss_framing,0,0,1,reported_only,,32.8
67,C1,2026-04-14,Overdue invoice,E0067,Operations,under_1y,none,0,0,0,no_action,,
68,C1,2026-04-14,Overdue invoice,E0068,Operations,1_to_3y,none,0,0,0,no_action,,
69,C1,2026-04-14,Overdue invoice,E0069,Finance,under_1y,loss_framing,0,1,0,clicked_only,57.5,
70,C1,2026-04-14,Overdue invoice,E0070,Sales,over_3y,loss_framing,0,0,0,no_action,,
71,C1,2026-04-14,Overdue invoice,E0071,Customer Support,1_to_3y,social_norm,0,1,0,clicked_only,2.4,
72,C1,2026-04-14,Overdue invoice,E0072,Operations,1_to_3y,just_in_time_tip,0,0,0,no_action,,
73,C1,2026-04-14,Overdue invoice,E0073,Marketing,under_1y,just_in_time_tip,0,0,0,no_action,,
74,C1,2026-04-14,Overdue invoice,E0074,Engineering,1_to_3y,easy_report_prompt,0,0,0,no_action,,
75,C1,2026-04-14,Overdue invoice,E0075,Operations,1_to_3y,easy_report_prompt,0,1,0,clicked_only,3.3,
76,C1,2026-04-14,Overdue invoice,E0076,Marketing,1_to_3y,loss_framing,0,0,0,no_action,,
77,C1,2026-04-14,Overdue invoice,E0077,Customer Support,under_1y,just_in_time_tip,0,1,0,clicked_only,26.7,
78,C1,2026-04-14,Overdue invoice,E0078,HR,over_3y,easy_report_prompt,0,0,0,no_action,,
79,C1,2026-04-14,Overdue invoice,E0079,Engineering,over_3y,easy_report_prompt,0,0,0,no_action,,
80,C1,2026-04-14,Overdue invoice,E0080,Engineering,1_to_3y,loss_framing,0,1,0,clicked_only,4.1,
81,C1,2026-04-14,Overdue invoice,E0081,Sales,1_to_3y,none,0,0,0,no_action,,
82,C1,2026-04-14,Overdue invoice,E0082,IT & Security,over_3y,social_norm,0,1,1,clicked_and_reported,15.2,17.2
83,C1,2026-04-14,Overdue invoice,E0083,Customer Support,1_to_3y,just_in_time_tip,0,0,0,no_action,,
84,C1,2026-04-14,Overdue invoice,E0084,Operations,under_1y,just_in_time_tip,0,0,0,no_action,,
85,C1,2026-04-14,Overdue invoice,E0085,Finance,under_1y,just_in_time_tip,0,1,0,clicked_only,0.6,
86,C1,2026-04-14,Overdue invoice,E0086,Sales,over_3y,just_in_time_tip,0,0,1,reported_only,,56.6
87,C1,2026-04-14,Overdue invoice,E0087,Operations,over_3y,easy_report_prompt,0,0,0,no_action,,
88,C1,2026-04-14,Overdue invoice,E0088,HR,1_to_3y,social_norm,0,0,0,no_action,,
89,C1,2026-04-14,Overdue invoice,E0089,IT & Security,under_1y,loss_framing,0,0,1,reported_only,,21.1
90,C1,2026-04-14,Overdue invoice,E0090,Legal & Compliance,over_3y,none,0,0,0,no_action,,
91,C1,2026-04-14,Overdue invoice,E0091,Engineering,1_to_3y,just_in_time_tip,0,0,1,reported_only,,347.8
92,C1,2026-04-14,Overdue invoice,E0092,Customer Support,1_to_3y,easy_report_prompt,0,0,1,reported_only,,1.9
93,C1,2026-04-14,Overdue invoice,E0093,HR,over_3y,loss_framing,0,0,0,no_action,,
94,C1,2026-04-14,Overdue invoice,E0094,Marketing,over_3y,warning_banner,0,0,0,no_action,,
95,C1,2026-04-14,Overdue invoice,E0095,Engineering,under_1y,social_norm,0,0,0,no_action,,
96,C1,2026-04-14,Overdue invoice,E0096,Customer Support,1_to_3y,warning_banner,0,0,0,no_action,,
97,C1,2026-04-14,Overdue invoice,E0097,Legal & Compliance,1_to_3y,just_in_time_tip,0,0,0,no_action,,
98,C1,2026-04-14,Overdue invoice,E0098,Operations,over_3y,just_in_time_tip,0,0,0,no_action,,
99,C1,2026-04-14,Overdue invoice,E0099,Finance,1_to_3y,just_in_time_tip,0,1,0,clicked_only,2.1,
100,C1,2026-04-14,Overdue invoice,E0100,Engineering,1_to_3y,loss_framing,0,0,0,no_action,,
101,C1,2026-04-14,Overdue invoice,E0101,Operations,over_3y,loss_framing,0,0,0,no_action,,
102,C1,2026-04-14,Overdue invoice,E0102,Marketing,over_3y,none,0,0,0,no_action,,
103,C1,2026-04-14,Overdue invoice,E0103,IT & Security,over_3y,loss_framing,0,0,0,no_action,,
104,C1,2026-04-14,Overdue invoice,E0104,Finance,1_to_3y,none,0,0,0,no_action,,
105,C1,2026-04-14,Overdue invoice,E0105,Engineering,under_1y,just_in_time_tip,0,0,0,no_action,,
106,C1,2026-04-14,Overdue invoice,E0106,Engineering,1_to_3y,easy_report_prompt,0,0,1,reported_only,,4.9
107,C1,2026-04-14,Overdue invoice,E0107,Engineering,over_3y,just_in_time_tip,0,1,0,clicked_only,21.7,
108,C1,2026-04-14,Overdue invoice,E0108,HR,under_1y,social_norm,0,0,0,no_action,,
109,C1,2026-04-14,Overdue invoice,E0109,Executive Office,over_3y,none,0,0,0,no_action,,
110,C1,2026-04-14,Overdue invoice,E0110,Legal & Compliance,over_3y,none,0,0,1,reported_only,,40.9
111,C1,2026-04-14,Overdue invoice,E0111,Finance,over_3y,just_in_time_tip,0,0,1,reported_only,,165.6
112,C1,2026-04-14,Overdue invoice,E0112,Finance,1_to_3y,loss_framing,0,0,0,no_action,,
113,C1,2026-04-14,Overdue invoice,E0113,IT & Security,over_3y,none,0,1,0,clicked_only,0.6,
114,C1,2026-04-14,Overdue invoice,E0114,Operations,over_3y,just_in_time_tip,0,0,0,no_action,,
115,C1,2026-04-14,Overdue invoice,E0115,IT & Security,over_3y,just_in_time_tip,0,0,0,no_action,,
116,C1,2026-04-14,Overdue invoice,E0116,Engineering,under_1y,just_in_time_tip,0,0,0,no_action,,
117,C1,2026-04-14,Overdue invoice,E0117,Sales,over_3y,warning_banner,0,0,0,no_action,,
118,C1,2026-04-14,Overdue invoice,E0118,Customer Support,over_3y,social_norm,0,0,0,no_action,,
119,C1,2026-04-14,Overdue invoice,E0119,Marketing,1_to_3y,just_in_time_tip,0,0,0,no_action,,
120,C1,2026-04-14,Overdue invoice,E0120,Sales,1_to_3y,none,0,0,0,no_action,,
121,C1,2026-04-14,Overdue invoice,E0121,Finance,1_to_3y,none,0,0,0,no_action,,
122,C1,2026-04-14,Overdue invoice,E0122,Engineering,over_3y,social_norm,0,0,1,reported_only,,23.3
123,C1,2026-04-14,Overdue invoice,E0123,Sales,under_1y,none,0,1,0,clicked_only,1.7,
124,C1,2026-04-14,Overdue invoice,E0124,Operations,over_3y,just_in_time_tip,0,0,0,no_action,,
125,C1,2026-04-14,Overdue invoice,E0125,Sales,1_to_3y,social_norm,0,1,0,clicked_only,37.6,
126,C1,2026-04-14,Overdue invoice,E0126,IT & Security,over_3y,social_norm,0,0,1,reported_only,,0.5
127,C1,2026-04-14,Overdue invoice,E0127,Sales,under_1y,easy_report_prompt,0,1,0,clicked_only,0.6,
128,C1,2026-04-14,Overdue invoice,E0128,HR,over_3y,just_in_time_tip,0,0,0,no_action,,
129,C1,2026-04-14,Overdue invoice,E0129,Finance,under_1y,none,0,0,1,reported_only,,4.8
130,C1,2026-04-14,Overdue invoice,E0130,Engineering,over_3y,loss_framing,0,0,0,no_action,,
131,C1,2026-04-14,Overdue invoice,E0131,Operations,under_1y,just_in_time_tip,0,0,1,reported_only,,55.4
132,C1,2026-04-14,Overdue invoice,E0132,HR,over_3y,just_in_time_tip,0,1,0,clicked_only,51.3,
133,C1,2026-04-14,Overdue invoice,E0133,Executive Office,1_to_3y,easy_report_prompt,0,0,0,no_action,,
134,C1,2026-04-14,Overdue invoice,E0134,Marketing,1_to_3y,easy_report_prompt,0,0,0,no_action,,
135,C1,2026-04-14,Overdue invoice,E0135,IT & Security,over_3y,easy_report_prompt,0,0,1,reported_only,,3.8
136,C1,2026-04-14,Overdue invoice,E0136,Operations,1_to_3y,social_norm,0,0,0,no_action,,
137,C1,2026-04-14,Overdue invoice,E0137,HR,1_to_3y,easy_report_prompt,0,0,1,reported_only,,5.8
138,C1,2026-04-14,Overdue invoice,E0138,Engineering,over_3y,loss_framing,0,0,0,no_action,,
139,C1,2026-04-14,Overdue invoice,E0139,Operations,under_1y,none,0,0,0,no_action,,
140,C1,2026-04-14,Overdue invoice,E0140,Sales,over_3y,none,0,0,0,no_action,,
141,C1,2026-04-14,Overdue invoice,E0141,Engineering,over_3y,easy_report_prompt,0,0,0,no_action,,
142,C1,2026-04-14,Overdue invoice,E0142,Engineering,1_to_3y,warning_banner,0,0,0,no_action,,
143,C1,2026-04-14,Overdue invoice,E0143,Executive Office,over_3y,easy_report_prompt,0,0,0,no_action,,
144,C1,2026-04-14,Overdue invoice,E0144,HR,1_to_3y,loss_framing,0,0,0,no_action,,
145,C1,2026-04-14,Overdue invoice,E0145,Operations,1_to_3y,easy_report_prompt,0,1,0,clicked_only,11.8,
146,C1,2026-04-14,Overdue invoice,E0146,Marketing,1_to_3y,just_in_time_tip,0,0,0,no_action,,
147,C1,2026-04-14,Overdue invoice,E0147,Sales,under_1y,loss_framing,0,0,0,no_action,,
148,C1,2026-04-14,Overdue invoice,E0148,Customer Support,over_3y,warning_banner,0,0,0,no_action,,
149,C1,2026-04-14,Overdue invoice,E0149,Engineering,under_1y,easy_report_prompt,0,0,0,no_action,,
150,C1,2026-04-14,Overdue invoice,E0150,Legal & Compliance,over_3y,social_norm,0,0,0,no_action,,
151,C1,2026-04-14,Overdue invoice,E0151,Customer Support,over_3y,warning_banner,0,1,0,clicked_only,7.7,
152,C1,2026-04-14,Overdue invoice,E0152,HR,1_to_3y,warning_banner,0,0,1,reported_only,,19.0
153,C1,2026-04-14,Overdue invoice,E0153,IT & Security,over_3y,warning_banner,0,0,0,no_action,,
154,C1,2026-04-14,Overdue invoice,E0154,Engineering,under_1y,social_norm,0,0,0,no_action,,
155,C1,2026-04-14,Overdue invoice,E0155,Customer Support,over_3y,social_norm,0,0,0,no_action,,
156,C1,2026-04-14,Overdue invoice,E0156,Operations,over_3y,none,0,0,1,reported_only,,7.8
157,C1,2026-04-14,Overdue invoice,E0157,Customer Support,over_3y,easy_report_prompt,0,0,0,no_action,,
158,C1,2026-04-14,Overdue invoice,E0158,Customer Support,under_1y,warning_banner,0,0,0,no_action,,
159,C1,2026-04-14,Overdue invoice,E0159,Marketing,under_1y,warning_banner,0,0,0,no_action,,
160,C1,2026-04-14,Overdue invoice,E0160,HR,over_3y,just_in_time_tip,0,0,0,no_action,,
161,C1,2026-04-14,Overdue invoice,E0161,Engineering,1_to_3y,none,0,0,1,reported_only,,10.9
162,C1,2026-04-14,Overdue invoice,E0162,Marketing,over_3y,warning_banner,0,0,0,no_action,,
163,C1,2026-04-14,Overdue invoice,E0163,Operations,1_to_3y,easy_report_prompt,0,0,0,no_action,,
164,C1,2026-04-14,Overdue invoice,E0164,IT & Security,1_to_3y,none,0,0,1,reported_only,,3.3
165,C1,2026-04-14,Overdue invoice,E0165,HR,over_3y,loss_framing,0,0,0,no_action,,
166,C1,2026-04-14,Overdue invoice,E0166,Operations,over_3y,just_in_time_tip,0,0,0,no_action,,
167,C1,2026-04-14,Overdue invoice,E0167,Operations,1_to_3y,loss_framing,0,1,1,clicked_and_reported,5.7,15.6
168,C1,2026-04-14,Overdue invoice,E0168,IT & Security,1_to_3y,loss_framing,0,0,1,reported_only,,6.9
169,C1,2026-04-14,Overdue invoice,E0169,Marketing,under_1y,loss_framing,0,0,0,no_action,,
170,C1,2026-04-14,Overdue invoice,E0170,Sales,over_3y,none,0,0,0,no_action,,
171,C1,2026-04-14,Overdue invoice,E0171,Operations,over_3y,warning_banner,0,0,0,no_action,,
172,C1,2026-04-14,Overdue invoice,E0172,Operations,under_1y,loss_framing,0,0,0,no_action,,
173,C1,2026-04-14,Overdue invoice,E0173,Engineering,1_to_3y,easy_report_prompt,0,0,1,reported_only,,27.2
174,C1,2026-04-14,Overdue invoice,E0174,Operations,over_3y,loss_framing,0,0,0,no_action,,
175,C1,2026-04-14,Overdue invoice,E0175,Legal & Compliance,1_to_3y,warning_banner,0,0,0,no_action,,
176,C1,2026-04-14,Overdue invoice,E0176,Customer Support,1_to_3y,loss_framing,0,0,0,no_action,,
177,C1,2026-04-14,Overdue invoice,E0177,Sales,1_to_3y,just_in_time_tip,0,0,0,no_action,,
178,C1,2026-04-14,Overdue invoice,E0178,Engineering,over_3y,none,0,0,0,no_action,,
179,C1,2026-04-14,Overdue invoice,E0179,Sales,over_3y,none,0,0,0,no_action,,
180,C1,2026-04-14,Overdue invoice,E0180,Engineering,under_1y,social_norm,0,0,0,no_action,,
181,C1,2026-04-14,Overdue invoice,E0181,Customer Support,1_to_3y,easy_report_prompt,0,0,0,no_action,,
182,C1,2026-04-14,Overdue invoice,E0182,IT & Security,over_3y,none,0,0,1,reported_only,,3.0
183,C1,2026-04-14,Overdue invoice,E0183,IT & Security,over_3y,none,0,0,0,no_action,,
184,C1,2026-04-14,Overdue invoice,E0184,Operations,over_3y,loss_framing,0,0,0,no_action,,
185,C1,2026-04-14,Overdue invoice,E0185,Marketing,over_3y,none,0,0,0,no_action,,
186,C1,2026-04-14,Overdue invoice,E0186,Marketing,over_3y,social_norm,0,1,0,clicked_only,14.4,
187,C1,2026-04-14,Overdue invoice,E0187,Finance,over_3y,easy_report_prompt,0,1,0,clicked_only,5.2,
188,C1,2026-04-14,Overdue invoice,E0188,Engineering,1_to_3y,just_in_time_tip,0,0,0,no_action,,
189,C1,2026-04-14,Overdue invoice,E0189,Customer Support,under_1y,loss_framing,0,0,0,no_action,,
190,C1,2026-04-14,Overdue invoice,E0190,Operations,under_1y,none,0,1,0,clicked_only,18.8,
191,C1,2026-04-14,Overdue invoice,E0191,Operations,1_to_3y,none,0,0,0,no_action,,
192,C1,2026-04-14,Overdue invoice,E0192,Finance,under_1y,none,0,0,0,no_action,,
193,C1,2026-04-14,Overdue invoice,E0193,Operations,over_3y,just_in_time_tip,0,0,0,no_action,,
194,C1,2026-04-14,Overdue invoice,E0194,IT & Security,under_1y,warning_banner,0,0,1,reported_only,,4.5
195,C1,2026-04-14,Overdue invoice,E0195,Finance,over_3y,social_norm,0,0,0,no_action,,
196,C1,2026-04-14,Overdue invoice,E0196,Legal & Compliance,1_to_3y,easy_report_prompt,0,0,1,reported_only,,2.0
197,C1,2026-04-14,Overdue invoice,E0197,Sales,under_1y,loss_framing,0,1,0,clicked_only,8.0,
198,C1,2026-04-14,Overdue invoice,E0198,Operations,1_to_3y,easy_report_prompt,0,1,0,clicked_only,12.0,
199,C1,2026-04-14,Overdue invoice,E0199,Executive Office,under_1y,just_in_time_tip,0,1,0,clicked_only,1.5,
200,C1,2026-04-14,Overdue invoice,E0200,Engineering,under_1y,easy_report_prompt,0,0,0,no_action,,
201,C1,2026-04-14,Overdue invoice,E0201,Sales,under_1y,loss_framing,0,0,0,no_action,,
202,C1,2026-04-14,Overdue invoice,E0202,Operations,over_3y,social_norm,0,0,0,no_action,,
203,C1,2026-04-14,Overdue invoice,E0203,Operations,1_to_3y,warning_banner,0,0,0,no_action,,
204,C1,2026-04-14,Overdue invoice,E0204,Sales,1_to_3y,social_norm,0,0,1,reported_only,,147.1
205,C1,2026-04-14,Overdue invoice,E0205,Engineering,under_1y,none,0,0,1,reported_only,,41.4
206,C1,2026-04-14,Overdue invoice,E0206,Marketing,under_1y,loss_framing,0,0,0,no_action,,
207,C1,2026-04-14,Overdue invoice,E0207,Operations,over_3y,just_in_time_tip,0,0,0,no_action,,
208,C1,2026-04-14,Overdue invoice,E0208,Engineering,1_to_3y,loss_framing,0,0,1,reported_only,,7.2
209,C1,2026-04-14,Overdue invoice,E0209,IT & Security,1_to_3y,warning_banner,0,1,0,clicked_only,1.3,
210,C1,2026-04-14,Overdue invoice,E0210,Operations,under_1y,social_norm,0,1,0,clicked_only,0.6,
211,C1,2026-04-14,Overdue invoice,E0211,IT & Security,over_3y,loss_framing,0,0,0,no_action,,
212,C1,2026-04-14,Overdue invoice,E0212,Finance,over_3y,none,0,0,0,no_action,,
213,C1,2026-04-14,Overdue invoice,E0213,Operations,1_to_3y,warning_banner,0,0,0,no_action,,
214,C1,2026-04-14,Overdue invoice,E0214,Operations,1_to_3y,loss_framing,0,0,1,reported_only,,35.6
215,C1,2026-04-14,Overdue invoice,E0215,HR,1_to_3y,warning_banner,0,1,0,clicked_only,0.5,
216,C1,2026-04-14,Overdue invoice,E0216,Operations,under_1y,just_in_time_tip,0,1,0,clicked_only,3.7,
217,C1,2026-04-14,Overdue invoice,E0217,Engineering,1_to_3y,none,0,0,0,no_action,,
218,C1,2026-04-14,Overdue invoice,E0218,Engineering,over_3y,social_norm,0,0,0,no_action,,
219,C1,2026-04-14,Overdue invoice,E0219,Finance,under_1y,none,0,0,0,no_action,,
220,C1,2026-04-14,Overdue invoice,E0220,HR,over_3y,easy_report_prompt,0,1,0,clicked_only,37.5,
221,C1,2026-04-14,Overdue invoice,E0221,Operations,under_1y,easy_report_prompt,0,0,1,reported_only,,202.6
222,C1,2026-04-14,Overdue invoice,E0222,Sales,1_to_3y,loss_framing,0,0,0,no_action,,
223,C1,2026-04-14,Overdue invoice,E0223,Sales,over_3y,loss_framing,0,0,0,no_action,,
224,C1,2026-04-14,Overdue invoice,E0224,Marketing,1_to_3y,loss_framing,0,0,1,reported_only,,10.9
225,C1,2026-04-14,Overdue invoice,E0225,Engineering,over_3y,loss_framing,0,0,0,no_action,,
226,C1,2026-04-14,Overdue invoice,E0226,Engineering,over_3y,social_norm,0,0,1,reported_only,,25.6
227,C1,2026-04-14,Overdue invoice,E0227,IT & Security,over_3y,warning_banner,0,0,1,reported_only,,5.7
228,C1,2026-04-14,Overdue invoice,E0228,Engineering,1_to_3y,none,0,1,0,clicked_only,11.3,
229,C1,2026-04-14,Overdue invoice,E0229,Operations,under_1y,loss_framing,0,0,0,no_action,,
230,C1,2026-04-14,Overdue invoice,E0230,Customer Support,1_to_3y,easy_report_prompt,0,0,0,no_action,,
231,C1,2026-04-14,Overdue invoice,E0231,IT & Security,under_1y,loss_framing,0,0,0,no_action,,
232,C1,2026-04-14,Overdue invoice,E0232,Executive Office,over_3y,social_norm,0,0,0,no_action,,
233,C1,2026-04-14,Overdue invoice,E0233,Sales,over_3y,warning_banner,0,0,0,no_action,,
234,C1,2026-04-14,Overdue invoice,E0234,Finance,1_to_3y,just_in_time_tip,0,0,0,no_action,,
235,C1,2026-04-14,Overdue invoice,E0235,Engineering,over_3y,none,0,0,0,no_action,,
236,C1,2026-04-14,Overdue invoice,E0236,IT & Security,over_3y,easy_report_prompt,0,0,1,reported_only,,7.9
237,C1,2026-04-14,Overdue invoice,E0237,Legal & Compliance,1_to_3y,loss_framing,0,0,0,no_action,,
238,C1,2026-04-14,Overdue invoice,E0238,HR,under_1y,warning_banner,0,0,0,no_action,,
239,C1,2026-04-14,Overdue invoice,E0239,Sales,1_to_3y,social_norm,0,1,0,clicked_only,7.9,
240,C1,2026-04-14,Overdue invoice,E0240,Engineering,1_to_3y,none,0,0,1,reported_only,,21.3
241,C1,2026-04-14,Overdue invoice,E0241,Operations,over_3y,loss_framing,0,0,0,no_action,,
242,C1,2026-04-14,Overdue invoice,E0242,Marketing,over_3y,easy_report_prompt,0,1,0,clicked_only,8.3,
243,C1,2026-04-14,Overdue invoice,E0243,Operations,under_1y,social_norm,0,1,0,clicked_only,1.3,
244,C1,2026-04-14,Overdue invoice,E0244,HR,over_3y,easy_report_prompt,0,0,0,no_action,,
245,C1,2026-04-14,Overdue invoice,E0245,Engineering,under_1y,none,0,1,0,clicked_only,19.9,
246,C1,2026-04-14,Overdue invoice,E0246,Engineering,1_to_3y,none,0,0,0,no_action,,
247,C1,2026-04-14,Overdue invoice,E0247,Engineering,under_1y,loss_framing,0,0,0,no_action,,
248,C1,2026-04-14,Overdue invoice,E0248,Sales,1_to_3y,social_norm,0,1,0,clicked_only,15.5,
249,C1,2026-04-14,Overdue invoice,E0249,Engineering,over_3y,social_norm,0,0,0,no_action,,
250,C1,2026-04-14,Overdue invoice,E0250,Sales,over_3y,social_norm,0,1,0,clicked_only,7.5,
251,C1,2026-04-14,Overdue invoice,E0251,Operations,1_to_3y,social_norm,0,1,0,clicked_only,37.8,
252,C1,2026-04-14,Overdue invoice,E0252,Sales,over_3y,loss_framing,0,1,0,clicked_only,11.6,
253,C1,2026-04-14,Overdue invoice,E0253,Legal & Compliance,over_3y,easy_report_prompt,0,0,0,no_action,,
254,C1,2026-04-14,Overdue invoice,E0254,Legal & Compliance,1_to_3y,loss_framing,0,0,0,no_action,,
255,C1,2026-04-14,Overdue invoice,E0255,Legal & Compliance,over_3y,loss_framing,0,0,1,reported_only,,98.9
256,C1,2026-04-14,Overdue invoice,E0256,Operations,over_3y,loss_framing,0,0,0,no_action,,
257,C1,2026-04-14,Overdue invoice,E0257,Engineering,under_1y,warning_banner,0,1,0,clicked_only,5.8,
258,C1,2026-04-14,Overdue invoice,E0258,Finance,1_to_3y,warning_banner,0,0,0,no_action,,
259,C1,2026-04-14,Overdue invoice,E0259,IT & Security,over_3y,just_in_time_tip,0,0,0,no_action,,
260,C1,2026-04-14,Overdue invoice,E0260,Finance,1_to_3y,loss_framing,0,0,0,no_action,,
261,C1,2026-04-14,Overdue invoice,E0261,Sales,1_to_3y,none,0,0,0,no_action,,
262,C1,2026-04-14,Overdue invoice,E0262,Finance,1_to_3y,easy_report_prompt,0,0,0,no_action,,
263,C1,2026-04-14,Overdue invoice,E0263,Engineering,over_3y,none,0,1,0,clicked_only,2.5,
264,C1,2026-04-14,Overdue invoice,E0264,Engineering,over_3y,easy_report_prompt,0,0,0,no_action,,
265,C1,2026-04-14,Overdue invoice,E0265,Operations,under_1y,warning_banner,0,0,0,no_action,,
266,C1,2026-04-14,Overdue invoice,E0266,Finance,over_3y,none,0,0,0,no_action,,
267,C1,2026-04-14,Overdue invoice,E0267,IT & Security,over_3y,none,0,0,0,no_action,,
268,C1,2026-04-14,Overdue invoice,E0268,Finance,1_to_3y,just_in_time_tip,0,0,0,no_action,,
269,C1,2026-04-14,Overdue invoice,E0269,HR,1_to_3y,social_norm,0,1,0,clicked_only,15.2,
270,C1,2026-04-14,Overdue invoice,E0270,Customer Support,1_to_3y,social_norm,0,0,1,reported_only,,40.0
271,C1,2026-04-14,Overdue invoice,E0271,Finance,over_3y,none,0,0,0,no_action,,
272,C1,2026-04-14,Overdue invoice,E0272,Finance,1_to_3y,easy_report_prompt,0,1,0,clicked_only,0.7,
273,C1,2026-04-14,Overdue invoice,E0273,Sales,over_3y,easy_report_prompt,0,0,1,reported_only,,7.7
274,C1,2026-04-14,Overdue invoice,E0274,Operations,over_3y,just_in_time_tip,0,0,0,no_action,,
275,C1,2026-04-14,Overdue invoice,E0275,Engineering,over_3y,easy_report_prompt,0,0,0,no_action,,
276,C1,2026-04-14,Overdue invoice,E0276,Customer Support,over_3y,warning_banner,0,1,0,clicked_only,5.2,
277,C1,2026-04-14,Overdue invoice,E0277,Engineering,under_1y,just_in_time_tip,0,0,0,no_action,,
278,C1,2026-04-14,Overdue invoice,E0278,Engineering,1_to_3y,none,0,0,1,reported_only,,73.1
279,C1,2026-04-14,Overdue invoice,E0279,Operations,1_to_3y,easy_report_prompt,0,0,1,reported_only,,81.8
280,C1,2026-04-14,Overdue invoice,E0280,IT & Security,under_1y,loss_framing,0,0,0,no_action,,
281,C1,2026-04-14,Overdue invoice,E0281,Engineering,1_to_3y,easy_report_prompt,0,0,0,no_action,,
282,C1,2026-04-14,Overdue invoice,E0282,Finance,1_to_3y,social_norm,0,0,1,reported_only,,41.5
283,C1,2026-04-14,Overdue invoice,E0283,Engineering,under_1y,easy_report_prompt,0,0,1,reported_only,,13.5
284,C1,2026-04-14,Overdue invoice,E0284,Operations,under_1y,loss_framing,0,0,0,no_action,,
285,C1,2026-04-14,Overdue invoice,E0285,Marketing,under_1y,social_norm,0,0,0,no_action,,
286,C1,2026-04-14,Overdue invoice,E0286,Marketing,under_1y,warning_banner,0,0,0,no_action,,
287,C1,2026-04-14,Overdue invoice,E0287,Engineering,over_3y,loss_framing,0,0,0,no_action,,
288,C1,2026-04-14,Overdue invoice,E0288,IT & Security,1_to_3y,just_in_time_tip,0,0,0,no_action,,
289,C1,2026-04-14,Overdue invoice,E0289,Customer Support,over_3y,just_in_time_tip,0,0,0,no_action,,
290,C1,2026-04-14,Overdue invoice,E0290,Legal & Compliance,under_1y,easy_report_prompt,0,0,0,no_action,,
291,C1,2026-04-14,Overdue invoice,E0291,Operations,over_3y,loss_framing,0,1,0,clicked_only,9.9,
292,C1,2026-04-14,Overdue invoice,E0292,Customer Support,1_to_3y,none,0,0,0,no_action,,
293,C1,2026-04-14,Overdue invoice,E0293,Engineering,over_3y,warning_banner,0,0,1,reported_only,,26.6
294,C1,2026-04-14,Overdue invoice,E0294,Sales,over_3y,loss_framing,0,0,0,no_action,,
295,C1,2026-04-14,Overdue invoice,E0295,IT & Security,1_to_3y,warning_banner,0,0,1,reported_only,,15.2
296,C1,2026-04-14,Overdue invoice,E0296,Sales,over_3y,just_in_time_tip,0,0,0,no_action,,
297,C1,2026-04-14,Overdue invoice,E0297,Marketing,under_1y,loss_framing,0,1,0,clicked_only,1.3,
298,C1,2026-04-14,Overdue invoice,E0298,Engineering,over_3y,easy_report_prompt,0,0,0,no_action,,
299,C1,2026-04-14,Overdue invoice,E0299,Marketing,1_to_3y,none,0,0,0,no_action,,
300,C1,2026-04-14,Overdue invoice,E0300,Sales,under_1y,just_in_time_tip,0,0,0,no_action,,
301,C1,2026-04-14,Overdue invoice,E0301,Operations,1_to_3y,none,0,0,0,no_action,,
302,C1,2026-04-14,Overdue invoice,E0302,Sales,under_1y,warning_banner,0,0,0,no_action,,
303,C1,2026-04-14,Overdue invoice,E0303,Customer Support,over_3y,easy_report_prompt,0,0,0,no_action,,
304,C1,2026-04-14,Overdue invoice,E0304,Sales,1_to_3y,none,0,0,0,no_action,,
305,C1,2026-04-14,Overdue invoice,E0305,Sales,1_to_3y,easy_report_prompt,0,0,0,no_action,,
306,C1,2026-04-14,Overdue invoice,E0306,Operations,over_3y,loss_framing,0,0,0,no_action,,
307,C1,2026-04-14,Overdue invoice,E0307,Sales,1_to_3y,warning_banner,0,0,0,no_action,,
308,C1,2026-04-14,Overdue invoice,E0308,Sales,over_3y,warning_banner,0,1,0,clicked_only,0.3,
309,C1,2026-04-14,Overdue invoice,E0309,IT & Security,over_3y,warning_banner,0,0,1,reported_only,,12.8
310,C1,2026-04-14,Overdue invoice,E0310,Engineering,over_3y,just_in_time_tip,0,0,0,no_action,,
311,C1,2026-04-14,Overdue invoice,E0311,Customer Support,under_1y,warning_banner,0,1,0,clicked_only,1.1,
312,C1,2026-04-14,Overdue invoice,E0312,Engineering,1_to_3y,easy_report_prompt,0,0,0,no_action,,
313,C1,2026-04-14,Overdue invoice,E0313,Operations,1_to_3y,social_norm,0,0,1,reported_only,,6.4
314,C1,2026-04-14,Overdue invoice,E0314,Marketing,over_3y,just_in_time_tip,0,0,0,no_action,,
315,C1,2026-04-14,Overdue invoice,E0315,Operations,under_1y,easy_report_prompt,0,1,0,clicked_only,10.1,
316,C1,2026-04-14,Overdue invoice,E0316,HR,under_1y,just_in_time_tip,0,0,0,no_action,,
317,C1,2026-04-14,Overdue invoice,E0317,Engineering,over_3y,none,0,0,0,no_action,,
318,C1,2026-04-14,Overdue invoice,E0318,Marketing,1_to_3y,social_norm,0,1,0,clicked_only,0.8,
319,C1,2026-04-14,Overdue invoice,E0319,Finance,1_to_3y,warning_banner,0,0,0,no_action,,
320,C1,2026-04-14,Overdue invoice,E0320,Operations,under_1y,just_in_time_tip,0,0,0,no_action,,
321,C1,2026-04-14,Overdue invoice,E0321,Marketing,under_1y,easy_report_prompt,0,1,0,clicked_only,2.7,
322,C1,2026-04-14,Overdue invoice,E0322,Sales,1_to_3y,social_norm,0,1,0,clicked_only,0.2,
323,C1,2026-04-14,Overdue invoice,E0323,Sales,1_to_3y,warning_banner,0,0,1,reported_only,,14.6
324,C1,2026-04-14,Overdue invoice,E0324,Sales,over_3y,social_norm,0,1,0,clicked_only,6.4,
325,C1,2026-04-14,Overdue invoice,E0325,HR,over_3y,warning_banner,0,0,0,no_action,,
326,C1,2026-04-14,Overdue invoice,E0326,Finance,1_to_3y,social_norm,0,0,1,reported_only,,42.1
327,C1,2026-04-14,Overdue invoice,E0327,Engineering,over_3y,easy_report_prompt,0,1,0,clicked_only,10.0,
328,C1,2026-04-14,Overdue invoice,E0328,Operations,under_1y,warning_banner,0,0,0,no_action,,
329,C1,2026-04-14,Overdue invoice,E0329,Marketing,over_3y,just_in_time_tip,0,0,0,no_action,,
330,C1,2026-04-14,Overdue invoice,E0330,Sales,1_to_3y,loss_framing,0,1,0,clicked_only,3.3,
331,C1,2026-04-14,Overdue invoice,E0331,IT & Security,over_3y,easy_report_prompt,0,0,0,no_action,,
332,C1,2026-04-14,Overdue invoice,E0332,HR,over_3y,warning_banner,0,0,0,no_action,,
333,C1,2026-04-14,Overdue invoice,E0333,Operations,over_3y,easy_report_prompt,0,0,1,reported_only,,1.8
334,C1,2026-04-14,Overdue invoice,E0334,Sales,1_to_3y,warning_banner,0,0,0,no_action,,
335,C1,2026-04-14,Overdue invoice,E0335,Engineering,under_1y,easy_report_prompt,0,0,0,no_action,,
336,C1,2026-04-14,Overdue invoice,E0336,Operations,under_1y,easy_report_prompt,0,1,0,clicked_only,2.8,
337,C1,2026-04-14,Overdue invoice,E0337,Engineering,1_to_3y,warning_banner,0,0,0,no_action,,
338,C1,2026-04-14,Overdue invoice,E0338,IT & Security,under_1y,warning_banner,0,0,1,reported_only,,4.9
339,C1,2026-04-14,Overdue invoice,E0339,Operations,1_to_3y,loss_framing,0,0,0,no_action,,
340,C1,2026-04-14,Overdue invoice,E0340,Sales,over_3y,easy_report_prompt,0,0,1,reported_only,,22.2
341,C1,2026-04-14,Overdue invoice,E0341,Operations,1_to_3y,warning_banner,0,0,1,reported_only,,19.1
342,C1,2026-04-14,Overdue invoice,E0342,Engineering,1_to_3y,social_norm,0,0,1,reported_only,,36.8
343,C1,2026-04-14,Overdue invoice,E0343,Operations,over_3y,loss_framing,0,1,0,clicked_only,26.1,
344,C1,2026-04-14,Overdue invoice,E0344,Engineering,over_3y,warning_banner,0,0,1,reported_only,,12.8
345,C1,2026-04-14,Overdue invoice,E0345,Operations,1_to_3y,warning_banner,0,0,0,no_action,,
346,C1,2026-04-14,Overdue invoice,E0346,Operations,1_to_3y,warning_banner,0,0,0,no_action,,
347,C1,2026-04-14,Overdue invoice,E0347,Operations,1_to_3y,social_norm,0,0,0,no_action,,
348,C1,2026-04-14,Overdue invoice,E0348,Customer Support,over_3y,just_in_time_tip,0,0,0,no_action,,
349,C1,2026-04-14,Overdue invoice,E0349,IT & Security,under_1y,just_in_time_tip,0,0,0,no_action,,
350,C1,2026-04-14,Overdue invoice,E0350,Engineering,over_3y,loss_framing,0,1,0,clicked_only,11.4,
351,C1,2026-04-14,Overdue invoice,E0351,Customer Support,under_1y,warning_banner,0,0,0,no_action,,
352,C1,2026-04-14,Overdue invoice,E0352,Engineering,1_to_3y,social_norm,0,0,0,no_action,,
353,C1,2026-04-14,Overdue invoice,E0353,Engineering,over_3y,easy_report_prompt,0,0,1,reported_only,,7.9
354,C1,2026-04-14,Overdue invoice,E0354,Operations,under_1y,social_norm,0,1,0,clicked_only,19.7,
355,C1,2026-04-14,Overdue invoice,E0355,Engineering,over_3y,easy_report_prompt,0,0,0,no_action,,
356,C1,2026-04-14,Overdue invoice,E0356,Operations,1_to_3y,warning_banner,0,0,0,no_action,,
357,C1,2026-04-14,Overdue invoice,E0357,Finance,1_to_3y,just_in_time_tip,0,0,1,reported_only,,1.5
358,C1,2026-04-14,Overdue invoice,E0358,Marketing,1_to_3y,none,0,1,0,clicked_only,7.1,
359,C1,2026-04-14,Overdue invoice,E0359,Operations,under_1y,just_in_time_tip,0,0,1,reported_only,,114.3
360,C1,2026-04-14,Overdue invoice,E0360,Engineering,1_to_3y,social_norm,0,0,0,no_action,,
361,C1,2026-04-14,Overdue invoice,E0361,HR,1_to_3y,none,0,1,0,clicked_only,1.4,
362,C1,2026-04-14,Overdue invoice,E0362,Finance,over_3y,social_norm,0,1,0,clicked_only,33.7,
363,C1,2026-04-14,Overdue invoice,E0363,Marketing,over_3y,warning_banner,0,0,0,no_action,,
364,C1,2026-04-14,Overdue invoice,E0364,Operations,over_3y,social_norm,0,0,0,no_action,,
365,C1,2026-04-14,Overdue invoice,E0365,Operations,1_to_3y,none,0,0,0,no_action,,
366,C1,2026-04-14,Overdue invoice,E0366,Operations,over_3y,social_norm,0,0,0,no_action,,
367,C1,2026-04-14,Overdue invoice,E0367,Sales,over_3y,easy_report_prompt,0,0,0,no_action,,
368,C1,2026-04-14,Overdue invoice,E0368,Engineering,1_to_3y,easy_report_prompt,0,0,1,reported_only,,1.8
369,C1,2026-04-14,Overdue invoice,E0369,Finance,under_1y,social_norm,0,1,0,clicked_only,7.8,
370,C1,2026-04-14,Overdue invoice,E0370,Customer Support,1_to_3y,just_in_time_tip,0,0,0,no_action,,
371,C1,2026-04-14,Overdue invoice,E0371,Sales,over_3y,warning_banner,0,0,0,no_action,,
372,C1,2026-04-14,Overdue invoice,E0372,Operations,1_to_3y,just_in_time_tip,0,0,1,reported_only,,4.2
373,C1,2026-04-14,Overdue invoice,E0373,IT & Security,under_1y,easy_report_prompt,0,0,1,reported_only,,24.1
374,C1,2026-04-14,Overdue invoice,E0374,Legal & Compliance,over_3y,social_norm,0,0,0,no_action,,
375,C1,2026-04-14,Overdue invoice,E0375,Finance,over_3y,easy_report_prompt,0,0,1,reported_only,,3.0
376,C1,2026-04-14,Overdue invoice,E0376,Customer Support,under_1y,warning_banner,0,0,0,no_action,,
377,C1,2026-04-14,Overdue invoice,E0377,Customer Support,over_3y,warning_banner,0,0,0,no_action,,
378,C1,2026-04-14,Overdue invoice,E0378,Engineering,1_to_3y,just_in_time_tip,0,0,1,reported_only,,26.6
379,C1,2026-04-14,Overdue invoice,E0379,Engineering,1_to_3y,social_norm,0,0,1,reported_only,,4.9
380,C1,2026-04-14,Overdue invoice,E0380,Sales,1_to_3y,none,0,0,0,no_action,,
381,C1,2026-04-14,Overdue invoice,E0381,Finance,1_to_3y,easy_report_prompt,0,1,1,clicked_and_reported,1.2,11.6
382,C1,2026-04-14,Overdue invoice,E0382,Operations,over_3y,social_norm,0,0,0,no_action,,
383,C1,2026-04-14,Overdue invoice,E0383,Customer Support,over_3y,just_in_time_tip,0,1,0,clicked_only,5.4,
384,C1,2026-04-14,Overdue invoice,E0384,Executive Office,1_to_3y,easy_report_prompt,0,0,0,no_action,,
385,C1,2026-04-14,Overdue invoice,E0385,Legal & Compliance,1_to_3y,loss_framing,0,0,0,no_action,,
386,C1,2026-04-14,Overdue invoice,E0386,Customer Support,under_1y,easy_report_prompt,0,0,0,no_action,,
387,C1,2026-04-14,Overdue invoice,E0387,Executive Office,1_to_3y,loss_framing,0,0,0,no_action,,
388,C1,2026-04-14,Overdue invoice,E0388,Finance,over_3y,social_norm,0,0,0,no_action,,
389,C1,2026-04-14,Overdue invoice,E0389,HR,1_to_3y,loss_framing,0,0,0,no_action,,
390,C1,2026-04-14,Overdue invoice,E0390,Finance,over_3y,social_norm,0,0,0,no_action,,
391,C1,2026-04-14,Overdue invoice,E0391,Customer Support,1_to_3y,social_norm,0,0,0,no_action,,
392,C1,2026-04-14,Overdue invoice,E0392,Engineering,over_3y,loss_framing,0,0,0,no_action,,
393,C1,2026-04-14,Overdue invoice,E0393,Sales,under_1y,loss_framing,0,0,0,no_action,,
394,C1,2026-04-14,Overdue invoice,E0394,Sales,under_1y,easy_report_prompt,0,0,0,no_action,,
395,C1,2026-04-14,Overdue invoice,E0395,Finance,1_to_3y,none,0,0,0,no_action,,
396,C1,2026-04-14,Overdue invoice,E0396,HR,over_3y,loss_framing,0,1,0,clicked_only,7.2,
397,C1,2026-04-14,Overdue invoice,E0397,HR,over_3y,warning_banner,0,0,0,no_action,,
398,C1,2026-04-14,Overdue invoice,E0398,IT & Security,1_to_3y,warning_banner,0,0,0,no_action,,
399,C1,2026-04-14,Overdue invoice,E0399,Finance,1_to_3y,social_norm,0,0,0,no_action,,
400,C1,2026-04-14,Overdue invoice,E0400,Customer Support,under_1y,just_in_time_tip,0,0,0,no_action,,
401,C1,2026-04-14,Overdue invoice,E0401,Executive Office,over_3y,social_norm,0,0,0,no_action,,
402,C1,2026-04-14,Overdue invoice,E0402,Sales,over_3y,loss_framing,0,0,0,no_action,,
403,C1,2026-04-14,Overdue invoice,E0403,Engineering,over_3y,just_in_time_tip,0,0,0,no_action,,
404,C1,2026-04-14,Overdue invoice,E0404,Sales,over_3y,easy_report_prompt,0,0,0,no_action,,
405,C1,2026-04-14,Overdue invoice,E0405,Engineering,1_to_3y,warning_banner,0,1,0,clicked_only,308.0,
406,C1,2026-04-14,Overdue invoice,E0406,Legal & Compliance,over_3y,easy_report_prompt,0,0,1,reported_only,,4.1
407,C1,2026-04-14,Overdue invoice,E0407,Finance,1_to_3y,warning_banner,0,1,0,clicked_only,36.8,
408,C1,2026-04-14,Overdue invoice,E0408,Operations,over_3y,warning_banner,0,0,0,no_action,,
409,C1,2026-04-14,Overdue invoice,E0409,Customer Support,1_to_3y,just_in_time_tip,0,0,0,no_action,,
410,C1,2026-04-14,Overdue invoice,E0410,Sales,over_3y,loss_framing,0,1,0,clicked_only,3.6,
411,C1,2026-04-14,Overdue invoice,E0411,HR,1_to_3y,none,0,0,1,reported_only,,27.0
412,C1,2026-04-14,Overdue invoice,E0412,IT & Security,1_to_3y,easy_report_prompt,0,0,1,reported_only,,3.2
413,C1,2026-04-14,Overdue invoice,E0413,Legal & Compliance,1_to_3y,warning_banner,0,0,1,reported_only,,54.8
414,C1,2026-04-14,Overdue invoice,E0414,Marketing,1_to_3y,just_in_time_tip,0,0,0,no_action,,
415,C1,2026-04-14,Overdue invoice,E0415,Engineering,under_1y,loss_framing,0,0,0,no_action,,
416,C1,2026-04-14,Overdue invoice,E0416,Sales,over_3y,loss_framing,0,1,0,clicked_only,29.7,
417,C1,2026-04-14,Overdue invoice,E0417,Engineering,over_3y,just_in_time_tip,0,0,0,no_action,,
418,C1,2026-04-14,Overdue invoice,E0418,Engineering,1_to_3y,warning_banner,0,0,0,no_action,,
419,C1,2026-04-14,Overdue invoice,E0419,Executive Office,over_3y,just_in_time_tip,0,0,0,no_action,,
420,C1,2026-04-14,Overdue invoice,E0420,Sales,over_3y,easy_report_prompt,0,0,0,no_action,,
421,C1,2026-04-14,Overdue invoice,E0421,HR,over_3y,none,0,1,0,clicked_only,5.3,
422,C1,2026-04-14,Overdue invoice,E0422,Customer Support,over_3y,warning_banner,0,0,0,no_action,,
423,C1,2026-04-14,Overdue invoice,E0423,Customer Support,over_3y,easy_report_prompt,0,1,0,clicked_only,58.0,
424,C1,2026-04-14,Overdue invoice,E0424,Sales,over_3y,social_norm,0,0,0,no_action,,
425,C1,2026-04-14,Overdue invoice,E0425,Engineering,over_3y,social_norm,0,0,1,reported_only,,2.0
426,C1,2026-04-14,Overdue invoice,E0426,Customer Support,over_3y,social_norm,0,1,0,clicked_only,57.2,
427,C1,2026-04-14,Overdue invoice,E0427,Operations,over_3y,loss_framing,0,0,0,no_action,,
428,C1,2026-04-14,Overdue invoice,E0428,Sales,1_to_3y,warning_banner,0,1,0,clicked_only,1.0,
429,C1,2026-04-14,Overdue invoice,E0429,Marketing,under_1y,loss_framing,0,1,0,clicked_only,3.7,
430,C1,2026-04-14,Overdue invoice,E0430,Sales,over_3y,easy_report_prompt,0,1,0,clicked_only,1.9,
431,C1,2026-04-14,Overdue invoice,E0431,Engineering,1_to_3y,just_in_time_tip,0,0,0,no_action,,
432,C1,2026-04-14,Overdue invoice,E0432,Finance,over_3y,loss_framing,0,0,0,no_action,,
433,C1,2026-04-14,Overdue invoice,E0433,Sales,over_3y,social_norm,0,0,0,no_action,,
434,C1,2026-04-14,Overdue invoice,E0434,Operations,over_3y,warning_banner,0,0,1,reported_only,,21.9
435,C1,2026-04-14,Overdue invoice,E0435,Executive Office,1_to_3y,warning_banner,0,0,0,no_action,,
436,C1,2026-04-14,Overdue invoice,E0436,Engineering,over_3y,just_in_time_tip,0,0,0,no_action,,
437,C1,2026-04-14,Overdue invoice,E0437,Customer Support,over_3y,loss_framing,0,1,0,clicked_only,2.9,
438,C1,2026-04-14,Overdue invoice,E0438,Finance,under_1y,social_norm,0,1,0,clicked_only,23.0,
439,C1,2026-04-14,Overdue invoice,E0439,Finance,over_3y,easy_report_prompt,0,1,0,clicked_only,14.5,
440,C1,2026-04-14,Overdue invoice,E0440,Customer Support,over_3y,loss_framing,0,0,0,no_action,,
441,C1,2026-04-14,Overdue invoice,E0441,Marketing,over_3y,warning_banner,0,1,0,clicked_only,5.8,
442,C1,2026-04-14,Overdue invoice,E0442,Customer Support,1_to_3y,none,0,0,0,no_action,,
443,C1,2026-04-14,Overdue invoice,E0443,Customer Support,over_3y,warning_banner,0,0,0,no_action,,
444,C1,2026-04-14,Overdue invoice,E0444,Customer Support,under_1y,social_norm,0,1,0,clicked_only,29.7,
445,C1,2026-04-14,Overdue invoice,E0445,Engineering,over_3y,warning_banner,0,0,0,no_action,,
446,C1,2026-04-14,Overdue invoice,E0446,IT & Security,over_3y,social_norm,0,0,0,no_action,,
447,C1,2026-04-14,Overdue invoice,E0447,Engineering,1_to_3y,warning_banner,0,0,0,no_action,,
448,C1,2026-04-14,Overdue invoice,E0448,Operations,under_1y,warning_banner,0,0,1,reported_only,,166.8
449,C1,2026-04-14,Overdue invoice,E0449,HR,over_3y,loss_framing,0,0,0,no_action,,
450,C1,2026-04-14,Overdue invoice,E0450,Operations,1_to_3y,easy_report_prompt,0,1,0,clicked_only,1.0,
451,C1,2026-04-14,Overdue invoice,E0451,Legal & Compliance,1_to_3y,social_norm,0,0,1,reported_only,,50.7
452,C1,2026-04-14,Overdue invoice,E0452,Finance,over_3y,just_in_time_tip,0,0,0,no_action,,
453,C1,2026-04-14,Overdue invoice,E0453,Operations,over_3y,warning_banner,0,0,0,no_action,,
454,C1,2026-04-14,Overdue invoice,E0454,Sales,over_3y,none,0,1,0,clicked_only,14.4,
455,C1,2026-04-14,Overdue invoice,E0455,Operations,over_3y,social_norm,0,0,0,no_action,,
456,C1,2026-04-14,Overdue invoice,E0456,Finance,under_1y,none,0,1,0,clicked_only,1.5,
457,C1,2026-04-14,Overdue invoice,E0457,Engineering,1_to_3y,loss_framing,0,0,1,reported_only,,28.2
458,C1,2026-04-14,Overdue invoice,E0458,Engineering,1_to_3y,easy_report_prompt,0,0,1,reported_only,,69.2
459,C1,2026-04-14,Overdue invoice,E0459,Legal & Compliance,1_to_3y,social_norm,0,0,1,reported_only,,25.6
460,C1,2026-04-14,Overdue invoice,E0460,Operations,under_1y,none,0,0,0,no_action,,
461,C1,2026-04-14,Overdue invoice,E0461,Engineering,1_to_3y,warning_banner,0,0,1,reported_only,,17.5
462,C1,2026-04-14,Overdue invoice,E0462,IT & Security,1_to_3y,easy_report_prompt,0,0,0,no_action,,
463,C1,2026-04-14,Overdue invoice,E0463,HR,under_1y,just_in_time_tip,0,1,0,clicked_only,11.9,
464,C1,2026-04-14,Overdue invoice,E0464,Sales,1_to_3y,none,0,0,0,no_action,,
465,C1,2026-04-14,Overdue invoice,E0465,Legal & Compliance,1_to_3y,none,0,1,0,clicked_only,86.1,
466,C1,2026-04-14,Overdue invoice,E0466,Sales,over_3y,social_norm,0,1,0,clicked_only,6.1,
467,C1,2026-04-14,Overdue invoice,E0467,Engineering,1_to_3y,social_norm,0,0,0,no_action,,
468,C1,2026-04-14,Overdue invoice,E0468,Sales,1_to_3y,none,0,0,0,no_action,,
469,C1,2026-04-14,Overdue invoice,E0469,IT & Security,under_1y,warning_banner,0,0,0,no_action,,
470,C1,2026-04-14,Overdue invoice,E0470,Engineering,1_to_3y,loss_framing,0,0,1,reported_only,,115.2
471,C1,2026-04-14,Overdue invoice,E0471,Legal & Compliance,1_to_3y,easy_report_prompt,0,0,0,no_action,,
472,C1,2026-04-14,Overdue invoice,E0472,Engineering,under_1y,just_in_time_tip,0,0,0,no_action,,
473,C1,2026-04-14,Overdue invoice,E0473,Engineering,1_to_3y,loss_framing,0,0,0,no_action,,
474,C1,2026-04-14,Overdue invoice,E0474,HR,1_to_3y,just_in_time_tip,0,0,0,no_action,,
475,C1,2026-04-14,Overdue invoice,E0475,Operations,1_to_3y,social_norm,0,0,0,no_action,,
476,C1,2026-04-14,Overdue invoice,E0476,Customer Support,1_to_3y,none,0,0,0,no_action,,
477,C1,2026-04-14,Overdue invoice,E0477,Marketing,over_3y,social_norm,0,0,1,reported_only,,34.3
478,C1,2026-04-14,Overdue invoice,E0478,IT & Security,1_to_3y,social_norm,0,0,0,no_action,,
479,C1,2026-04-14,Overdue invoice,E0479,Finance,1_to_3y,just_in_time_tip,0,0,0,no_action,,
480,C1,2026-04-14,Overdue invoice,E0480,IT & Security,over_3y,loss_framing,0,1,0,clicked_only,10.4,
481,C1,2026-04-14,Overdue invoice,E0481,IT & Security,over_3y,loss_framing,0,0,1,reported_only,,1.8
482,C1,2026-04-14,Overdue invoice,E0482,Sales,over_3y,warning_banner,0,1,0,clicked_only,8.0,
483,C1,2026-04-14,Overdue invoice,E0483,Marketing,1_to_3y,none,0,0,0,no_action,,
484,C1,2026-04-14,Overdue invoice,E0484,Sales,under_1y,none,0,0,0,no_action,,
485,C1,2026-04-14,Overdue invoice,E0485,Finance,over_3y,just_in_time_tip,0,0,0,no_action,,
486,C1,2026-04-14,Overdue invoice,E0486,IT & Security,over_3y,loss_framing,0,0,1,reported_only,,11.5
487,C1,2026-04-14,Overdue invoice,E0487,Legal & Compliance,over_3y,just_in_time_tip,0,0,0,no_action,,
488,C1,2026-04-14,Overdue invoice,E0488,Customer Support,under_1y,just_in_time_tip,0,0,0,no_action,,
489,C1,2026-04-14,Overdue invoice,E0489,Customer Support,under_1y,just_in_time_tip,0,0,0,no_action,,
490,C1,2026-04-14,Overdue invoice,E0490,Finance,over_3y,easy_report_prompt,0,0,0,no_action,,
491,C1,2026-04-14,Overdue invoice,E0491,Finance,1_to_3y,warning_banner,0,0,0,no_action,,
492,C1,2026-04-14,Overdue invoice,E0492,Sales,over_3y,social_norm,0,1,0,clicked_only,1.8,
493,C1,2026-04-14,Overdue invoice,E0493,Engineering,over_3y,warning_banner,0,0,1,reported_only,,21.3
494,C1,2026-04-14,Overdue invoice,E0494,Sales,1_to_3y,easy_report_prompt,0,1,0,clicked_only,0.2,
495,C1,2026-04-14,Overdue invoice,E0495,Finance,over_3y,social_norm,0,0,1,reported_only,,18.5
496,C1,2026-04-14,Overdue invoice,E0496,HR,1_to_3y,none,0,0,0,no_action,,
497,C1,2026-04-14,Overdue invoice,E0497,Engineering,over_3y,easy_report_prompt,0,1,0,clicked_only,1.5,
498,C1,2026-04-14,Overdue invoice,E0498,Finance,over_3y,easy_report_prompt,0,0,0,no_action,,
499,C1,2026-04-14,Overdue invoice,E0499,Sales,over_3y,warning_banner,0,0,1,reported_only,,7.0
500,C1,2026-04-14,Overdue invoice,E0500,Finance,1_to_3y,none,0,0,0,no_action,,
501,C1,2026-04-14,Overdue invoice,E0501,Operations,under_1y,easy_report_prompt,0,0,0,no_action,,
502,C1,2026-04-14,Overdue invoice,E0502,Engineering,1_to_3y,none,0,0,1,reported_only,,25.3
503,C1,2026-04-14,Overdue invoice,E0503,Engineering,over_3y,social_norm,0,0,0,no_action,,
504,C1,2026-04-14,Overdue invoice,E0504,IT & Security,over_3y,none,0,0,1,reported_only,,10.0
505,C1,2026-04-14,Overdue invoice,E0505,Engineering,1_to_3y,none,0,0,1,reported_only,,12.6
506,C1,2026-04-14,Overdue invoice,E0506,Finance,1_to_3y,easy_report_prompt,0,0,0,no_action,,
507,C1,2026-04-14,Overdue invoice,E0507,Sales,over_3y,just_in_time_tip,0,0,0,no_action,,
508,C1,2026-04-14,Overdue invoice,E0508,HR,1_to_3y,none,0,0,0,no_action,,
509,C1,2026-04-14,Overdue invoice,E0509,Marketing,over_3y,social_norm,0,0,0,no_action,,
510,C1,2026-04-14,Overdue invoice,E0510,IT & Security,over_3y,easy_report_prompt,0,0,0,no_action,,
511,C1,2026-04-14,Overdue invoice,E0511,HR,over_3y,warning_banner,0,0,0,no_action,,
512,C1,2026-04-14,Overdue invoice,E0512,Engineering,under_1y,easy_report_prompt,0,0,0,no_action,,
513,C1,2026-04-14,Overdue invoice,E0513,Operations,over_3y,easy_report_prompt,0,0,1,reported_only,,7.2
514,C1,2026-04-14,Overdue invoice,E0514,Engineering,under_1y,social_norm,0,0,0,no_action,,
515,C1,2026-04-14,Overdue invoice,E0515,Finance,1_to_3y,easy_report_prompt,0,0,1,reported_only,,12.1
516,C1,2026-04-14,Overdue invoice,E0516,Sales,over_3y,easy_report_prompt,0,1,0,clicked_only,2.3,
517,C1,2026-04-14,Overdue invoice,E0517,Executive Office,over_3y,social_norm,0,0,0,no_action,,
518,C1,2026-04-14,Overdue invoice,E0518,Operations,under_1y,just_in_time_tip,0,0,0,no_action,,
519,C1,2026-04-14,Overdue invoice,E0519,Finance,over_3y,loss_framing,0,0,0,no_action,,
520,C1,2026-04-14,Overdue invoice,E0520,Sales,1_to_3y,warning_banner,0,0,0,no_action,,
521,C1,2026-04-14,Overdue invoice,E0521,Marketing,over_3y,loss_framing,0,0,1,reported_only,,2.2
522,C1,2026-04-14,Overdue invoice,E0522,Engineering,over_3y,none,0,0,0,no_action,,
523,C1,2026-04-14,Overdue invoice,E0523,Executive Office,over_3y,loss_framing,0,0,1,reported_only,,38.1
524,C1,2026-04-14,Overdue invoice,E0524,Legal & Compliance,over_3y,just_in_time_tip,0,0,0,no_action,,
525,C1,2026-04-14,Overdue invoice,E0525,Engineering,under_1y,warning_banner,0,0,0,no_action,,
526,C1,2026-04-14,Overdue invoice,E0526,Engineering,1_to_3y,none,0,0,0,no_action,,
527,C1,2026-04-14,Overdue invoice,E0527,Marketing,under_1y,social_norm,0,1,1,clicked_and_reported,14.2,32.9
528,C1,2026-04-14,Overdue invoice,E0528,Executive Office,1_to_3y,warning_banner,0,0,0,no_action,,
529,C1,2026-04-14,Overdue invoice,E0529,Sales,1_to_3y,social_norm,0,0,0,no_action,,
530,C1,2026-04-14,Overdue invoice,E0530,Legal & Compliance,1_to_3y,warning_banner,0,0,0,no_action,,
531,C1,2026-04-14,Overdue invoice,E0531,Operations,1_to_3y,loss_framing,0,0,0,no_action,,
532,C1,2026-04-14,Overdue invoice,E0532,Operations,1_to_3y,loss_framing,0,1,0,clicked_only,1.9,
533,C1,2026-04-14,Overdue invoice,E0533,Engineering,over_3y,loss_framing,0,1,1,clicked_and_reported,14.4,16.2
534,C1,2026-04-14,Overdue invoice,E0534,Operations,under_1y,warning_banner,0,0,0,no_action,,
535,C1,2026-04-14,Overdue invoice,E0535,Engineering,1_to_3y,none,0,1,0,clicked_only,10.3,
536,C1,2026-04-14,Overdue invoice,E0536,Engineering,over_3y,easy_report_prompt,0,0,1,reported_only,,7.2
537,C1,2026-04-14,Overdue invoice,E0537,Sales,under_1y,warning_banner,0,1,0,clicked_only,3.1,
538,C1,2026-04-14,Overdue invoice,E0538,HR,1_to_3y,warning_banner,0,0,0,no_action,,
539,C1,2026-04-14,Overdue invoice,E0539,Operations,1_to_3y,social_norm,0,1,1,clicked_and_reported,13.7,15.6
540,C1,2026-04-14,Overdue invoice,E0540,Sales,over_3y,social_norm,0,0,0,no_action,,
541,C1,2026-04-14,Overdue invoice,E0541,IT & Security,under_1y,just_in_time_tip,0,1,0,clicked_only,5.2,
542,C1,2026-04-14,Overdue invoice,E0542,Operations,under_1y,just_in_time_tip,0,0,0,no_action,,
543,C1,2026-04-14,Overdue invoice,E0543,Customer Support,1_to_3y,loss_framing,0,1,0,clicked_only,28.7,
544,C1,2026-04-14,Overdue invoice,E0544,Customer Support,over_3y,social_norm,0,0,0,no_action,,
545,C1,2026-04-14,Overdue invoice,E0545,HR,over_3y,easy_report_prompt,0,0,0,no_action,,
546,C1,2026-04-14,Overdue invoice,E0546,Marketing,1_to_3y,loss_framing,0,1,0,clicked_only,0.3,
547,C1,2026-04-14,Overdue invoice,E0547,IT & Security,over_3y,easy_report_prompt,0,0,1,reported_only,,0.9
548,C1,2026-04-14,Overdue invoice,E0548,Customer Support,over_3y,just_in_time_tip,0,0,0,no_action,,
549,C1,2026-04-14,Overdue invoice,E0549,Sales,over_3y,loss_framing,0,0,0,no_action,,
550,C1,2026-04-14,Overdue invoice,E0550,Sales,over_3y,easy_report_prompt,0,0,0,no_action,,
551,C1,2026-04-14,Overdue invoice,E0551,Executive Office,over_3y,loss_framing,0,0,0,no_action,,
552,C1,2026-04-14,Overdue invoice,E0552,Operations,under_1y,none,0,0,0,no_action,,
553,C1,2026-04-14,Overdue invoice,E0553,Customer Support,over_3y,none,0,0,0,no_action,,
554,C1,2026-04-14,Overdue invoice,E0554,Legal & Compliance,over_3y,loss_framing,0,0,1,reported_only,,3.8
555,C1,2026-04-14,Overdue invoice,E0555,Marketing,under_1y,just_in_time_tip,0,0,0,no_action,,
556,C1,2026-04-14,Overdue invoice,E0556,IT & Security,under_1y,loss_framing,0,0,1,reported_only,,19.6
557,C1,2026-04-14,Overdue invoice,E0557,Engineering,under_1y,warning_banner,0,0,0,no_action,,
558,C1,2026-04-14,Overdue invoice,E0558,Customer Support,1_to_3y,just_in_time_tip,0,1,0,clicked_only,5.2,
559,C1,2026-04-14,Overdue invoice,E0559,IT & Security,under_1y,just_in_time_tip,0,0,1,reported_only,,11.8
560,C1,2026-04-14,Overdue invoice,E0560,Engineering,1_to_3y,warning_banner,0,1,0,clicked_only,1.0,
561,C1,2026-04-14,Overdue invoice,E0561,Finance,under_1y,none,0,0,0,no_action,,
562,C1,2026-04-14,Overdue invoice,E0562,Marketing,under_1y,loss_framing,0,0,0,no_action,,
563,C1,2026-04-14,Overdue invoice,E0563,Engineering,under_1y,social_norm,0,1,0,clicked_only,20.8,
564,C1,2026-04-14,Overdue invoice,E0564,Legal & Compliance,under_1y,easy_report_prompt,0,0,1,reported_only,,14.1
565,C1,2026-04-14,Overdue invoice,E0565,HR,over_3y,loss_framing,0,0,0,no_action,,
566,C1,2026-04-14,Overdue invoice,E0566,Engineering,over_3y,none,0,0,0,no_action,,
567,C1,2026-04-14,Overdue invoice,E0567,Customer Support,over_3y,warning_banner,0,1,0,clicked_only,45.3,
568,C1,2026-04-14,Overdue invoice,E0568,Engineering,over_3y,none,0,0,1,reported_only,,11.1
569,C1,2026-04-14,Overdue invoice,E0569,Operations,1_to_3y,easy_report_prompt,0,0,0,no_action,,
570,C1,2026-04-14,Overdue invoice,E0570,Operations,over_3y,loss_framing,0,0,0,no_action,,
571,C1,2026-04-14,Overdue invoice,E0571,Engineering,over_3y,none,0,0,1,reported_only,,32.6
572,C1,2026-04-14,Overdue invoice,E0572,Customer Support,1_to_3y,none,0,0,1,reported_only,,16.1
573,C1,2026-04-14,Overdue invoice,E0573,Customer Support,over_3y,social_norm,0,0,0,no_action,,
574,C1,2026-04-14,Overdue invoice,E0574,Operations,1_to_3y,easy_report_prompt,0,1,0,clicked_only,36.3,
575,C1,2026-04-14,Overdue invoice,E0575,Engineering,under_1y,just_in_time_tip,0,0,1,reported_only,,6.1
576,C1,2026-04-14,Overdue invoice,E0576,Customer Support,under_1y,just_in_time_tip,0,0,0,no_action,,
577,C1,2026-04-14,Overdue invoice,E0577,Operations,over_3y,none,0,0,0,no_action,,
578,C1,2026-04-14,Overdue invoice,E0578,Customer Support,1_to_3y,just_in_time_tip,0,0,0,no_action,,
579,C1,2026-04-14,Overdue invoice,E0579,Operations,over_3y,just_in_time_tip,0,0,0,no_action,,
580,C1,2026-04-14,Overdue invoice,E0580,Finance,1_to_3y,warning_banner,0,0,0,no_action,,
581,C1,2026-04-14,Overdue invoice,E0581,Sales,under_1y,loss_framing,0,0,0,no_action,,
582,C1,2026-04-14,Overdue invoice,E0582,Engineering,1_to_3y,just_in_time_tip,0,0,0,no_action,,
583,C1,2026-04-14,Overdue invoice,E0583,Customer Support,under_1y,loss_framing,0,0,0,no_action,,
584,C1,2026-04-14,Overdue invoice,E0584,Sales,over_3y,social_norm,0,0,0,no_action,,
585,C1,2026-04-14,Overdue invoice,E0585,IT & Security,1_to_3y,easy_report_prompt,0,0,0,no_action,,
586,C1,2026-04-14,Overdue invoice,E0586,Engineering,over_3y,just_in_time_tip,0,0,0,no_action,,
587,C1,2026-04-14,Overdue invoice,E0587,Engineering,under_1y,loss_framing,0,0,0,no_action,,
588,C1,2026-04-14,Overdue invoice,E0588,Engineering,under_1y,loss_framing,0,0,0,no_action,,
589,C1,2026-04-14,Overdue invoice,E0589,Customer Support,under_1y,loss_framing,0,0,0,no_action,,
590,C1,2026-04-14,Overdue invoice,E0590,Finance,over_3y,social_norm,0,1,0,clicked_only,67.5,
591,C1,2026-04-14,Overdue invoice,E0591,Finance,1_to_3y,easy_report_prompt,0,0,0,no_action,,
592,C1,2026-04-14,Overdue invoice,E0592,Operations,1_to_3y,none,0,0,1,reported_only,,101.6
593,C1,2026-04-14,Overdue invoice,E0593,Customer Support,1_to_3y,loss_framing,0,0,0,no_action,,
594,C1,2026-04-14,Overdue invoice,E0594,Executive Office,under_1y,just_in_time_tip,0,0,0,no_action,,
595,C1,2026-04-14,Overdue invoice,E0595,Sales,under_1y,loss_framing,0,1,1,clicked_and_reported,8.0,25.0
596,C1,2026-04-14,Overdue invoice,E0596,Operations,1_to_3y,none,0,0,0,no_action,,
597,C1,2026-04-14,Overdue invoice,E0597,Operations,1_to_3y,none,0,1,0,clicked_only,1.9,
598,C1,2026-04-14,Overdue invoice,E0598,Engineering,over_3y,just_in_time_tip,0,0,0,no_action,,
599,C1,2026-04-14,Overdue invoice,E0599,Finance,over_3y,warning_banner,0,1,0,clicked_only,0.9,
600,C1,2026-04-14,Overdue invoice,E0600,IT & Security,over_3y,just_in_time_tip,0,0,0,no_action,,
601,C1,2026-04-14,Overdue invoice,E0601,Engineering,under_1y,warning_banner,0,0,0,no_action,,
602,C1,2026-04-14,Overdue invoice,E0602,Finance,1_to_3y,loss_framing,0,0,0,no_action,,
603,C1,2026-04-14,Overdue invoice,E0603,Operations,under_1y,warning_banner,0,0,0,no_action,,
604,C1,2026-04-14,Overdue invoice,E0604,Sales,over_3y,easy_report_prompt,0,0,0,no_action,,
605,C1,2026-04-14,Overdue invoice,E0605,Finance,1_to_3y,none,0,0,0,no_action,,
606,C1,2026-04-14,Overdue invoice,E0606,Engineering,1_to_3y,none,0,1,0,clicked_only,7.2,
607,C1,2026-04-14,Overdue invoice,E0607,Engineering,1_to_3y,none,0,0,0,no_action,,
608,C1,2026-04-14,Overdue invoice,E0608,Sales,under_1y,easy_report_prompt,0,0,0,no_action,,
609,C1,2026-04-14,Overdue invoice,E0609,Legal & Compliance,over_3y,social_norm,0,0,0,no_action,,
610,C1,2026-04-14,Overdue invoice,E0610,Customer Support,1_to_3y,social_norm,0,0,0,no_action,,
611,C1,2026-04-14,Overdue invoice,E0611,Engineering,1_to_3y,none,0,0,0,no_action,,
612,C1,2026-04-14,Overdue invoice,E0612,Executive Office,over_3y,easy_report_prompt,0,0,0,no_action,,
613,C1,2026-04-14,Overdue invoice,E0613,Customer Support,1_to_3y,warning_banner,0,0,0,no_action,,
614,C1,2026-04-14,Overdue invoice,E0614,HR,over_3y,social_norm,0,0,1,reported_only,,4.0
615,C1,2026-04-14,Overdue invoice,E0615,IT & Security,over_3y,just_in_time_tip,0,0,0,no_action,,
616,C1,2026-04-14,Overdue invoice,E0616,Operations,under_1y,just_in_time_tip,0,1,0,clicked_only,3.6,
617,C1,2026-04-14,Overdue invoice,E0617,Engineering,1_to_3y,warning_banner,0,0,0,no_action,,
618,C1,2026-04-14,Overdue invoice,E0618,Marketing,under_1y,just_in_time_tip,0,0,0,no_action,,
619,C1,2026-04-14,Overdue invoice,E0619,Marketing,1_to_3y,warning_banner,0,0,0,no_action,,
620,C1,2026-04-14,Overdue invoice,E0620,Sales,1_to_3y,just_in_time_tip,0,0,0,no_action,,
621,C1,2026-04-14,Overdue invoice,E0621,HR,over_3y,easy_report_prompt,0,0,0,no_action,,
622,C1,2026-04-14,Overdue invoice,E0622,Marketing,1_to_3y,easy_report_prompt,0,0,0,no_action,,
623,C1,2026-04-14,Overdue invoice,E0623,Sales,1_to_3y,social_norm,0,1,0,clicked_only,2.5,
624,C1,2026-04-14,Overdue invoice,E0624,Customer Support,1_to_3y,social_norm,0,0,0,no_action,,
625,C1,2026-04-14,Overdue invoice,E0625,Finance,over_3y,easy_report_prompt,0,0,0,no_action,,
626,C1,2026-04-14,Overdue invoice,E0626,IT & Security,over_3y,social_norm,0,0,1,reported_only,,1.9
627,C1,2026-04-14,Overdue invoice,E0627,IT & Security,under_1y,warning_banner,0,0,0,no_action,,
628,C1,2026-04-14,Overdue invoice,E0628,Sales,over_3y,social_norm,0,0,0,no_action,,
629,C1,2026-04-14,Overdue invoice,E0629,Customer Support,under_1y,easy_report_prompt,0,0,0,no_action,,
630,C1,2026-04-14,Overdue invoice,E0630,Finance,over_3y,loss_framing,0,0,0,no_action,,
631,C1,2026-04-14,Overdue invoice,E0631,IT & Security,under_1y,none,0,0,0,no_action,,
632,C1,2026-04-14,Overdue invoice,E0632,Operations,under_1y,none,0,1,0,clicked_only,22.1,
633,C1,2026-04-14,Overdue invoice,E0633,HR,over_3y,none,0,1,0,clicked_only,5.7,
634,C1,2026-04-14,Overdue invoice,E0634,Engineering,over_3y,social_norm,0,0,0,no_action,,
635,C1,2026-04-14,Overdue invoice,E0635,Sales,1_to_3y,warning_banner,0,0,0,no_action,,
636,C1,2026-04-14,Overdue invoice,E0636,Operations,under_1y,warning_banner,0,1,0,clicked_only,2.0,
637,C1,2026-04-14,Overdue invoice,E0637,Operations,1_to_3y,none,0,1,0,clicked_only,3.3,
638,C1,2026-04-14,Overdue invoice,E0638,Marketing,1_to_3y,warning_banner,0,1,0,clicked_only,7.9,
639,C1,2026-04-14,Overdue invoice,E0639,HR,1_to_3y,warning_banner,0,0,1,reported_only,,61.5
640,C1,2026-04-14,Overdue invoice,E0640,Customer Support,under_1y,social_norm,0,0,0,no_action,,
641,C1,2026-04-14,Overdue invoice,E0641,Engineering,1_to_3y,none,0,0,1,reported_only,,36.9
642,C1,2026-04-14,Overdue invoice,E0642,Operations,under_1y,none,0,0,0,no_action,,
643,C1,2026-04-14,Overdue invoice,E0643,Operations,under_1y,just_in_time_tip,0,0,0,no_action,,
644,C1,2026-04-14,Overdue invoice,E0644,Customer Support,over_3y,easy_report_prompt,0,0,0,no_action,,
645,C1,2026-04-14,Overdue invoice,E0645,Sales,over_3y,warning_banner,0,0,0,no_action,,
646,C1,2026-04-14,Overdue invoice,E0646,Finance,over_3y,loss_framing,0,0,0,no_action,,
647,C1,2026-04-14,Overdue invoice,E0647,Customer Support,over_3y,none,0,0,0,no_action,,
648,C1,2026-04-14,Overdue invoice,E0648,Executive Office,1_to_3y,none,0,0,0,no_action,,
649,C1,2026-04-14,Overdue invoice,E0649,Engineering,over_3y,social_norm,0,0,1,reported_only,,3.8
650,C1,2026-04-14,Overdue invoice,E0650,Sales,over_3y,warning_banner,0,0,0,no_action,,
651,C1,2026-04-14,Overdue invoice,E0651,Sales,over_3y,none,0,1,0,clicked_only,0.7,
652,C1,2026-04-14,Overdue invoice,E0652,Finance,1_to_3y,warning_banner,0,0,0,no_action,,
653,C1,2026-04-14,Overdue invoice,E0653,HR,over_3y,just_in_time_tip,0,0,0,no_action,,
654,C1,2026-04-14,Overdue invoice,E0654,Executive Office,over_3y,loss_framing,0,0,0,no_action,,
655,C1,2026-04-14,Overdue invoice,E0655,HR,under_1y,just_in_time_tip,0,0,0,no_action,,
656,C1,2026-04-14,Overdue invoice,E0656,Engineering,1_to_3y,none,0,0,0,no_action,,
657,C1,2026-04-14,Overdue invoice,E0657,Engineering,1_to_3y,none,0,0,0,no_action,,
658,C1,2026-04-14,Overdue invoice,E0658,Engineering,under_1y,warning_banner,0,1,0,clicked_only,0.6,
659,C1,2026-04-14,Overdue invoice,E0659,Sales,1_to_3y,easy_report_prompt,0,0,0,no_action,,
660,C1,2026-04-14,Overdue invoice,E0660,Operations,over_3y,social_norm,0,0,0,no_action,,
661,C1,2026-04-14,Overdue invoice,E0661,Finance,under_1y,just_in_time_tip,0,0,0,no_action,,
662,C1,2026-04-14,Overdue invoice,E0662,Sales,1_to_3y,none,0,0,0,no_action,,
663,C1,2026-04-14,Overdue invoice,E0663,IT & Security,1_to_3y,just_in_time_tip,0,0,1,reported_only,,7.8
664,C1,2026-04-14,Overdue invoice,E0664,IT & Security,1_to_3y,social_norm,0,0,0,no_action,,
665,C1,2026-04-14,Overdue invoice,E0665,Engineering,over_3y,warning_banner,0,0,0,no_action,,
666,C1,2026-04-14,Overdue invoice,E0666,Operations,1_to_3y,just_in_time_tip,0,0,0,no_action,,
667,C1,2026-04-14,Overdue invoice,E0667,Customer Support,1_to_3y,none,0,0,0,no_action,,
668,C1,2026-04-14,Overdue invoice,E0668,Sales,over_3y,none,0,1,0,clicked_only,2.0,
669,C1,2026-04-14,Overdue invoice,E0669,Finance,over_3y,loss_framing,0,0,1,reported_only,,8.7
670,C1,2026-04-14,Overdue invoice,E0670,IT & Security,under_1y,none,0,0,0,no_action,,
671,C1,2026-04-14,Overdue invoice,E0671,Operations,1_to_3y,social_norm,0,1,0,clicked_only,2.0,
672,C1,2026-04-14,Overdue invoice,E0672,Operations,1_to_3y,just_in_time_tip,0,0,0,no_action,,
673,C1,2026-04-14,Overdue invoice,E0673,Engineering,1_to_3y,loss_framing,0,0,1,reported_only,,23.6
674,C1,2026-04-14,Overdue invoice,E0674,Engineering,1_to_3y,warning_banner,0,0,0,no_action,,
675,C1,2026-04-14,Overdue invoice,E0675,Engineering,over_3y,just_in_time_tip,0,0,0,no_action,,
676,C1,2026-04-14,Overdue invoice,E0676,Customer Support,1_to_3y,warning_banner,0,0,0,no_action,,
677,C1,2026-04-14,Overdue invoice,E0677,Engineering,under_1y,loss_framing,0,0,0,no_action,,
678,C1,2026-04-14,Overdue invoice,E0678,Finance,under_1y,just_in_time_tip,0,0,0,no_action,,
679,C1,2026-04-14,Overdue invoice,E0679,Sales,1_to_3y,just_in_time_tip,0,0,0,no_action,,
680,C1,2026-04-14,Overdue invoice,E0680,IT & Security,over_3y,social_norm,0,0,0,no_action,,
681,C1,2026-04-14,Overdue invoice,E0681,Customer Support,under_1y,easy_report_prompt,0,1,0,clicked_only,2.0,
682,C1,2026-04-14,Overdue invoice,E0682,Customer Support,under_1y,social_norm,0,0,0,no_action,,
683,C1,2026-04-14,Overdue invoice,E0683,Operations,over_3y,warning_banner,0,0,0,no_action,,
684,C1,2026-04-14,Overdue invoice,E0684,Marketing,under_1y,easy_report_prompt,0,0,0,no_action,,
685,C1,2026-04-14,Overdue invoice,E0685,Engineering,over_3y,just_in_time_tip,0,0,1,reported_only,,41.1
686,C1,2026-04-14,Overdue invoice,E0686,Marketing,under_1y,loss_framing,0,0,0,no_action,,
687,C1,2026-04-14,Overdue invoice,E0687,Marketing,over_3y,easy_report_prompt,0,0,0,no_action,,
688,C1,2026-04-14,Overdue invoice,E0688,Sales,1_to_3y,none,0,0,0,no_action,,
689,C1,2026-04-14,Overdue invoice,E0689,Operations,under_1y,warning_banner,0,0,0,no_action,,
690,C1,2026-04-14,Overdue invoice,E0690,Customer Support,over_3y,none,0,0,1,reported_only,,6.0
691,C1,2026-04-14,Overdue invoice,E0691,HR,under_1y,none,0,0,0,no_action,,
692,C1,2026-04-14,Overdue invoice,E0692,IT & Security,over_3y,social_norm,0,0,0,no_action,,
693,C1,2026-04-14,Overdue invoice,E0693,Engineering,over_3y,social_norm,0,0,0,no_action,,
694,C1,2026-04-14,Overdue invoice,E0694,Sales,under_1y,easy_report_prompt,0,1,0,clicked_only,3.0,
695,C1,2026-04-14,Overdue invoice,E0695,Engineering,1_to_3y,social_norm,0,0,0,no_action,,
696,C1,2026-04-14,Overdue invoice,E0696,Operations,over_3y,easy_report_prompt,0,0,0,no_action,,
697,C1,2026-04-14,Overdue invoice,E0697,Finance,1_to_3y,just_in_time_tip,0,0,0,no_action,,
698,C1,2026-04-14,Overdue invoice,E0698,Sales,1_to_3y,just_in_time_tip,0,1,0,clicked_only,2.3,
699,C1,2026-04-14,Overdue invoice,E0699,Sales,under_1y,warning_banner,0,0,0,no_action,,
700,C1,2026-04-14,Overdue invoice,E0700,Marketing,1_to_3y,none,0,0,1,reported_only,,16.8
701,C1,2026-04-14,Overdue invoice,E0701,Operations,1_to_3y,loss_framing,0,0,0,no_action,,
702,C1,2026-04-14,Overdue invoice,E0702,Marketing,over_3y,easy_report_prompt,0,1,0,clicked_only,8.1,
703,C1,2026-04-14,Overdue invoice,E0703,Marketing,over_3y,social_norm,0,0,1,reported_only,,2.9
704,C1,2026-04-14,Overdue invoice,E0704,Marketing,over_3y,warning_banner,0,0,0,no_action,,
705,C1,2026-04-14,Overdue invoice,E0705,Finance,over_3y,none,0,0,1,reported_only,,36.2
706,C1,2026-04-14,Overdue invoice,E0706,Sales,over_3y,warning_banner,0,0,1,reported_only,,40.0
707,C1,2026-04-14,Overdue invoice,E0707,Operations,under_1y,none,0,1,0,clicked_only,1.8,
708,C1,2026-04-14,Overdue invoice,E0708,Customer Support,over_3y,social_norm,0,0,0,no_action,,
709,C1,2026-04-14,Overdue invoice,E0709,Sales,1_to_3y,none,0,0,0,no_action,,
710,C1,2026-04-14,Overdue invoice,E0710,Engineering,1_to_3y,warning_banner,0,0,0,no_action,,
711,C1,2026-04-14,Overdue invoice,E0711,Operations,over_3y,easy_report_prompt,0,0,0,no_action,,
712,C1,2026-04-14,Overdue invoice,E0712,Finance,1_to_3y,easy_report_prompt,0,1,0,clicked_only,1.3,
713,C1,2026-04-14,Overdue invoice,E0713,Engineering,1_to_3y,easy_report_prompt,0,0,1,reported_only,,20.7
714,C1,2026-04-14,Overdue invoice,E0714,Marketing,under_1y,none,0,1,0,clicked_only,6.0,
715,C1,2026-04-14,Overdue invoice,E0715,Legal & Compliance,over_3y,loss_framing,0,0,0,no_action,,
716,C1,2026-04-14,Overdue invoice,E0716,IT & Security,over_3y,loss_framing,0,0,0,no_action,,
717,C1,2026-04-14,Overdue invoice,E0717,Engineering,over_3y,just_in_time_tip,0,0,0,no_action,,
718,C1,2026-04-14,Overdue invoice,E0718,Marketing,over_3y,easy_report_prompt,0,0,0,no_action,,
719,C1,2026-04-14,Overdue invoice,E0719,Marketing,under_1y,loss_framing,0,0,0,no_action,,
720,C1,2026-04-14,Overdue invoice,E0720,Engineering,1_to_3y,easy_report_prompt,0,0,0,no_action,,
721,C1,2026-04-14,Overdue invoice,E0721,Sales,1_to_3y,social_norm,0,0,0,no_action,,
722,C1,2026-04-14,Overdue invoice,E0722,Marketing,over_3y,just_in_time_tip,0,0,0,no_action,,
723,C1,2026-04-14,Overdue invoice,E0723,Engineering,under_1y,loss_framing,0,1,0,clicked_only,11.6,
724,C1,2026-04-14,Overdue invoice,E0724,IT & Security,under_1y,just_in_time_tip,0,0,0,no_action,,
725,C1,2026-04-14,Overdue invoice,E0725,Marketing,over_3y,social_norm,0,0,1,reported_only,,14.5
726,C1,2026-04-14,Overdue invoice,E0726,Operations,under_1y,easy_report_prompt,0,0,0,no_action,,
727,C1,2026-04-14,Overdue invoice,E0727,HR,over_3y,easy_report_prompt,0,0,1,reported_only,,1.9
728,C1,2026-04-14,Overdue invoice,E0728,Executive Office,1_to_3y,none,0,0,0,no_action,,
729,C1,2026-04-14,Overdue invoice,E0729,Marketing,over_3y,warning_banner,0,0,1,reported_only,,42.2
730,C1,2026-04-14,Overdue invoice,E0730,Marketing,under_1y,none,0,0,0,no_action,,
731,C1,2026-04-14,Overdue invoice,E0731,Marketing,over_3y,just_in_time_tip,0,1,0,clicked_only,3.9,
732,C1,2026-04-14,Overdue invoice,E0732,Operations,over_3y,none,0,0,0,no_action,,
733,C1,2026-04-14,Overdue invoice,E0733,Marketing,over_3y,loss_framing,0,0,0,no_action,,
734,C1,2026-04-14,Overdue invoice,E0734,Operations,1_to_3y,warning_banner,0,0,0,no_action,,
735,C1,2026-04-14,Overdue invoice,E0735,Customer Support,over_3y,loss_framing,0,0,0,no_action,,
736,C1,2026-04-14,Overdue invoice,E0736,Engineering,over_3y,social_norm,0,0,1,reported_only,,40.7
737,C1,2026-04-14,Overdue invoice,E0737,Customer Support,over_3y,none,0,0,0,no_action,,
738,C1,2026-04-14,Overdue invoice,E0738,Operations,1_to_3y,none,0,0,0,no_action,,
739,C1,2026-04-14,Overdue invoice,E0739,Sales,over_3y,easy_report_prompt,0,1,0,clicked_only,63.3,
740,C1,2026-04-14,Overdue invoice,E0740,Operations,over_3y,just_in_time_tip,0,0,0,no_action,,
741,C1,2026-04-14,Overdue invoice,E0741,Engineering,over_3y,easy_report_prompt,0,0,0,no_action,,
742,C1,2026-04-14,Overdue invoice,E0742,Sales,1_to_3y,social_norm,0,0,0,no_action,,
743,C1,2026-04-14,Overdue invoice,E0743,Engineering,over_3y,warning_banner,0,0,0,no_action,,
744,C1,2026-04-14,Overdue invoice,E0744,Sales,under_1y,just_in_time_tip,0,0,0,no_action,,
745,C1,2026-04-14,Overdue invoice,E0745,Sales,1_to_3y,none,0,0,0,no_action,,
746,C1,2026-04-14,Overdue invoice,E0746,Sales,over_3y,none,0,0,0,no_action,,
747,C1,2026-04-14,Overdue invoice,E0747,Engineering,over_3y,loss_framing,0,0,0,no_action,,
748,C1,2026-04-14,Overdue invoice,E0748,Finance,under_1y,loss_framing,0,1,0,clicked_only,129.9,
749,C1,2026-04-14,Overdue invoice,E0749,Engineering,1_to_3y,warning_banner,0,0,0,no_action,,
750,C1,2026-04-14,Overdue invoice,E0750,Operations,over_3y,social_norm,0,0,1,reported_only,,24.5
751,C1,2026-04-14,Overdue invoice,E0751,Operations,over_3y,warning_banner,0,0,0,no_action,,
752,C1,2026-04-14,Overdue invoice,E0752,Sales,1_to_3y,easy_report_prompt,0,0,0,no_action,,
753,C1,2026-04-14,Overdue invoice,E0753,Finance,1_to_3y,loss_framing,0,0,0,no_action,,
754,C1,2026-04-14,Overdue invoice,E0754,Engineering,1_to_3y,just_in_time_tip,0,0,0,no_action,,
755,C1,2026-04-14,Overdue invoice,E0755,Executive Office,under_1y,none,0,0,0,no_action,,
756,C1,2026-04-14,Overdue invoice,E0756,Operations,under_1y,loss_framing,0,0,1,reported_only,,11.0
757,C1,2026-04-14,Overdue invoice,E0757,Engineering,1_to_3y,loss_framing,0,0,0,no_action,,
758,C1,2026-04-14,Overdue invoice,E0758,Customer Support,over_3y,social_norm,0,1,0,clicked_only,2.0,
759,C1,2026-04-14,Overdue invoice,E0759,Engineering,1_to_3y,social_norm,0,0,1,reported_only,,19.4
760,C1,2026-04-14,Overdue invoice,E0760,Marketing,1_to_3y,none,0,1,0,clicked_only,1.1,
761,C1,2026-04-14,Overdue invoice,E0761,Executive Office,over_3y,easy_report_prompt,0,0,0,no_action,,
762,C1,2026-04-14,Overdue invoice,E0762,Sales,1_to_3y,social_norm,0,0,0,no_action,,
763,C1,2026-04-14,Overdue invoice,E0763,IT & Security,under_1y,easy_report_prompt,0,0,0,no_action,,
764,C1,2026-04-14,Overdue invoice,E0764,IT & Security,over_3y,loss_framing,0,0,1,reported_only,,7.1
765,C1,2026-04-14,Overdue invoice,E0765,Engineering,under_1y,just_in_time_tip,0,0,0,no_action,,
766,C1,2026-04-14,Overdue invoice,E0766,Operations,under_1y,social_norm,0,0,0,no_action,,
767,C1,2026-04-14,Overdue invoice,E0767,Marketing,over_3y,just_in_time_tip,0,0,0,no_action,,
768,C1,2026-04-14,Overdue invoice,E0768,IT & Security,1_to_3y,warning_banner,0,0,1,reported_only,,55.1
769,C1,2026-04-14,Overdue invoice,E0769,Engineering,over_3y,warning_banner,0,0,0,no_action,,
770,C1,2026-04-14,Overdue invoice,E0770,Operations,1_to_3y,just_in_time_tip,0,0,0,no_action,,
771,C1,2026-04-14,Overdue invoice,E0771,Operations,over_3y,easy_report_prompt,0,1,0,clicked_only,35.8,
772,C1,2026-04-14,Overdue invoice,E0772,Customer Support,under_1y,easy_report_prompt,0,0,0,no_action,,
773,C1,2026-04-14,Overdue invoice,E0773,Legal & Compliance,over_3y,loss_framing,0,0,0,no_action,,
774,C1,2026-04-14,Overdue invoice,E0774,Sales,over_3y,social_norm,0,0,0,no_action,,
775,C1,2026-04-14,Overdue invoice,E0775,Customer Support,over_3y,just_in_time_tip,0,0,0,no_action,,
776,C1,2026-04-14,Overdue invoice,E0776,Operations,under_1y,easy_report_prompt,0,0,0,no_action,,
777,C1,2026-04-14,Overdue invoice,E0777,IT & Security,1_to_3y,loss_framing,0,1,0,clicked_only,13.0,
778,C1,2026-04-14,Overdue invoice,E0778,Customer Support,under_1y,warning_banner,0,0,0,no_action,,
779,C1,2026-04-14,Overdue invoice,E0779,Marketing,over_3y,none,0,0,0,no_action,,
780,C1,2026-04-14,Overdue invoice,E0780,Engineering,1_to_3y,easy_report_prompt,0,0,0,no_action,,
781,C1,2026-04-14,Overdue invoice,E0781,Engineering,1_to_3y,loss_framing,0,1,0,clicked_only,5.9,
782,C1,2026-04-14,Overdue invoice,E0782,Finance,1_to_3y,loss_framing,0,0,0,no_action,,
783,C1,2026-04-14,Overdue invoice,E0783,Sales,over_3y,just_in_time_tip,0,1,0,clicked_only,7.8,
784,C1,2026-04-14,Overdue invoice,E0784,Operations,1_to_3y,warning_banner,0,0,0,no_action,,
785,C1,2026-04-14,Overdue invoice,E0785,Customer Support,under_1y,loss_framing,0,1,0,clicked_only,1.3,
786,C1,2026-04-14,Overdue invoice,E0786,Sales,1_to_3y,none,0,0,0,no_action,,
787,C1,2026-04-14,Overdue invoice,E0787,Customer Support,over_3y,just_in_time_tip,0,1,0,clicked_only,23.3,
788,C1,2026-04-14,Overdue invoice,E0788,Customer Support,1_to_3y,loss_framing,0,0,0,no_action,,
789,C1,2026-04-14,Overdue invoice,E0789,Customer Support,under_1y,social_norm,0,0,0,no_action,,
790,C1,2026-04-14,Overdue invoice,E0790,Engineering,1_to_3y,warning_banner,0,0,0,no_action,,
791,C1,2026-04-14,Overdue invoice,E0791,Finance,1_to_3y,just_in_time_tip,0,0,0,no_action,,
792,C1,2026-04-14,Overdue invoice,E0792,Sales,under_1y,just_in_time_tip,0,0,0,no_action,,
793,C1,2026-04-14,Overdue invoice,E0793,Operations,over_3y,warning_banner,0,0,0,no_action,,
794,C1,2026-04-14,Overdue invoice,E0794,Engineering,over_3y,just_in_time_tip,0,0,1,reported_only,,24.1
795,C1,2026-04-14,Overdue invoice,E0795,Marketing,under_1y,loss_framing,0,1,0,clicked_only,15.0,
796,C1,2026-04-14,Overdue invoice,E0796,Sales,over_3y,loss_framing,0,0,0,no_action,,
797,C1,2026-04-14,Overdue invoice,E0797,HR,1_to_3y,loss_framing,0,1,0,clicked_only,1.1,
798,C1,2026-04-14,Overdue invoice,E0798,Sales,1_to_3y,social_norm,0,0,0,no_action,,
799,C1,2026-04-14,Overdue invoice,E0799,Operations,1_to_3y,warning_banner,0,1,0,clicked_only,5.3,
800,C1,2026-04-14,Overdue invoice,E0800,IT & Security,under_1y,social_norm,0,0,0,no_action,,
801,C1,2026-04-14,Overdue invoice,E0801,Legal & Compliance,1_to_3y,social_norm,0,0,1,reported_only,,6.8
802,C1,2026-04-14,Overdue invoice,E0802,IT & Security,over_3y,easy_report_prompt,0,0,0,no_action,,
803,C1,2026-04-14,Overdue invoice,E0803,Marketing,1_to_3y,warning_banner,0,0,0,no_action,,
804,C1,2026-04-14,Overdue invoice,E0804,IT & Security,over_3y,none,0,0,1,reported_only,,10.7
805,C1,2026-04-14,Overdue invoice,E0805,Customer Support,1_to_3y,just_in_time_tip,0,0,0,no_action,,
806,C1,2026-04-14,Overdue invoice,E0806,Sales,1_to_3y,just_in_time_tip,0,0,0,no_action,,
807,C1,2026-04-14,Overdue invoice,E0807,Operations,1_to_3y,warning_banner,0,0,0,no_action,,
808,C1,2026-04-14,Overdue invoice,E0808,Engineering,over_3y,just_in_time_tip,0,0,0,no_action,,
809,C1,2026-04-14,Overdue invoice,E0809,HR,over_3y,none,0,1,0,clicked_only,1.9,
810,C1,2026-04-14,Overdue invoice,E0810,Marketing,1_to_3y,social_norm,0,0,0,no_action,,
811,C1,2026-04-14,Overdue invoice,E0811,Marketing,under_1y,just_in_time_tip,0,1,0,clicked_only,5.1,
812,C1,2026-04-14,Overdue invoice,E0812,Operations,1_to_3y,warning_banner,0,0,1,reported_only,,10.9
813,C1,2026-04-14,Overdue invoice,E0813,Operations,1_to_3y,loss_framing,0,0,0,no_action,,
814,C1,2026-04-14,Overdue invoice,E0814,IT & Security,under_1y,social_norm,0,1,0,clicked_only,12.0,
815,C1,2026-04-14,Overdue invoice,E0815,Customer Support,under_1y,loss_framing,0,0,0,no_action,,
816,C1,2026-04-14,Overdue invoice,E0816,Engineering,over_3y,warning_banner,0,0,0,no_action,,
817,C1,2026-04-14,Overdue invoice,E0817,Customer Support,1_to_3y,easy_report_prompt,0,1,0,clicked_only,14.0,
818,C1,2026-04-14,Overdue invoice,E0818,Finance,over_3y,social_norm,0,0,1,reported_only,,171.2
819,C1,2026-04-14,Overdue invoice,E0819,Customer Support,1_to_3y,social_norm,0,0,1,reported_only,,13.8
820,C1,2026-04-14,Overdue invoice,E0820,Operations,under_1y,loss_framing,0,1,0,clicked_only,0.8,
821,C1,2026-04-14,Overdue invoice,E0821,Finance,over_3y,warning_banner,0,0,1,reported_only,,4.5
822,C1,2026-04-14,Overdue invoice,E0822,Sales,under_1y,warning_banner,0,0,0,no_action,,
823,C1,2026-04-14,Overdue invoice,E0823,Finance,1_to_3y,easy_report_prompt,0,0,0,no_action,,
824,C1,2026-04-14,Overdue invoice,E0824,Sales,1_to_3y,none,0,0,1,reported_only,,1.6
825,C1,2026-04-14,Overdue invoice,E0825,Sales,under_1y,social_norm,0,1,1,clicked_and_reported,5.3,9.0
826,C1,2026-04-14,Overdue invoice,E0826,Operations,over_3y,social_norm,0,1,1,clicked_and_reported,15.5,28.1
827,C1,2026-04-14,Overdue invoice,E0827,Engineering,1_to_3y,loss_framing,0,0,1,reported_only,,27.5
828,C1,2026-04-14,Overdue invoice,E0828,Operations,over_3y,social_norm,0,0,0,no_action,,
829,C1,2026-04-14,Overdue invoice,E0829,Sales,1_to_3y,loss_framing,0,0,0,no_action,,
830,C1,2026-04-14,Overdue invoice,E0830,IT & Security,1_to_3y,social_norm,0,0,1,reported_only,,65.3
831,C1,2026-04-14,Overdue invoice,E0831,Customer Support,over_3y,easy_report_prompt,0,1,1,clicked_and_reported,3.0,26.5
832,C1,2026-04-14,Overdue invoice,E0832,Marketing,under_1y,easy_report_prompt,0,0,0,no_action,,
833,C1,2026-04-14,Overdue invoice,E0833,IT & Security,1_to_3y,just_in_time_tip,0,0,0,no_action,,
834,C1,2026-04-14,Overdue invoice,E0834,Sales,1_to_3y,easy_report_prompt,0,0,0,no_action,,
835,C1,2026-04-14,Overdue invoice,E0835,Engineering,under_1y,easy_report_prompt,0,1,0,clicked_only,1.5,
836,C1,2026-04-14,Overdue invoice,E0836,Marketing,1_to_3y,none,0,0,0,no_action,,
837,C1,2026-04-14,Overdue invoice,E0837,Sales,over_3y,loss_framing,0,0,0,no_action,,
838,C1,2026-04-14,Overdue invoice,E0838,IT & Security,over_3y,social_norm,0,0,0,no_action,,
839,C1,2026-04-14,Overdue invoice,E0839,Marketing,1_to_3y,easy_report_prompt,0,0,0,no_action,,
840,C1,2026-04-14,Overdue invoice,E0840,Sales,under_1y,just_in_time_tip,0,0,0,no_action,,
841,C1,2026-04-14,Overdue invoice,E0841,Customer Support,under_1y,loss_framing,0,0,0,no_action,,
842,C1,2026-04-14,Overdue invoice,E0842,Legal & Compliance,over_3y,warning_banner,0,0,0,no_action,,
843,C1,2026-04-14,Overdue invoice,E0843,Engineering,over_3y,just_in_time_tip,0,0,0,no_action,,
844,C1,2026-04-14,Overdue invoice,E0844,Customer Support,over_3y,none,0,0,0,no_action,,
845,C1,2026-04-14,Overdue invoice,E0845,Finance,1_to_3y,none,0,0,0,no_action,,
846,C1,2026-04-14,Overdue invoice,E0846,Customer Support,under_1y,social_norm,0,1,0,clicked_only,2.1,
847,C1,2026-04-14,Overdue invoice,E0847,Engineering,1_to_3y,easy_report_prompt,0,0,1,reported_only,,9.3
848,C1,2026-04-14,Overdue invoice,E0848,Customer Support,1_to_3y,easy_report_prompt,0,0,0,no_action,,
849,C1,2026-04-14,Overdue invoice,E0849,Finance,under_1y,loss_framing,0,0,1,reported_only,,54.3
850,C1,2026-04-14,Overdue invoice,E0850,Sales,1_to_3y,easy_report_prompt,0,0,1,reported_only,,1.6
851,C1,2026-04-14,Overdue invoice,E0851,Sales,over_3y,social_norm,0,0,0,no_action,,
852,C1,2026-04-14,Overdue invoice,E0852,Engineering,under_1y,social_norm,0,0,0,no_action,,
853,C1,2026-04-14,Overdue invoice,E0853,Operations,1_to_3y,social_norm,0,0,0,no_action,,
854,C1,2026-04-14,Overdue invoice,E0854,HR,1_to_3y,none,0,0,0,no_action,,
855,C1,2026-04-14,Overdue invoice,E0855,Sales,over_3y,just_in_time_tip,0,0,0,no_action,,
856,C1,2026-04-14,Overdue invoice,E0856,Customer Support,1_to_3y,social_norm,0,0,1,reported_only,,2.2
857,C1,2026-04-14,Overdue invoice,E0857,Marketing,over_3y,easy_report_prompt,0,1,0,clicked_only,8.8,
858,C1,2026-04-14,Overdue invoice,E0858,Engineering,1_to_3y,loss_framing,0,0,1,reported_only,,40.8
859,C1,2026-04-14,Overdue invoice,E0859,Customer Support,1_to_3y,easy_report_prompt,0,1,0,clicked_only,16.1,
860,C1,2026-04-14,Overdue invoice,E0860,Customer Support,under_1y,none,0,1,0,clicked_only,21.4,
861,C1,2026-04-14,Overdue invoice,E0861,HR,1_to_3y,loss_framing,0,0,0,no_action,,
862,C1,2026-04-14,Overdue invoice,E0862,Finance,over_3y,just_in_time_tip,0,0,1,reported_only,,36.4
863,C1,2026-04-14,Overdue invoice,E0863,Engineering,over_3y,just_in_time_tip,0,0,0,no_action,,
864,C1,2026-04-14,Overdue invoice,E0864,Operations,over_3y,just_in_time_tip,0,1,0,clicked_only,4.9,
865,C1,2026-04-14,Overdue invoice,E0865,Engineering,over_3y,none,0,0,0,no_action,,
866,C1,2026-04-14,Overdue invoice,E0866,Legal & Compliance,under_1y,none,0,0,0,no_action,,
867,C1,2026-04-14,Overdue invoice,E0867,Customer Support,over_3y,easy_report_prompt,0,1,0,clicked_only,9.8,
868,C1,2026-04-14,Overdue invoice,E0868,Sales,over_3y,warning_banner,0,1,0,clicked_only,0.9,
869,C1,2026-04-14,Overdue invoice,E0869,Customer Support,over_3y,warning_banner,0,1,0,clicked_only,1.8,
870,C1,2026-04-14,Overdue invoice,E0870,IT & Security,over_3y,none,0,1,0,clicked_only,3.8,
871,C1,2026-04-14,Overdue invoice,E0871,Sales,under_1y,easy_report_prompt,0,0,0,no_action,,
872,C1,2026-04-14,Overdue invoice,E0872,IT & Security,under_1y,just_in_time_tip,0,0,1,reported_only,,48.5
873,C1,2026-04-14,Overdue invoice,E0873,Marketing,over_3y,social_norm,0,0,0,no_action,,
874,C1,2026-04-14,Overdue invoice,E0874,Customer Support,1_to_3y,none,0,0,0,no_action,,
875,C1,2026-04-14,Overdue invoice,E0875,Sales,over_3y,just_in_time_tip,0,0,0,no_action,,
876,C1,2026-04-14,Overdue invoice,E0876,Finance,1_to_3y,easy_report_prompt,0,0,0,no_action,,
877,C1,2026-04-14,Overdue invoice,E0877,Customer Support,1_to_3y,easy_report_prompt,0,1,0,clicked_only,14.0,
878,C1,2026-04-14,Overdue invoice,E0878,Sales,over_3y,none,0,0,0,no_action,,
879,C1,2026-04-14,Overdue invoice,E0879,Operations,1_to_3y,none,0,0,0,no_action,,
880,C1,2026-04-14,Overdue invoice,E0880,Executive Office,under_1y,warning_banner,0,0,0,no_action,,
881,C1,2026-04-14,Overdue invoice,E0881,Marketing,1_to_3y,loss_framing,0,0,0,no_action,,
882,C1,2026-04-14,Overdue invoice,E0882,Operations,under_1y,easy_report_prompt,0,1,0,clicked_only,15.8,
883,C1,2026-04-14,Overdue invoice,E0883,Sales,over_3y,none,0,1,0,clicked_only,23.7,
884,C1,2026-04-14,Overdue invoice,E0884,Finance,over_3y,warning_banner,0,1,0,clicked_only,6.3,
885,C1,2026-04-14,Overdue invoice,E0885,IT & Security,under_1y,easy_report_prompt,0,0,1,reported_only,,2.8
886,C1,2026-04-14,Overdue invoice,E0886,Operations,1_to_3y,social_norm,0,0,1,reported_only,,11.7
887,C1,2026-04-14,Overdue invoice,E0887,Sales,over_3y,just_in_time_tip,0,1,0,clicked_only,0.6,
888,C1,2026-04-14,Overdue invoice,E0888,Customer Support,under_1y,easy_report_prompt,0,0,0,no_action,,
889,C1,2026-04-14,Overdue invoice,E0889,Operations,under_1y,loss_framing,0,0,1,reported_only,,21.5
890,C1,2026-04-14,Overdue invoice,E0890,Customer Support,under_1y,just_in_time_tip,0,0,0,no_action,,
891,C1,2026-04-14,Overdue invoice,E0891,Operations,over_3y,none,0,0,1,reported_only,,12.6
892,C1,2026-04-14,Overdue invoice,E0892,Executive Office,1_to_3y,just_in_time_tip,0,0,0,no_action,,
893,C1,2026-04-14,Overdue invoice,E0893,Finance,under_1y,social_norm,0,1,0,clicked_only,4.1,
894,C1,2026-04-14,Overdue invoice,E0894,Operations,under_1y,social_norm,0,0,0,no_action,,
895,C1,2026-04-14,Overdue invoice,E0895,Engineering,under_1y,just_in_time_tip,0,0,0,no_action,,
896,C1,2026-04-14,Overdue invoice,E0896,Marketing,1_to_3y,none,0,0,0,no_action,,
897,C1,2026-04-14,Overdue invoice,E0897,Sales,under_1y,social_norm,0,0,0,no_action,,
898,C1,2026-04-14,Overdue invoice,E0898,Executive Office,over_3y,social_norm,0,1,0,clicked_only,15.3,
899,C1,2026-04-14,Overdue invoice,E0899,IT & Security,over_3y,easy_report_prompt,0,0,1,reported_only,,1.6
900,C1,2026-04-14,Overdue invoice,E0900,Sales,over_3y,just_in_time_tip,0,0,1,reported_only,,70.5
901,C1,2026-04-14,Overdue invoice,E0901,Operations,1_to_3y,just_in_time_tip,0,0,0,no_action,,
902,C1,2026-04-14,Overdue invoice,E0902,HR,under_1y,just_in_time_tip,0,0,0,no_action,,
903,C1,2026-04-14,Overdue invoice,E0903,Engineering,1_to_3y,warning_banner,0,0,0,no_action,,
904,C1,2026-04-14,Overdue invoice,E0904,Operations,1_to_3y,loss_framing,0,1,0,clicked_only,3.3,
905,C1,2026-04-14,Overdue invoice,E0905,Customer Support,under_1y,warning_banner,0,0,0,no_action,,
906,C1,2026-04-14,Overdue invoice,E0906,Engineering,under_1y,just_in_time_tip,0,1,0,clicked_only,1.0,
907,C1,2026-04-14,Overdue invoice,E0907,Operations,over_3y,loss_framing,0,0,0,no_action,,
908,C1,2026-04-14,Overdue invoice,E0908,Operations,1_to_3y,social_norm,0,0,0,no_action,,
909,C1,2026-04-14,Overdue invoice,E0909,IT & Security,over_3y,easy_report_prompt,0,0,0,no_action,,
910,C1,2026-04-14,Overdue invoice,E0910,Operations,1_to_3y,easy_report_prompt,0,1,0,clicked_only,10.8,
911,C1,2026-04-14,Overdue invoice,E0911,IT & Security,1_to_3y,none,0,0,1,reported_only,,2.0
912,C1,2026-04-14,Overdue invoice,E0912,Operations,over_3y,none,0,0,0,no_action,,
913,C1,2026-04-14,Overdue invoice,E0913,Legal & Compliance,1_to_3y,warning_banner,0,0,1,reported_only,,20.3
914,C1,2026-04-14,Overdue invoice,E0914,Finance,1_to_3y,none,0,0,0,no_action,,
915,C1,2026-04-14,Overdue invoice,E0915,Engineering,over_3y,loss_framing,0,0,0,no_action,,
916,C1,2026-04-14,Overdue invoice,E0916,Executive Office,over_3y,none,0,1,0,clicked_only,17.1,
917,C1,2026-04-14,Overdue invoice,E0917,HR,over_3y,easy_report_prompt,0,0,0,no_action,,
918,C1,2026-04-14,Overdue invoice,E0918,Customer Support,over_3y,loss_framing,0,0,0,no_action,,
919,C1,2026-04-14,Overdue invoice,E0919,Operations,1_to_3y,warning_banner,0,0,0,no_action,,
920,C1,2026-04-14,Overdue invoice,E0920,Engineering,1_to_3y,loss_framing,0,0,0,no_action,,
921,C1,2026-04-14,Overdue invoice,E0921,Sales,over_3y,loss_framing,0,1,0,clicked_only,22.8,
922,C1,2026-04-14,Overdue invoice,E0922,Engineering,over_3y,loss_framing,0,0,0,no_action,,
923,C1,2026-04-14,Overdue invoice,E0923,Customer Support,under_1y,loss_framing,0,0,0,no_action,,
924,C1,2026-04-14,Overdue invoice,E0924,HR,over_3y,warning_banner,0,0,0,no_action,,
925,C1,2026-04-14,Overdue invoice,E0925,Customer Support,over_3y,easy_report_prompt,0,0,0,no_action,,
926,C1,2026-04-14,Overdue invoice,E0926,Customer Support,1_to_3y,just_in_time_tip,0,0,0,no_action,,
927,C1,2026-04-14,Overdue invoice,E0927,Sales,1_to_3y,social_norm,0,0,0,no_action,,
928,C1,2026-04-14,Overdue invoice,E0928,HR,1_to_3y,easy_report_prompt,0,1,1,clicked_and_reported,16.7,25.7
929,C1,2026-04-14,Overdue invoice,E0929,Finance,1_to_3y,loss_framing,0,1,0,clicked_only,50.4,
930,C1,2026-04-14,Overdue invoice,E0930,Sales,1_to_3y,none,0,1,0,clicked_only,42.9,
931,C1,2026-04-14,Overdue invoice,E0931,Sales,under_1y,easy_report_prompt,0,0,0,no_action,,
932,C1,2026-04-14,Overdue invoice,E0932,HR,over_3y,easy_report_prompt,0,0,0,no_action,,
933,C1,2026-04-14,Overdue invoice,E0933,Engineering,over_3y,none,0,0,0,no_action,,
934,C1,2026-04-14,Overdue invoice,E0934,Operations,over_3y,loss_framing,0,0,0,no_action,,
935,C1,2026-04-14,Overdue invoice,E0935,Finance,over_3y,social_norm,0,0,1,reported_only,,0.9
936,C1,2026-04-14,Overdue invoice,E0936,Marketing,1_to_3y,just_in_time_tip,0,0,0,no_action,,
937,C1,2026-04-14,Overdue invoice,E0937,Sales,over_3y,loss_framing,0,0,0,no_action,,
938,C1,2026-04-14,Overdue invoice,E0938,Finance,1_to_3y,social_norm,0,0,0,no_action,,
939,C1,2026-04-14,Overdue invoice,E0939,Finance,over_3y,social_norm,0,0,1,reported_only,,23.4
940,C1,2026-04-14,Overdue invoice,E0940,Operations,1_to_3y,loss_framing,0,1,0,clicked_only,7.5,
941,C1,2026-04-14,Overdue invoice,E0941,Finance,1_to_3y,social_norm,0,0,0,no_action,,
942,C1,2026-04-14,Overdue invoice,E0942,Sales,over_3y,just_in_time_tip,0,0,0,no_action,,
943,C1,2026-04-14,Overdue invoice,E0943,Operations,1_to_3y,just_in_time_tip,0,0,0,no_action,,
944,C1,2026-04-14,Overdue invoice,E0944,Sales,1_to_3y,none,0,0,0,no_action,,
945,C1,2026-04-14,Overdue invoice,E0945,Engineering,1_to_3y,just_in_time_tip,0,0,0,no_action,,
946,C1,2026-04-14,Overdue invoice,E0946,Customer Support,under_1y,none,0,0,0,no_action,,
947,C1,2026-04-14,Overdue invoice,E0947,HR,1_to_3y,just_in_time_tip,0,0,0,no_action,,
948,C1,2026-04-14,Overdue invoice,E0948,Operations,1_to_3y,loss_framing,0,0,0,no_action,,
949,C1,2026-04-14,Overdue invoice,E0949,IT & Security,1_to_3y,social_norm,0,0,0,no_action,,
950,C1,2026-04-14,Overdue invoice,E0950,Finance,1_to_3y,warning_banner,0,1,0,clicked_only,9.5,
951,C1,2026-04-14,Overdue invoice,E0951,Engineering,under_1y,warning_banner,0,0,0,no_action,,
952,C1,2026-04-14,Overdue invoice,E0952,Customer Support,1_to_3y,easy_report_prompt,0,0,0,no_action,,
953,C1,2026-04-14,Overdue invoice,E0953,Operations,over_3y,social_norm,0,1,0,clicked_only,1.4,
954,C1,2026-04-14,Overdue invoice,E0954,IT & Security,1_to_3y,warning_banner,0,0,0,no_action,,
955,C1,2026-04-14,Overdue invoice,E0955,Finance,under_1y,warning_banner,0,0,0,no_action,,
956,C1,2026-04-14,Overdue invoice,E0956,Operations,under_1y,loss_framing,0,0,0,no_action,,
957,C1,2026-04-14,Overdue invoice,E0957,Engineering,1_to_3y,social_norm,0,0,0,no_action,,
958,C1,2026-04-14,Overdue invoice,E0958,Operations,1_to_3y,just_in_time_tip,0,0,0,no_action,,
959,C1,2026-04-14,Overdue invoice,E0959,Finance,1_to_3y,social_norm,0,0,0,no_action,,
960,C1,2026-04-14,Overdue invoice,E0960,Operations,1_to_3y,easy_report_prompt,0,1,0,clicked_only,13.0,
961,C1,2026-04-14,Overdue invoice,E0961,HR,1_to_3y,warning_banner,0,0,1,reported_only,,65.0
962,C1,2026-04-14,Overdue invoice,E0962,Sales,1_to_3y,just_in_time_tip,0,0,0,no_action,,
963,C1,2026-04-14,Overdue invoice,E0963,Finance,1_to_3y,loss_framing,0,0,1,reported_only,,53.0
964,C1,2026-04-14,Overdue invoice,E0964,Engineering,over_3y,none,0,0,0,no_action,,
965,C1,2026-04-14,Overdue invoice,E0965,IT & Security,under_1y,none,0,0,0,no_action,,
966,C1,2026-04-14,Overdue invoice,E0966,Marketing,over_3y,social_norm,0,0,1,reported_only,,2.2
967,C1,2026-04-14,Overdue invoice,E0967,Operations,over_3y,social_norm,0,0,0,no_action,,
968,C1,2026-04-14,Overdue invoice,E0968,Sales,1_to_3y,loss_framing,0,1,0,clicked_only,22.5,
969,C1,2026-04-14,Overdue invoice,E0969,IT & Security,under_1y,just_in_time_tip,0,0,1,reported_only,,165.6
970,C1,2026-04-14,Overdue invoice,E0970,Customer Support,over_3y,easy_report_prompt,0,1,0,clicked_only,4.3,
971,C1,2026-04-14,Overdue invoice,E0971,Sales,over_3y,warning_banner,0,1,0,clicked_only,14.6,
972,C1,2026-04-14,Overdue invoice,E0972,Customer Support,over_3y,warning_banner,0,0,0,no_action,,
973,C1,2026-04-14,Overdue invoice,E0973,IT & Security,under_1y,loss_framing,0,0,1,reported_only,,87.6
974,C1,2026-04-14,Overdue invoice,E0974,Sales,1_to_3y,none,0,1,0,clicked_only,7.1,
975,C1,2026-04-14,Overdue invoice,E0975,IT & Security,1_to_3y,none,0,0,1,reported_only,,20.0
976,C1,2026-04-14,Overdue invoice,E0976,Customer Support,under_1y,social_norm,0,0,0,no_action,,
977,C1,2026-04-14,Overdue invoice,E0977,Operations,over_3y,easy_report_prompt,0,0,0,no_action,,
978,C1,2026-04-14,Overdue invoice,E0978,Customer Support,1_to_3y,loss_framing,0,0,0,no_action,,
979,C1,2026-04-14,Overdue invoice,E0979,Sales,over_3y,none,0,0,0,no_action,,
980,C1,2026-04-14,Overdue invoice,E0980,Operations,1_to_3y,just_in_time_tip,0,0,0,no_action,,
981,C1,2026-04-14,Overdue invoice,E0981,Customer Support,1_to_3y,loss_framing,0,1,0,clicked_only,11.8,
982,C1,2026-04-14,Overdue invoice,E0982,Sales,1_to_3y,loss_framing,0,1,0,clicked_only,2.4,
983,C1,2026-04-14,Overdue invoice,E0983,IT & Security,1_to_3y,loss_framing,0,0,1,reported_only,,3.2
984,C1,2026-04-14,Overdue invoice,E0984,HR,1_to_3y,social_norm,0,1,0,clicked_only,3.3,
985,C1,2026-04-14,Overdue invoice,E0985,Marketing,under_1y,social_norm,0,0,0,no_action,,
986,C1,2026-04-14,Overdue invoice,E0986,HR,over_3y,social_norm,0,0,0,no_action,,
987,C1,2026-04-14,Overdue invoice,E0987,IT & Security,over_3y,warning_banner,0,0,0,no_action,,
988,C1,2026-04-14,Overdue invoice,E0988,Engineering,over_3y,none,0,0,0,no_action,,
989,C1,2026-04-14,Overdue invoice,E0989,Customer Support,1_to_3y,just_in_time_tip,0,0,0,no_action,,
990,C1,2026-04-14,Overdue invoice,E0990,HR,1_to_3y,social_norm,0,0,0,no_action,,
991,C1,2026-04-14,Overdue invoice,E0991,Engineering,over_3y,social_norm,0,0,0,no_action,,
992,C1,2026-04-14,Overdue invoice,E0992,Marketing,over_3y,none,0,0,0,no_action,,
993,C1,2026-04-14,Overdue invoice,E0993,Sales,over_3y,none,0,1,0,clicked_only,122.5,
994,C1,2026-04-14,Overdue invoice,E0994,Sales,under_1y,just_in_time_tip,0,0,0,no_action,,
995,C1,2026-04-14,Overdue invoice,E0995,Sales,over_3y,easy_report_prompt,0,0,0,no_action,,
996,C1,2026-04-14,Overdue invoice,E0996,Executive Office,1_to_3y,loss_framing,0,1,0,clicked_only,4.0,
997,C1,2026-04-14,Overdue invoice,E0997,Marketing,under_1y,none,0,0,0,no_action,,
998,C1,2026-04-14,Overdue invoice,E0998,Sales,1_to_3y,loss_framing,0,0,0,no_action,,
999,C1,2026-04-14,Overdue invoice,E0999,Engineering,over_3y,none,0,0,0,no_action,,
1000,C1,2026-04-14,Overdue invoice,E1000,Operations,1_to_3y,warning_banner,0,0,0,no_action,,
1001,C1,2026-04-14,Overdue invoice,E1001,Sales,over_3y,just_in_time_tip,0,0,0,no_action,,
1002,C1,2026-04-14,Overdue invoice,E1002,Customer Support,1_to_3y,social_norm,0,0,0,no_action,,
1003,C1,2026-04-14,Overdue invoice,E1003,Sales,under_1y,loss_framing,0,1,0,clicked_only,6.6,
1004,C1,2026-04-14,Overdue invoice,E1004,Operations,over_3y,none,0,0,0,no_action,,
1005,C1,2026-04-14,Overdue invoice,E1005,IT & Security,1_to_3y,none,0,0,1,reported_only,,3.5
1006,C1,2026-04-14,Overdue invoice,E1006,Operations,under_1y,easy_report_prompt,0,0,0,no_action,,
1007,C1,2026-04-14,Overdue invoice,E1007,Sales,over_3y,loss_framing,0,1,0,clicked_only,11.7,
1008,C1,2026-04-14,Overdue invoice,E1008,HR,over_3y,social_norm,0,1,0,clicked_only,23.5,
1009,C1,2026-04-14,Overdue invoice,E1009,Engineering,1_to_3y,social_norm,0,1,0,clicked_only,23.9,
1010,C1,2026-04-14,Overdue invoice,E1010,Legal & Compliance,under_1y,none,0,0,0,no_action,,
1011,C1,2026-04-14,Overdue invoice,E1011,Customer Support,over_3y,none,0,0,1,reported_only,,5.0
1012,C1,2026-04-14,Overdue invoice,E1012,Sales,over_3y,social_norm,0,0,0,no_action,,
1013,C1,2026-04-14,Overdue invoice,E1013,Executive Office,under_1y,just_in_time_tip,0,1,0,clicked_only,15.1,
1014,C1,2026-04-14,Overdue invoice,E1014,Sales,over_3y,warning_banner,0,0,0,no_action,,
1015,C1,2026-04-14,Overdue invoice,E1015,Operations,1_to_3y,warning_banner,0,0,0,no_action,,
1016,C1,2026-04-14,Overdue invoice,E1016,Sales,over_3y,social_norm,0,1,0,clicked_only,41.0,
1017,C1,2026-04-14,Overdue invoice,E1017,IT & Security,over_3y,social_norm,0,0,1,reported_only,,11.6
1018,C1,2026-04-14,Overdue invoice,E1018,Engineering,under_1y,social_norm,0,1,0,clicked_only,2.5,
1019,C1,2026-04-14,Overdue invoice,E1019,HR,1_to_3y,none,0,0,0,no_action,,
1020,C1,2026-04-14,Overdue invoice,E1020,HR,over_3y,warning_banner,0,0,0,no_action,,
1021,C1,2026-04-14,Overdue invoice,E1021,Engineering,over_3y,just_in_time_tip,0,0,1,reported_only,,9.1
1022,C1,2026-04-14,Overdue invoice,E1022,Finance,over_3y,just_in_time_tip,0,0,0,no_action,,
1023,C1,2026-04-14,Overdue invoice,E1023,HR,over_3y,social_norm,0,0,0,no_action,,
1024,C1,2026-04-14,Overdue invoice,E1024,Engineering,over_3y,warning_banner,0,0,0,no_action,,
1025,C1,2026-04-14,Overdue invoice,E1025,Legal & Compliance,under_1y,just_in_time_tip,0,0,0,no_action,,
1026,C1,2026-04-14,Overdue invoice,E1026,Finance,over_3y,warning_banner,0,1,0,clicked_only,0.3,
1027,C1,2026-04-14,Overdue invoice,E1027,Operations,over_3y,just_in_time_tip,0,1,0,clicked_only,9.2,
1028,C1,2026-04-14,Overdue invoice,E1028,Finance,1_to_3y,loss_framing,0,0,0,no_action,,
1029,C1,2026-04-14,Overdue invoice,E1029,Sales,1_to_3y,social_norm,0,1,0,clicked_only,17.7,
1030,C1,2026-04-14,Overdue invoice,E1030,IT & Security,1_to_3y,warning_banner,0,1,0,clicked_only,14.5,
1031,C1,2026-04-14,Overdue invoice,E1031,Customer Support,under_1y,warning_banner,0,1,0,clicked_only,17.5,
1032,C1,2026-04-14,Overdue invoice,E1032,Sales,1_to_3y,easy_report_prompt,0,0,1,reported_only,,4.6
1033,C1,2026-04-14,Overdue invoice,E1033,Finance,under_1y,social_norm,0,1,0,clicked_only,5.7,
1034,C1,2026-04-14,Overdue invoice,E1034,Operations,over_3y,social_norm,0,1,0,clicked_only,2.8,
1035,C1,2026-04-14,Overdue invoice,E1035,Operations,over_3y,warning_banner,0,0,0,no_action,,
1036,C1,2026-04-14,Overdue invoice,E1036,IT & Security,under_1y,none,0,0,1,reported_only,,9.2
1037,C1,2026-04-14,Overdue invoice,E1037,Engineering,over_3y,just_in_time_tip,0,0,0,no_action,,
1038,C1,2026-04-14,Overdue invoice,E1038,Sales,1_to_3y,easy_report_prompt,0,0,1,reported_only,,11.9
1039,C1,2026-04-14,Overdue invoice,E1039,Customer Support,under_1y,none,0,0,0,no_action,,
1040,C1,2026-04-14,Overdue invoice,E1040,Operations,1_to_3y,warning_banner,0,1,0,clicked_only,3.0,
1041,C1,2026-04-14,Overdue invoice,E1041,Operations,1_to_3y,just_in_time_tip,0,0,0,no_action,,
1042,C1,2026-04-14,Overdue invoice,E1042,IT & Security,over_3y,social_norm,0,0,0,no_action,,
1043,C1,2026-04-14,Overdue invoice,E1043,HR,1_to_3y,loss_framing,0,0,1,reported_only,,20.6
1044,C1,2026-04-14,Overdue invoice,E1044,Marketing,under_1y,easy_report_prompt,0,1,0,clicked_only,4.0,
1045,C1,2026-04-14,Overdue invoice,E1045,IT & Security,under_1y,loss_framing,0,0,0,no_action,,
1046,C1,2026-04-14,Overdue invoice,E1046,Customer Support,over_3y,just_in_time_tip,0,1,1,clicked_and_reported,1.8,29.7
1047,C1,2026-04-14,Overdue invoice,E1047,Engineering,1_to_3y,just_in_time_tip,0,0,0,no_action,,
1048,C1,2026-04-14,Overdue invoice,E1048,Customer Support,over_3y,just_in_time_tip,0,1,0,clicked_only,0.7,
1049,C1,2026-04-14,Overdue invoice,E1049,Finance,under_1y,warning_banner,0,0,0,no_action,,
1050,C1,2026-04-14,Overdue invoice,E1050,Customer Support,1_to_3y,warning_banner,0,0,0,no_action,,
1051,C1,2026-04-14,Overdue invoice,E1051,HR,1_to_3y,just_in_time_tip,0,0,0,no_action,,
1052,C1,2026-04-14,Overdue invoice,E1052,Operations,under_1y,none,0,0,0,no_action,,
1053,C1,2026-04-14,Overdue invoice,E1053,Legal & Compliance,1_to_3y,none,0,0,0,no_action,,
1054,C1,2026-04-14,Overdue invoice,E1054,Engineering,1_to_3y,social_norm,0,0,1,reported_only,,16.6
1055,C1,2026-04-14,Overdue invoice,E1055,Engineering,1_to_3y,warning_banner,0,0,0,no_action,,
1056,C1,2026-04-14,Overdue invoice,E1056,IT & Security,1_to_3y,just_in_time_tip,0,0,1,reported_only,,17.7
1057,C1,2026-04-14,Overdue invoice,E1057,Engineering,1_to_3y,social_norm,0,0,0,no_action,,
1058,C1,2026-04-14,Overdue invoice,E1058,Sales,1_to_3y,warning_banner,0,1,0,clicked_only,1.0,
1059,C1,2026-04-14,Overdue invoice,E1059,Customer Support,1_to_3y,social_norm,0,1,0,clicked_only,9.4,
1060,C1,2026-04-14,Overdue invoice,E1060,Marketing,over_3y,easy_report_prompt,0,0,0,no_action,,
1061,C1,2026-04-14,Overdue invoice,E1061,Sales,over_3y,social_norm,0,0,0,no_action,,
1062,C1,2026-04-14,Overdue invoice,E1062,Engineering,1_to_3y,none,0,0,0,no_action,,
1063,C1,2026-04-14,Overdue invoice,E1063,Sales,under_1y,loss_framing,0,0,0,no_action,,
1064,C1,2026-04-14,Overdue invoice,E1064,Engineering,1_to_3y,loss_framing,0,0,0,no_action,,
1065,C1,2026-04-14,Overdue invoice,E1065,Finance,over_3y,none,0,0,0,no_action,,
1066,C1,2026-04-14,Overdue invoice,E1066,Sales,1_to_3y,warning_banner,0,0,0,no_action,,
1067,C1,2026-04-14,Overdue invoice,E1067,HR,over_3y,loss_framing,0,1,0,clicked_only,1.0,
1068,C1,2026-04-14,Overdue invoice,E1068,Operations,under_1y,none,0,0,0,no_action,,
1069,C1,2026-04-14,Overdue invoice,E1069,HR,under_1y,social_norm,0,1,0,clicked_only,7.6,
1070,C1,2026-04-14,Overdue invoice,E1070,Marketing,over_3y,just_in_time_tip,0,0,0,no_action,,
1071,C1,2026-04-14,Overdue invoice,E1071,Customer Support,over_3y,warning_banner,0,0,0,no_action,,
1072,C1,2026-04-14,Overdue invoice,E1072,Customer Support,under_1y,easy_report_prompt,0,1,0,clicked_only,1.5,
1073,C1,2026-04-14,Overdue invoice,E1073,Operations,over_3y,none,0,0,0,no_action,,
1074,C1,2026-04-14,Overdue invoice,E1074,Executive Office,over_3y,none,0,0,0,no_action,,
1075,C1,2026-04-14,Overdue invoice,E1075,Legal & Compliance,1_to_3y,easy_report_prompt,0,0,1,reported_only,,40.0
1076,C1,2026-04-14,Overdue invoice,E1076,Sales,1_to_3y,warning_banner,0,0,0,no_action,,
1077,C1,2026-04-14,Overdue invoice,E1077,Engineering,1_to_3y,warning_banner,0,1,0,clicked_only,4.9,
1078,C1,2026-04-14,Overdue invoice,E1078,IT & Security,1_to_3y,just_in_time_tip,0,0,1,reported_only,,4.7
1079,C1,2026-04-14,Overdue invoice,E1079,Marketing,over_3y,easy_report_prompt,0,0,0,no_action,,
1080,C1,2026-04-14,Overdue invoice,E1080,IT & Security,under_1y,social_norm,0,1,0,clicked_only,1.6,
1081,C1,2026-04-14,Overdue invoice,E1081,Engineering,over_3y,loss_framing,0,0,0,no_action,,
1082,C1,2026-04-14,Overdue invoice,E1082,Executive Office,over_3y,warning_banner,0,0,0,no_action,,
1083,C1,2026-04-14,Overdue invoice,E1083,Operations,over_3y,none,0,0,0,no_action,,
1084,C1,2026-04-14,Overdue invoice,E1084,Engineering,under_1y,social_norm,0,0,0,no_action,,
1085,C1,2026-04-14,Overdue invoice,E1085,Engineering,1_to_3y,social_norm,0,1,0,clicked_only,5.9,
1086,C1,2026-04-14,Overdue invoice,E1086,Engineering,under_1y,social_norm,0,0,0,no_action,,
1087,C1,2026-04-14,Overdue invoice,E1087,Operations,1_to_3y,social_norm,0,0,0,no_action,,
1088,C1,2026-04-14,Overdue invoice,E1088,Sales,1_to_3y,just_in_time_tip,0,0,0,no_action,,
1089,C1,2026-04-14,Overdue invoice,E1089,Operations,1_to_3y,social_norm,0,0,0,no_action,,
1090,C1,2026-04-14,Overdue invoice,E1090,Finance,under_1y,warning_banner,0,1,0,clicked_only,1.8,
1091,C1,2026-04-14,Overdue invoice,E1091,HR,over_3y,none,0,1,0,clicked_only,3.3,
1092,C1,2026-04-14,Overdue invoice,E1092,Sales,over_3y,loss_framing,0,0,0,no_action,,
1093,C1,2026-04-14,Overdue invoice,E1093,Operations,1_to_3y,just_in_time_tip,0,0,0,no_action,,
1094,C1,2026-04-14,Overdue invoice,E1094,Sales,under_1y,easy_report_prompt,0,0,0,no_action,,
1095,C1,2026-04-14,Overdue invoice,E1095,Marketing,over_3y,loss_framing,0,0,0,no_action,,
1096,C1,2026-04-14,Overdue invoice,E1096,Finance,over_3y,loss_framing,0,1,0,clicked_only,0.6,
1097,C1,2026-04-14,Overdue invoice,E1097,Operations,over_3y,none,0,0,0,no_action,,
1098,C1,2026-04-14,Overdue invoice,E1098,Marketing,over_3y,warning_banner,0,0,0,no_action,,
1099,C1,2026-04-14,Overdue invoice,E1099,Sales,over_3y,warning_banner,0,0,0,no_action,,
1100,C1,2026-04-14,Overdue invoice,E1100,Operations,over_3y,none,0,1,0,clicked_only,12.6,
1101,C1,2026-04-14,Overdue invoice,E1101,Customer Support,under_1y,none,0,1,0,clicked_only,1.1,
1102,C1,2026-04-14,Overdue invoice,E1102,Operations,over_3y,none,0,0,1,reported_only,,8.9
1103,C1,2026-04-14,Overdue invoice,E1103,HR,under_1y,just_in_time_tip,0,1,0,clicked_only,1.6,
1104,C1,2026-04-14,Overdue invoice,E1104,Sales,1_to_3y,easy_report_prompt,0,0,1,reported_only,,8.9
1105,C1,2026-04-14,Overdue invoice,E1105,Sales,over_3y,warning_banner,0,1,0,clicked_only,1.8,
1106,C1,2026-04-14,Overdue invoice,E1106,Engineering,over_3y,loss_framing,0,0,1,reported_only,,64.5
1107,C1,2026-04-14,Overdue invoice,E1107,Operations,1_to_3y,loss_framing,0,0,0,no_action,,
1108,C1,2026-04-14,Overdue invoice,E1108,Engineering,over_3y,warning_banner,0,0,0,no_action,,
1109,C1,2026-04-14,Overdue invoice,E1109,Sales,under_1y,just_in_time_tip,0,0,0,no_action,,
1110,C1,2026-04-14,Overdue invoice,E1110,IT & Security,1_to_3y,warning_banner,0,0,0,no_action,,
1111,C1,2026-04-14,Overdue invoice,E1111,Finance,under_1y,loss_framing,0,0,0,no_action,,
1112,C1,2026-04-14,Overdue invoice,E1112,Customer Support,over_3y,warning_banner,0,0,0,no_action,,
1113,C1,2026-04-14,Overdue invoice,E1113,Sales,under_1y,loss_framing,0,1,0,clicked_only,20.5,
1114,C1,2026-04-14,Overdue invoice,E1114,Engineering,1_to_3y,easy_report_prompt,0,0,0,no_action,,
1115,C1,2026-04-14,Overdue invoice,E1115,Legal & Compliance,1_to_3y,warning_banner,0,0,0,no_action,,
1116,C1,2026-04-14,Overdue invoice,E1116,Operations,1_to_3y,social_norm,0,0,1,reported_only,,146.1
1117,C1,2026-04-14,Overdue invoice,E1117,Operations,over_3y,just_in_time_tip,0,0,0,no_action,,
1118,C1,2026-04-14,Overdue invoice,E1118,Operations,over_3y,easy_report_prompt,0,1,0,clicked_only,163.6,
1119,C1,2026-04-14,Overdue invoice,E1119,Engineering,1_to_3y,just_in_time_tip,0,0,0,no_action,,
1120,C1,2026-04-14,Overdue invoice,E1120,IT & Security,under_1y,none,0,0,0,no_action,,
1121,C1,2026-04-14,Overdue invoice,E1121,Legal & Compliance,over_3y,none,0,0,0,no_action,,
1122,C1,2026-04-14,Overdue invoice,E1122,Engineering,over_3y,none,0,0,0,no_action,,
1123,C1,2026-04-14,Overdue invoice,E1123,Sales,over_3y,just_in_time_tip,0,0,1,reported_only,,18.6
1124,C1,2026-04-14,Overdue invoice,E1124,Engineering,under_1y,warning_banner,0,0,0,no_action,,
1125,C1,2026-04-14,Overdue invoice,E1125,Finance,over_3y,just_in_time_tip,0,0,1,reported_only,,33.5
1126,C1,2026-04-14,Overdue invoice,E1126,Legal & Compliance,over_3y,warning_banner,0,0,1,reported_only,,11.3
1127,C1,2026-04-14,Overdue invoice,E1127,Customer Support,over_3y,none,0,0,0,no_action,,
1128,C1,2026-04-14,Overdue invoice,E1128,Executive Office,1_to_3y,warning_banner,0,0,0,no_action,,
1129,C1,2026-04-14,Overdue invoice,E1129,Sales,over_3y,none,0,0,0,no_action,,
1130,C1,2026-04-14,Overdue invoice,E1130,Customer Support,1_to_3y,none,0,0,0,no_action,,
1131,C1,2026-04-14,Overdue invoice,E1131,Marketing,over_3y,social_norm,0,0,1,reported_only,,115.2
1132,C1,2026-04-14,Overdue invoice,E1132,Executive Office,1_to_3y,just_in_time_tip,0,0,0,no_action,,
1133,C1,2026-04-14,Overdue invoice,E1133,Operations,over_3y,none,0,1,0,clicked_only,24.3,
1134,C1,2026-04-14,Overdue invoice,E1134,Sales,under_1y,just_in_time_tip,0,0,0,no_action,,
1135,C1,2026-04-14,Overdue invoice,E1135,Operations,1_to_3y,loss_framing,0,0,1,reported_only,,11.5
1136,C1,2026-04-14,Overdue invoice,E1136,Engineering,1_to_3y,easy_report_prompt,0,0,0,no_action,,
1137,C1,2026-04-14,Overdue invoice,E1137,Engineering,under_1y,warning_banner,0,0,0,no_action,,
1138,C1,2026-04-14,Overdue invoice,E1138,Sales,1_to_3y,warning_banner,0,0,0,no_action,,
1139,C1,2026-04-14,Overdue invoice,E1139,Sales,over_3y,easy_report_prompt,0,0,0,no_action,,
1140,C1,2026-04-14,Overdue invoice,E1140,Marketing,over_3y,warning_banner,0,0,0,no_action,,
1141,C1,2026-04-14,Overdue invoice,E1141,Sales,over_3y,just_in_time_tip,0,0,0,no_action,,
1142,C1,2026-04-14,Overdue invoice,E1142,Engineering,over_3y,loss_framing,0,0,0,no_action,,
1143,C1,2026-04-14,Overdue invoice,E1143,HR,1_to_3y,easy_report_prompt,0,0,0,no_action,,
1144,C1,2026-04-14,Overdue invoice,E1144,Engineering,over_3y,social_norm,0,0,1,reported_only,,2.7
1145,C1,2026-04-14,Overdue invoice,E1145,Operations,under_1y,just_in_time_tip,0,1,0,clicked_only,6.4,
1146,C1,2026-04-14,Overdue invoice,E1146,Sales,over_3y,just_in_time_tip,0,0,0,no_action,,
1147,C1,2026-04-14,Overdue invoice,E1147,Finance,under_1y,easy_report_prompt,0,0,0,no_action,,
1148,C1,2026-04-14,Overdue invoice,E1148,IT & Security,under_1y,easy_report_prompt,0,0,1,reported_only,,5.1
1149,C1,2026-04-14,Overdue invoice,E1149,Engineering,over_3y,easy_report_prompt,0,0,0,no_action,,
1150,C1,2026-04-14,Overdue invoice,E1150,Marketing,over_3y,warning_banner,0,0,0,no_action,,
1151,C1,2026-04-14,Overdue invoice,E1151,Marketing,1_to_3y,social_norm,0,1,0,clicked_only,39.2,
1152,C1,2026-04-14,Overdue invoice,E1152,IT & Security,over_3y,none,0,0,1,reported_only,,11.4
1153,C1,2026-04-14,Overdue invoice,E1153,Marketing,1_to_3y,none,0,0,0,no_action,,
1154,C1,2026-04-14,Overdue invoice,E1154,Sales,1_to_3y,warning_banner,0,0,0,no_action,,
1155,C1,2026-04-14,Overdue invoice,E1155,IT & Security,over_3y,easy_report_prompt,0,0,0,no_action,,
1156,C1,2026-04-14,Overdue invoice,E1156,Customer Support,under_1y,none,0,0,0,no_action,,
1157,C1,2026-04-14,Overdue invoice,E1157,Marketing,1_to_3y,warning_banner,0,0,0,no_action,,
1158,C1,2026-04-14,Overdue invoice,E1158,HR,1_to_3y,easy_report_prompt,0,0,0,no_action,,
1159,C1,2026-04-14,Overdue invoice,E1159,Finance,over_3y,warning_banner,0,0,0,no_action,,
1160,C1,2026-04-14,Overdue invoice,E1160,Finance,under_1y,loss_framing,0,0,0,no_action,,
1161,C1,2026-04-14,Overdue invoice,E1161,Sales,over_3y,easy_report_prompt,0,0,1,reported_only,,7.3
1162,C1,2026-04-14,Overdue invoice,E1162,Engineering,over_3y,none,0,1,0,clicked_only,2.9,
1163,C1,2026-04-14,Overdue invoice,E1163,Sales,1_to_3y,just_in_time_tip,0,0,0,no_action,,
1164,C1,2026-04-14,Overdue invoice,E1164,HR,1_to_3y,none,0,1,0,clicked_only,10.1,
1165,C1,2026-04-14,Overdue invoice,E1165,Finance,under_1y,just_in_time_tip,0,0,0,no_action,,
1166,C1,2026-04-14,Overdue invoice,E1166,Marketing,1_to_3y,social_norm,0,0,0,no_action,,
1167,C1,2026-04-14,Overdue invoice,E1167,Sales,1_to_3y,social_norm,0,0,0,no_action,,
1168,C1,2026-04-14,Overdue invoice,E1168,Operations,over_3y,easy_report_prompt,0,0,0,no_action,,
1169,C1,2026-04-14,Overdue invoice,E1169,Legal & Compliance,1_to_3y,just_in_time_tip,0,1,1,clicked_and_reported,2.1,8.1
1170,C1,2026-04-14,Overdue invoice,E1170,Engineering,over_3y,none,0,0,0,no_action,,
1171,C1,2026-04-14,Overdue invoice,E1171,Sales,over_3y,warning_banner,0,1,0,clicked_only,6.5,
1172,C1,2026-04-14,Overdue invoice,E1172,Operations,under_1y,easy_report_prompt,0,1,0,clicked_only,8.9,
1173,C1,2026-04-14,Overdue invoice,E1173,Finance,1_to_3y,easy_report_prompt,0,0,0,no_action,,
1174,C1,2026-04-14,Overdue invoice,E1174,Engineering,over_3y,none,0,0,0,no_action,,
1175,C1,2026-04-14,Overdue invoice,E1175,Executive Office,1_to_3y,social_norm,0,0,0,no_action,,
1176,C1,2026-04-14,Overdue invoice,E1176,Operations,1_to_3y,social_norm,0,0,0,no_action,,
1177,C1,2026-04-14,Overdue invoice,E1177,Operations,under_1y,social_norm,0,1,0,clicked_only,1.5,
1178,C1,2026-04-14,Overdue invoice,E1178,Legal & Compliance,over_3y,just_in_time_tip,0,0,0,no_action,,
1179,C1,2026-04-14,Overdue invoice,E1179,Operations,under_1y,easy_report_prompt,0,0,0,no_action,,
1180,C1,2026-04-14,Overdue invoice,E1180,IT & Security,1_to_3y,easy_report_prompt,0,0,0,no_action,,
1181,C1,2026-04-14,Overdue invoice,E1181,Sales,over_3y,easy_report_prompt,0,1,0,clicked_only,1.5,
1182,C1,2026-04-14,Overdue invoice,E1182,Operations,over_3y,warning_banner,0,0,0,no_action,,
1183,C1,2026-04-14,Overdue invoice,E1183,Engineering,under_1y,loss_framing,0,0,0,no_action,,
1184,C1,2026-04-14,Overdue invoice,E1184,Engineering,over_3y,warning_banner,0,1,0,clicked_only,13.4,
1185,C1,2026-04-14,Overdue invoice,E1185,IT & Security,over_3y,just_in_time_tip,0,0,1,reported_only,,9.0
1186,C1,2026-04-14,Overdue invoice,E1186,Engineering,over_3y,social_norm,0,0,0,no_action,,
1187,C1,2026-04-14,Overdue invoice,E1187,Finance,1_to_3y,warning_banner,0,1,0,clicked_only,5.5,
1188,C1,2026-04-14,Overdue invoice,E1188,IT & Security,over_3y,just_in_time_tip,0,0,0,no_action,,
1189,C1,2026-04-14,Overdue invoice,E1189,Customer Support,over_3y,just_in_time_tip,0,0,0,no_action,,
1190,C1,2026-04-14,Overdue invoice,E1190,Sales,1_to_3y,none,0,1,0,clicked_only,2.5,
1191,C1,2026-04-14,Overdue invoice,E1191,Operations,1_to_3y,easy_report_prompt,0,1,0,clicked_only,2.2,
1192,C1,2026-04-14,Overdue invoice,E1192,Finance,under_1y,warning_banner,0,0,0,no_action,,
1193,C1,2026-04-14,Overdue invoice,E1193,Engineering,under_1y,warning_banner,0,0,0,no_action,,
1194,C1,2026-04-14,Overdue invoice,E1194,Operations,under_1y,easy_report_prompt,0,0,0,no_action,,
1195,C1,2026-04-14,Overdue invoice,E1195,Operations,under_1y,warning_banner,0,0,0,no_action,,
1196,C1,2026-04-14,Overdue invoice,E1196,Legal & Compliance,over_3y,just_in_time_tip,0,0,1,reported_only,,49.4
1197,C1,2026-04-14,Overdue invoice,E1197,Engineering,over_3y,social_norm,0,0,1,reported_only,,44.4
1198,C1,2026-04-14,Overdue invoice,E1198,Engineering,1_to_3y,easy_report_prompt,0,1,0,clicked_only,0.6,
1199,C1,2026-04-14,Overdue invoice,E1199,Customer Support,1_to_3y,none,0,0,0,no_action,,
1200,C1,2026-04-14,Overdue invoice,E1200,Engineering,over_3y,easy_report_prompt,0,0,0,no_action,,
1201,C2,2026-05-12,Parcel delivery failed,E0001,Engineering,1_to_3y,loss_framing,1,0,0,no_action,,
1202,C2,2026-05-12,Parcel delivery failed,E0002,Sales,1_to_3y,warning_banner,0,1,0,clicked_only,108.0,
1203,C2,2026-05-12,Parcel delivery failed,E0003,Executive Office,over_3y,just_in_time_tip,0,0,0,no_action,,
1204,C2,2026-05-12,Parcel delivery failed,E0004,Operations,over_3y,warning_banner,1,0,0,no_action,,
1205,C2,2026-05-12,Parcel delivery failed,E0005,Sales,over_3y,loss_framing,0,1,0,clicked_only,4.6,
1206,C2,2026-05-12,Parcel delivery failed,E0006,Customer Support,under_1y,easy_report_prompt,0,1,0,clicked_only,2.6,
1207,C2,2026-05-12,Parcel delivery failed,E0007,Customer Support,1_to_3y,social_norm,0,0,0,no_action,,
1208,C2,2026-05-12,Parcel delivery failed,E0008,Sales,1_to_3y,loss_framing,1,1,0,clicked_only,71.8,
1209,C2,2026-05-12,Parcel delivery failed,E0009,Engineering,1_to_3y,easy_report_prompt,0,0,0,no_action,,
1210,C2,2026-05-12,Parcel delivery failed,E0010,Operations,over_3y,social_norm,0,0,0,no_action,,
1211,C2,2026-05-12,Parcel delivery failed,E0011,Customer Support,1_to_3y,just_in_time_tip,1,0,0,no_action,,
1212,C2,2026-05-12,Parcel delivery failed,E0012,Legal & Compliance,1_to_3y,just_in_time_tip,0,0,0,no_action,,
1213,C2,2026-05-12,Parcel delivery failed,E0013,Finance,over_3y,just_in_time_tip,0,0,1,reported_only,,60.9
1214,C2,2026-05-12,Parcel delivery failed,E0014,Engineering,1_to_3y,loss_framing,0,0,1,reported_only,,60.2
1215,C2,2026-05-12,Parcel delivery failed,E0015,Marketing,over_3y,warning_banner,0,0,1,reported_only,,8.4
1216,C2,2026-05-12,Parcel delivery failed,E0016,Customer Support,over_3y,just_in_time_tip,0,1,0,clicked_only,7.1,
1217,C2,2026-05-12,Parcel delivery failed,E0017,Operations,over_3y,social_norm,1,0,0,no_action,,
1218,C2,2026-05-12,Parcel delivery failed,E0018,Customer Support,over_3y,none,1,1,0,clicked_only,6.9,
1219,C2,2026-05-12,Parcel delivery failed,E0019,HR,over_3y,warning_banner,0,0,0,no_action,,
1220,C2,2026-05-12,Parcel delivery failed,E0020,Operations,over_3y,none,0,1,0,clicked_only,1.7,
1221,C2,2026-05-12,Parcel delivery failed,E0021,Sales,over_3y,easy_report_prompt,1,0,1,reported_only,,27.0
1222,C2,2026-05-12,Parcel delivery failed,E0022,Sales,over_3y,warning_banner,0,0,0,no_action,,
1223,C2,2026-05-12,Parcel delivery failed,E0023,Sales,over_3y,loss_framing,0,0,0,no_action,,
1224,C2,2026-05-12,Parcel delivery failed,E0024,Customer Support,1_to_3y,loss_framing,1,1,0,clicked_only,1.2,
1225,C2,2026-05-12,Parcel delivery failed,E0025,Sales,1_to_3y,social_norm,0,0,0,no_action,,
1226,C2,2026-05-12,Parcel delivery failed,E0026,Sales,under_1y,just_in_time_tip,0,1,0,clicked_only,26.6,
1227,C2,2026-05-12,Parcel delivery failed,E0027,Engineering,over_3y,warning_banner,0,1,0,clicked_only,2.8,
1228,C2,2026-05-12,Parcel delivery failed,E0028,Engineering,under_1y,social_norm,0,0,0,no_action,,
1229,C2,2026-05-12,Parcel delivery failed,E0029,Engineering,over_3y,loss_framing,0,0,1,reported_only,,14.3
1230,C2,2026-05-12,Parcel delivery failed,E0030,Finance,1_to_3y,none,1,0,1,reported_only,,6.4
1231,C2,2026-05-12,Parcel delivery failed,E0031,Sales,over_3y,easy_report_prompt,0,0,0,no_action,,
1232,C2,2026-05-12,Parcel delivery failed,E0032,Operations,under_1y,none,0,1,0,clicked_only,0.9,
1233,C2,2026-05-12,Parcel delivery failed,E0033,Engineering,1_to_3y,none,0,0,0,no_action,,
1234,C2,2026-05-12,Parcel delivery failed,E0034,Customer Support,over_3y,none,1,1,0,clicked_only,46.1,
1235,C2,2026-05-12,Parcel delivery failed,E0035,Engineering,1_to_3y,none,0,0,0,no_action,,
1236,C2,2026-05-12,Parcel delivery failed,E0036,Engineering,1_to_3y,none,0,0,1,reported_only,,45.2
1237,C2,2026-05-12,Parcel delivery failed,E0037,Operations,under_1y,loss_framing,0,0,0,no_action,,
1238,C2,2026-05-12,Parcel delivery failed,E0038,Engineering,under_1y,easy_report_prompt,0,1,0,clicked_only,4.5,
1239,C2,2026-05-12,Parcel delivery failed,E0039,Finance,over_3y,easy_report_prompt,0,0,0,no_action,,
1240,C2,2026-05-12,Parcel delivery failed,E0040,Customer Support,1_to_3y,loss_framing,0,0,0,no_action,,
1241,C2,2026-05-12,Parcel delivery failed,E0041,Sales,over_3y,warning_banner,0,0,0,no_action,,
1242,C2,2026-05-12,Parcel delivery failed,E0042,Legal & Compliance,1_to_3y,just_in_time_tip,0,0,0,no_action,,
1243,C2,2026-05-12,Parcel delivery failed,E0043,Operations,1_to_3y,loss_framing,0,1,0,clicked_only,1.4,
1244,C2,2026-05-12,Parcel delivery failed,E0044,Customer Support,over_3y,just_in_time_tip,0,0,0,no_action,,
1245,C2,2026-05-12,Parcel delivery failed,E0045,Engineering,over_3y,warning_banner,0,0,0,no_action,,
1246,C2,2026-05-12,Parcel delivery failed,E0046,Sales,1_to_3y,easy_report_prompt,0,0,0,no_action,,
1247,C2,2026-05-12,Parcel delivery failed,E0047,IT & Security,over_3y,just_in_time_tip,0,0,0,no_action,,
1248,C2,2026-05-12,Parcel delivery failed,E0048,Customer Support,under_1y,warning_banner,0,1,0,clicked_only,46.2,
1249,C2,2026-05-12,Parcel delivery failed,E0049,Engineering,1_to_3y,loss_framing,0,0,0,no_action,,
1250,C2,2026-05-12,Parcel delivery failed,E0050,Executive Office,1_to_3y,loss_framing,1,1,0,clicked_only,7.9,
1251,C2,2026-05-12,Parcel delivery failed,E0051,Legal & Compliance,1_to_3y,loss_framing,0,1,0,clicked_only,6.1,
1252,C2,2026-05-12,Parcel delivery failed,E0052,Engineering,1_to_3y,social_norm,0,0,0,no_action,,
1253,C2,2026-05-12,Parcel delivery failed,E0053,Marketing,over_3y,social_norm,0,0,1,reported_only,,13.3
1254,C2,2026-05-12,Parcel delivery failed,E0054,Legal & Compliance,1_to_3y,social_norm,1,0,0,no_action,,
1255,C2,2026-05-12,Parcel delivery failed,E0055,IT & Security,over_3y,none,0,1,1,clicked_and_reported,21.6,30.0
1256,C2,2026-05-12,Parcel delivery failed,E0056,Engineering,under_1y,warning_banner,0,0,1,reported_only,,33.6
1257,C2,2026-05-12,Parcel delivery failed,E0057,Customer Support,over_3y,social_norm,0,0,0,no_action,,
1258,C2,2026-05-12,Parcel delivery failed,E0058,Customer Support,1_to_3y,loss_framing,0,0,0,no_action,,
1259,C2,2026-05-12,Parcel delivery failed,E0059,Engineering,over_3y,warning_banner,0,0,1,reported_only,,7.0
1260,C2,2026-05-12,Parcel delivery failed,E0060,Operations,1_to_3y,loss_framing,1,1,0,clicked_only,0.9,
1261,C2,2026-05-12,Parcel delivery failed,E0061,Operations,1_to_3y,loss_framing,0,0,0,no_action,,
1262,C2,2026-05-12,Parcel delivery failed,E0062,Finance,over_3y,easy_report_prompt,1,0,1,reported_only,,6.7
1263,C2,2026-05-12,Parcel delivery failed,E0063,Customer Support,over_3y,warning_banner,1,0,0,no_action,,
1264,C2,2026-05-12,Parcel delivery failed,E0064,Executive Office,over_3y,warning_banner,0,0,1,reported_only,,87.7
1265,C2,2026-05-12,Parcel delivery failed,E0065,Sales,under_1y,social_norm,0,1,0,clicked_only,23.0,
1266,C2,2026-05-12,Parcel delivery failed,E0066,Customer Support,under_1y,loss_framing,1,0,0,no_action,,
1267,C2,2026-05-12,Parcel delivery failed,E0067,Operations,under_1y,easy_report_prompt,0,1,0,clicked_only,1.9,
1268,C2,2026-05-12,Parcel delivery failed,E0068,Operations,1_to_3y,just_in_time_tip,0,0,0,no_action,,
1269,C2,2026-05-12,Parcel delivery failed,E0069,Finance,under_1y,none,0,0,0,no_action,,
1270,C2,2026-05-12,Parcel delivery failed,E0070,Sales,over_3y,social_norm,0,0,0,no_action,,
1271,C2,2026-05-12,Parcel delivery failed,E0071,Customer Support,1_to_3y,just_in_time_tip,0,0,1,reported_only,,28.6
1272,C2,2026-05-12,Parcel delivery failed,E0072,Operations,1_to_3y,loss_framing,0,0,0,no_action,,
1273,C2,2026-05-12,Parcel delivery failed,E0073,Marketing,under_1y,none,0,1,0,clicked_only,14.3,
1274,C2,2026-05-12,Parcel delivery failed,E0074,Engineering,1_to_3y,easy_report_prompt,1,0,0,no_action,,
1275,C2,2026-05-12,Parcel delivery failed,E0075,Operations,1_to_3y,social_norm,0,0,0,no_action,,
1276,C2,2026-05-12,Parcel delivery failed,E0076,Marketing,1_to_3y,just_in_time_tip,0,0,0,no_action,,
1277,C2,2026-05-12,Parcel delivery failed,E0077,Customer Support,under_1y,none,0,0,0,no_action,,
1278,C2,2026-05-12,Parcel delivery failed,E0078,HR,over_3y,social_norm,0,1,0,clicked_only,2.2,
1279,C2,2026-05-12,Parcel delivery failed,E0079,Engineering,over_3y,easy_report_prompt,1,0,1,reported_only,,3.8
1280,C2,2026-05-12,Parcel delivery failed,E0080,Engineering,1_to_3y,easy_report_prompt,0,0,0,no_action,,
1281,C2,2026-05-12,Parcel delivery failed,E0081,Sales,1_to_3y,loss_framing,0,0,0,no_action,,
1282,C2,2026-05-12,Parcel delivery failed,E0082,IT & Security,over_3y,just_in_time_tip,0,0,0,no_action,,
1283,C2,2026-05-12,Parcel delivery failed,E0083,Customer Support,1_to_3y,social_norm,0,1,0,clicked_only,1.2,
1284,C2,2026-05-12,Parcel delivery failed,E0084,Operations,under_1y,social_norm,0,1,0,clicked_only,1.6,
1285,C2,2026-05-12,Parcel delivery failed,E0085,Finance,under_1y,none,0,0,0,no_action,,
1286,C2,2026-05-12,Parcel delivery failed,E0086,Sales,over_3y,just_in_time_tip,1,0,0,no_action,,
1287,C2,2026-05-12,Parcel delivery failed,E0087,Operations,over_3y,loss_framing,0,0,1,reported_only,,153.0
1288,C2,2026-05-12,Parcel delivery failed,E0088,HR,1_to_3y,none,0,0,0,no_action,,
1289,C2,2026-05-12,Parcel delivery failed,E0089,IT & Security,under_1y,just_in_time_tip,0,0,1,reported_only,,5.1
1290,C2,2026-05-12,Parcel delivery failed,E0090,Legal & Compliance,over_3y,social_norm,0,0,1,reported_only,,150.8
1291,C2,2026-05-12,Parcel delivery failed,E0091,Engineering,1_to_3y,loss_framing,0,0,0,no_action,,
1292,C2,2026-05-12,Parcel delivery failed,E0092,Customer Support,1_to_3y,just_in_time_tip,0,1,1,clicked_and_reported,2.0,5.5
1293,C2,2026-05-12,Parcel delivery failed,E0093,HR,over_3y,loss_framing,1,0,0,no_action,,
1294,C2,2026-05-12,Parcel delivery failed,E0094,Marketing,over_3y,social_norm,0,0,0,no_action,,
1295,C2,2026-05-12,Parcel delivery failed,E0095,Engineering,under_1y,social_norm,1,0,0,no_action,,
1296,C2,2026-05-12,Parcel delivery failed,E0096,Customer Support,1_to_3y,just_in_time_tip,0,0,1,reported_only,,97.3
1297,C2,2026-05-12,Parcel delivery failed,E0097,Legal & Compliance,1_to_3y,easy_report_prompt,0,0,1,reported_only,,24.7
1298,C2,2026-05-12,Parcel delivery failed,E0098,Operations,over_3y,none,0,1,0,clicked_only,4.2,
1299,C2,2026-05-12,Parcel delivery failed,E0099,Finance,1_to_3y,loss_framing,0,0,0,no_action,,
1300,C2,2026-05-12,Parcel delivery failed,E0100,Engineering,1_to_3y,loss_framing,1,0,0,no_action,,
1301,C2,2026-05-12,Parcel delivery failed,E0101,Operations,over_3y,warning_banner,0,0,0,no_action,,
1302,C2,2026-05-12,Parcel delivery failed,E0102,Marketing,over_3y,easy_report_prompt,0,0,0,no_action,,
1303,C2,2026-05-12,Parcel delivery failed,E0103,IT & Security,over_3y,social_norm,0,0,1,reported_only,,23.4
1304,C2,2026-05-12,Parcel delivery failed,E0104,Finance,1_to_3y,none,1,0,0,no_action,,
1305,C2,2026-05-12,Parcel delivery failed,E0105,Engineering,under_1y,warning_banner,0,0,0,no_action,,
1306,C2,2026-05-12,Parcel delivery failed,E0106,Engineering,1_to_3y,easy_report_prompt,1,0,0,no_action,,
1307,C2,2026-05-12,Parcel delivery failed,E0107,Engineering,over_3y,easy_report_prompt,0,0,0,no_action,,
1308,C2,2026-05-12,Parcel delivery failed,E0108,HR,under_1y,none,0,0,0,no_action,,
1309,C2,2026-05-12,Parcel delivery failed,E0109,Executive Office,over_3y,none,1,0,0,no_action,,
1310,C2,2026-05-12,Parcel delivery failed,E0110,Legal & Compliance,over_3y,just_in_time_tip,0,0,1,reported_only,,1.3
1311,C2,2026-05-12,Parcel delivery failed,E0111,Finance,over_3y,none,0,1,0,clicked_only,6.7,
1312,C2,2026-05-12,Parcel delivery failed,E0112,Finance,1_to_3y,loss_framing,1,0,0,no_action,,
1313,C2,2026-05-12,Parcel delivery failed,E0113,IT & Security,over_3y,just_in_time_tip,0,0,1,reported_only,,9.1
1314,C2,2026-05-12,Parcel delivery failed,E0114,Operations,over_3y,loss_framing,0,0,0,no_action,,
1315,C2,2026-05-12,Parcel delivery failed,E0115,IT & Security,over_3y,none,0,0,1,reported_only,,31.6
1316,C2,2026-05-12,Parcel delivery failed,E0116,Engineering,under_1y,easy_report_prompt,0,0,0,no_action,,
1317,C2,2026-05-12,Parcel delivery failed,E0117,Sales,over_3y,loss_framing,0,0,0,no_action,,
1318,C2,2026-05-12,Parcel delivery failed,E0118,Customer Support,over_3y,loss_framing,0,0,0,no_action,,
1319,C2,2026-05-12,Parcel delivery failed,E0119,Marketing,1_to_3y,loss_framing,0,0,0,no_action,,
1320,C2,2026-05-12,Parcel delivery failed,E0120,Sales,1_to_3y,just_in_time_tip,0,0,0,no_action,,
1321,C2,2026-05-12,Parcel delivery failed,E0121,Finance,1_to_3y,none,1,0,0,no_action,,
1322,C2,2026-05-12,Parcel delivery failed,E0122,Engineering,over_3y,social_norm,1,0,1,reported_only,,6.9
1323,C2,2026-05-12,Parcel delivery failed,E0123,Sales,under_1y,just_in_time_tip,0,0,0,no_action,,
1324,C2,2026-05-12,Parcel delivery failed,E0124,Operations,over_3y,easy_report_prompt,0,0,0,no_action,,
1325,C2,2026-05-12,Parcel delivery failed,E0125,Sales,1_to_3y,social_norm,1,0,0,no_action,,
1326,C2,2026-05-12,Parcel delivery failed,E0126,IT & Security,over_3y,social_norm,1,0,1,reported_only,,40.1
1327,C2,2026-05-12,Parcel delivery failed,E0127,Sales,under_1y,social_norm,0,1,0,clicked_only,18.6,
1328,C2,2026-05-12,Parcel delivery failed,E0128,HR,over_3y,just_in_time_tip,1,0,0,no_action,,
1329,C2,2026-05-12,Parcel delivery failed,E0129,Finance,under_1y,social_norm,0,0,0,no_action,,
1330,C2,2026-05-12,Parcel delivery failed,E0130,Engineering,over_3y,social_norm,0,0,0,no_action,,
1331,C2,2026-05-12,Parcel delivery failed,E0131,Operations,under_1y,social_norm,0,0,0,no_action,,
1332,C2,2026-05-12,Parcel delivery failed,E0132,HR,over_3y,warning_banner,0,0,0,no_action,,
1333,C2,2026-05-12,Parcel delivery failed,E0133,Executive Office,1_to_3y,none,0,0,0,no_action,,
1334,C2,2026-05-12,Parcel delivery failed,E0134,Marketing,1_to_3y,just_in_time_tip,0,0,1,reported_only,,4.8
1335,C2,2026-05-12,Parcel delivery failed,E0135,IT & Security,over_3y,social_norm,0,0,1,reported_only,,19.7
1336,C2,2026-05-12,Parcel delivery failed,E0136,Operations,1_to_3y,loss_framing,0,1,0,clicked_only,1.4,
1337,C2,2026-05-12,Parcel delivery failed,E0137,HR,1_to_3y,none,0,0,1,reported_only,,70.5
1338,C2,2026-05-12,Parcel delivery failed,E0138,Engineering,over_3y,warning_banner,0,0,0,no_action,,
1339,C2,2026-05-12,Parcel delivery failed,E0139,Operations,under_1y,warning_banner,0,1,0,clicked_only,9.1,
1340,C2,2026-05-12,Parcel delivery failed,E0140,Sales,over_3y,loss_framing,0,0,0,no_action,,
1341,C2,2026-05-12,Parcel delivery failed,E0141,Engineering,over_3y,just_in_time_tip,0,0,0,no_action,,
1342,C2,2026-05-12,Parcel delivery failed,E0142,Engineering,1_to_3y,social_norm,0,0,0,no_action,,
1343,C2,2026-05-12,Parcel delivery failed,E0143,Executive Office,over_3y,easy_report_prompt,1,0,0,no_action,,
1344,C2,2026-05-12,Parcel delivery failed,E0144,HR,1_to_3y,none,0,0,0,no_action,,
1345,C2,2026-05-12,Parcel delivery failed,E0145,Operations,1_to_3y,just_in_time_tip,0,0,0,no_action,,
1346,C2,2026-05-12,Parcel delivery failed,E0146,Marketing,1_to_3y,just_in_time_tip,1,0,0,no_action,,
1347,C2,2026-05-12,Parcel delivery failed,E0147,Sales,under_1y,loss_framing,1,0,0,no_action,,
1348,C2,2026-05-12,Parcel delivery failed,E0148,Customer Support,over_3y,social_norm,0,1,0,clicked_only,0.3,
1349,C2,2026-05-12,Parcel delivery failed,E0149,Engineering,under_1y,social_norm,0,0,0,no_action,,
1350,C2,2026-05-12,Parcel delivery failed,E0150,Legal & Compliance,over_3y,loss_framing,0,0,0,no_action,,
1351,C2,2026-05-12,Parcel delivery failed,E0151,Customer Support,over_3y,easy_report_prompt,0,0,1,reported_only,,17.2
1352,C2,2026-05-12,Parcel delivery failed,E0152,HR,1_to_3y,none,0,0,0,no_action,,
1353,C2,2026-05-12,Parcel delivery failed,E0153,IT & Security,over_3y,warning_banner,1,0,0,no_action,,
1354,C2,2026-05-12,Parcel delivery failed,E0154,Engineering,under_1y,just_in_time_tip,0,1,0,clicked_only,2.0,
1355,C2,2026-05-12,Parcel delivery failed,E0155,Customer Support,over_3y,social_norm,1,0,0,no_action,,
1356,C2,2026-05-12,Parcel delivery failed,E0156,Operations,over_3y,easy_report_prompt,0,0,1,reported_only,,15.6
1357,C2,2026-05-12,Parcel delivery failed,E0157,Customer Support,over_3y,none,0,0,0,no_action,,
1358,C2,2026-05-12,Parcel delivery failed,E0158,Customer Support,under_1y,just_in_time_tip,0,0,0,no_action,,
1359,C2,2026-05-12,Parcel delivery failed,E0159,Marketing,under_1y,social_norm,0,0,0,no_action,,
1360,C2,2026-05-12,Parcel delivery failed,E0160,HR,over_3y,warning_banner,0,0,0,no_action,,
1361,C2,2026-05-12,Parcel delivery failed,E0161,Engineering,1_to_3y,social_norm,0,1,0,clicked_only,18.4,
1362,C2,2026-05-12,Parcel delivery failed,E0162,Marketing,over_3y,loss_framing,0,0,0,no_action,,
1363,C2,2026-05-12,Parcel delivery failed,E0163,Operations,1_to_3y,easy_report_prompt,1,1,0,clicked_only,9.0,
1364,C2,2026-05-12,Parcel delivery failed,E0164,IT & Security,1_to_3y,loss_framing,0,0,1,reported_only,,2.2
1365,C2,2026-05-12,Parcel delivery failed,E0165,HR,over_3y,easy_report_prompt,0,0,0,no_action,,
1366,C2,2026-05-12,Parcel delivery failed,E0166,Operations,over_3y,social_norm,0,0,0,no_action,,
1367,C2,2026-05-12,Parcel delivery failed,E0167,Operations,1_to_3y,warning_banner,0,0,0,no_action,,
1368,C2,2026-05-12,Parcel delivery failed,E0168,IT & Security,1_to_3y,warning_banner,0,0,1,reported_only,,1.8
1369,C2,2026-05-12,Parcel delivery failed,E0169,Marketing,under_1y,easy_report_prompt,0,0,0,no_action,,
1370,C2,2026-05-12,Parcel delivery failed,E0170,Sales,over_3y,loss_framing,0,1,0,clicked_only,16.8,
1371,C2,2026-05-12,Parcel delivery failed,E0171,Operations,over_3y,easy_report_prompt,0,0,0,no_action,,
1372,C2,2026-05-12,Parcel delivery failed,E0172,Operations,under_1y,just_in_time_tip,0,0,0,no_action,,
1373,C2,2026-05-12,Parcel delivery failed,E0173,Engineering,1_to_3y,just_in_time_tip,0,0,0,no_action,,
1374,C2,2026-05-12,Parcel delivery failed,E0174,Operations,over_3y,warning_banner,0,1,0,clicked_only,3.1,
1375,C2,2026-05-12,Parcel delivery failed,E0175,Legal & Compliance,1_to_3y,warning_banner,1,0,0,no_action,,
1376,C2,2026-05-12,Parcel delivery failed,E0176,Customer Support,1_to_3y,social_norm,0,1,0,clicked_only,1.3,
1377,C2,2026-05-12,Parcel delivery failed,E0177,Sales,1_to_3y,just_in_time_tip,1,0,0,no_action,,
1378,C2,2026-05-12,Parcel delivery failed,E0178,Engineering,over_3y,loss_framing,0,0,0,no_action,,
1379,C2,2026-05-12,Parcel delivery failed,E0179,Sales,over_3y,easy_report_prompt,0,1,0,clicked_only,4.7,
1380,C2,2026-05-12,Parcel delivery failed,E0180,Engineering,under_1y,none,0,1,0,clicked_only,54.4,
1381,C2,2026-05-12,Parcel delivery failed,E0181,Customer Support,1_to_3y,warning_banner,0,1,0,clicked_only,35.0,
1382,C2,2026-05-12,Parcel delivery failed,E0182,IT & Security,over_3y,social_norm,0,0,0,no_action,,
1383,C2,2026-05-12,Parcel delivery failed,E0183,IT & Security,over_3y,loss_framing,0,0,0,no_action,,
1384,C2,2026-05-12,Parcel delivery failed,E0184,Operations,over_3y,just_in_time_tip,0,0,1,reported_only,,19.4
1385,C2,2026-05-12,Parcel delivery failed,E0185,Marketing,over_3y,just_in_time_tip,0,0,0,no_action,,
1386,C2,2026-05-12,Parcel delivery failed,E0186,Marketing,over_3y,loss_framing,0,0,0,no_action,,
1387,C2,2026-05-12,Parcel delivery failed,E0187,Finance,over_3y,social_norm,0,1,0,clicked_only,2.0,
1388,C2,2026-05-12,Parcel delivery failed,E0188,Engineering,1_to_3y,easy_report_prompt,0,0,0,no_action,,
1389,C2,2026-05-12,Parcel delivery failed,E0189,Customer Support,under_1y,warning_banner,0,0,0,no_action,,
1390,C2,2026-05-12,Parcel delivery failed,E0190,Operations,under_1y,none,1,0,0,no_action,,
1391,C2,2026-05-12,Parcel delivery failed,E0191,Operations,1_to_3y,just_in_time_tip,0,1,0,clicked_only,24.9,
1392,C2,2026-05-12,Parcel delivery failed,E0192,Finance,under_1y,easy_report_prompt,0,0,0,no_action,,
1393,C2,2026-05-12,Parcel delivery failed,E0193,Operations,over_3y,loss_framing,0,0,0,no_action,,
1394,C2,2026-05-12,Parcel delivery failed,E0194,IT & Security,under_1y,social_norm,0,0,1,reported_only,,18.0
1395,C2,2026-05-12,Parcel delivery failed,E0195,Finance,over_3y,social_norm,1,0,0,no_action,,
1396,C2,2026-05-12,Parcel delivery failed,E0196,Legal & Compliance,1_to_3y,none,0,1,0,clicked_only,16.1,
1397,C2,2026-05-12,Parcel delivery failed,E0197,Sales,under_1y,just_in_time_tip,0,0,0,no_action,,
1398,C2,2026-05-12,Parcel delivery failed,E0198,Operations,1_to_3y,just_in_time_tip,0,0,0,no_action,,
1399,C2,2026-05-12,Parcel delivery failed,E0199,Executive Office,under_1y,warning_banner,0,0,0,no_action,,
1400,C2,2026-05-12,Parcel delivery failed,E0200,Engineering,under_1y,none,0,0,0,no_action,,
1401,C2,2026-05-12,Parcel delivery failed,E0201,Sales,under_1y,loss_framing,1,0,0,no_action,,
1402,C2,2026-05-12,Parcel delivery failed,E0202,Operations,over_3y,warning_banner,0,1,0,clicked_only,1.1,
1403,C2,2026-05-12,Parcel delivery failed,E0203,Operations,1_to_3y,warning_banner,1,0,0,no_action,,
1404,C2,2026-05-12,Parcel delivery failed,E0204,Sales,1_to_3y,none,0,0,0,no_action,,
1405,C2,2026-05-12,Parcel delivery failed,E0205,Engineering,under_1y,loss_framing,0,0,1,reported_only,,3.8
1406,C2,2026-05-12,Parcel delivery failed,E0206,Marketing,under_1y,warning_banner,0,0,0,no_action,,
1407,C2,2026-05-12,Parcel delivery failed,E0207,Operations,over_3y,warning_banner,0,0,0,no_action,,
1408,C2,2026-05-12,Parcel delivery failed,E0208,Engineering,1_to_3y,social_norm,0,0,1,reported_only,,17.9
1409,C2,2026-05-12,Parcel delivery failed,E0209,IT & Security,1_to_3y,easy_report_prompt,0,0,0,no_action,,
1410,C2,2026-05-12,Parcel delivery failed,E0210,Operations,under_1y,loss_framing,0,1,0,clicked_only,4.6,
1411,C2,2026-05-12,Parcel delivery failed,E0211,IT & Security,over_3y,none,0,0,0,no_action,,
1412,C2,2026-05-12,Parcel delivery failed,E0212,Finance,over_3y,social_norm,0,0,0,no_action,,
1413,C2,2026-05-12,Parcel delivery failed,E0213,Operations,1_to_3y,social_norm,0,0,0,no_action,,
1414,C2,2026-05-12,Parcel delivery failed,E0214,Operations,1_to_3y,easy_report_prompt,0,0,1,reported_only,,35.6
1415,C2,2026-05-12,Parcel delivery failed,E0215,HR,1_to_3y,just_in_time_tip,0,0,0,no_action,,
1416,C2,2026-05-12,Parcel delivery failed,E0216,Operations,under_1y,social_norm,0,1,0,clicked_only,0.4,
1417,C2,2026-05-12,Parcel delivery failed,E0217,Engineering,1_to_3y,warning_banner,0,0,0,no_action,,
1418,C2,2026-05-12,Parcel delivery failed,E0218,Engineering,over_3y,social_norm,1,0,0,no_action,,
1419,C2,2026-05-12,Parcel delivery failed,E0219,Finance,under_1y,just_in_time_tip,0,0,0,no_action,,
1420,C2,2026-05-12,Parcel delivery failed,E0220,HR,over_3y,warning_banner,0,1,0,clicked_only,0.5,
1421,C2,2026-05-12,Parcel delivery failed,E0221,Operations,under_1y,warning_banner,0,0,0,no_action,,
1422,C2,2026-05-12,Parcel delivery failed,E0222,Sales,1_to_3y,social_norm,0,1,0,clicked_only,7.0,
1423,C2,2026-05-12,Parcel delivery failed,E0223,Sales,over_3y,loss_framing,1,0,0,no_action,,
1424,C2,2026-05-12,Parcel delivery failed,E0224,Marketing,1_to_3y,loss_framing,1,0,1,reported_only,,5.1
1425,C2,2026-05-12,Parcel delivery failed,E0225,Engineering,over_3y,loss_framing,1,0,0,no_action,,
1426,C2,2026-05-12,Parcel delivery failed,E0226,Engineering,over_3y,warning_banner,0,0,0,no_action,,
1427,C2,2026-05-12,Parcel delivery failed,E0227,IT & Security,over_3y,easy_report_prompt,0,0,1,reported_only,,0.6
1428,C2,2026-05-12,Parcel delivery failed,E0228,Engineering,1_to_3y,just_in_time_tip,0,1,0,clicked_only,3.0,
1429,C2,2026-05-12,Parcel delivery failed,E0229,Operations,under_1y,none,0,0,0,no_action,,
1430,C2,2026-05-12,Parcel delivery failed,E0230,Customer Support,1_to_3y,just_in_time_tip,0,1,0,clicked_only,10.5,
1431,C2,2026-05-12,Parcel delivery failed,E0231,IT & Security,under_1y,loss_framing,1,0,0,no_action,,
1432,C2,2026-05-12,Parcel delivery failed,E0232,Executive Office,over_3y,easy_report_prompt,0,0,0,no_action,,
1433,C2,2026-05-12,Parcel delivery failed,E0233,Sales,over_3y,loss_framing,0,0,0,no_action,,
1434,C2,2026-05-12,Parcel delivery failed,E0234,Finance,1_to_3y,social_norm,0,0,0,no_action,,
1435,C2,2026-05-12,Parcel delivery failed,E0235,Engineering,over_3y,none,1,0,0,no_action,,
1436,C2,2026-05-12,Parcel delivery failed,E0236,IT & Security,over_3y,social_norm,0,1,1,clicked_and_reported,3.0,7.7
1437,C2,2026-05-12,Parcel delivery failed,E0237,Legal & Compliance,1_to_3y,none,0,0,0,no_action,,
1438,C2,2026-05-12,Parcel delivery failed,E0238,HR,under_1y,none,0,0,0,no_action,,
1439,C2,2026-05-12,Parcel delivery failed,E0239,Sales,1_to_3y,none,0,0,0,no_action,,
1440,C2,2026-05-12,Parcel delivery failed,E0240,Engineering,1_to_3y,social_norm,0,0,0,no_action,,
1441,C2,2026-05-12,Parcel delivery failed,E0241,Operations,over_3y,easy_report_prompt,0,1,0,clicked_only,0.8,
1442,C2,2026-05-12,Parcel delivery failed,E0242,Marketing,over_3y,easy_report_prompt,1,0,1,reported_only,,20.7
1443,C2,2026-05-12,Parcel delivery failed,E0243,Operations,under_1y,warning_banner,0,0,0,no_action,,
1444,C2,2026-05-12,Parcel delivery failed,E0244,HR,over_3y,warning_banner,0,0,0,no_action,,
1445,C2,2026-05-12,Parcel delivery failed,E0245,Engineering,under_1y,just_in_time_tip,0,0,0,no_action,,
1446,C2,2026-05-12,Parcel delivery failed,E0246,Engineering,1_to_3y,just_in_time_tip,0,1,0,clicked_only,1.3,
1447,C2,2026-05-12,Parcel delivery failed,E0247,Engineering,under_1y,social_norm,0,0,0,no_action,,
1448,C2,2026-05-12,Parcel delivery failed,E0248,Sales,1_to_3y,easy_report_prompt,0,1,0,clicked_only,6.4,
1449,C2,2026-05-12,Parcel delivery failed,E0249,Engineering,over_3y,warning_banner,0,0,0,no_action,,
1450,C2,2026-05-12,Parcel delivery failed,E0250,Sales,over_3y,easy_report_prompt,0,1,0,clicked_only,1.9,
1451,C2,2026-05-12,Parcel delivery failed,E0251,Operations,1_to_3y,social_norm,1,0,0,no_action,,
1452,C2,2026-05-12,Parcel delivery failed,E0252,Sales,over_3y,none,0,1,0,clicked_only,2.8,
1453,C2,2026-05-12,Parcel delivery failed,E0253,Legal & Compliance,over_3y,easy_report_prompt,1,1,0,clicked_only,2.2,
1454,C2,2026-05-12,Parcel delivery failed,E0254,Legal & Compliance,1_to_3y,warning_banner,0,0,1,reported_only,,8.0
1455,C2,2026-05-12,Parcel delivery failed,E0255,Legal & Compliance,over_3y,loss_framing,1,0,0,no_action,,
1456,C2,2026-05-12,Parcel delivery failed,E0256,Operations,over_3y,easy_report_prompt,0,1,0,clicked_only,23.2,
1457,C2,2026-05-12,Parcel delivery failed,E0257,Engineering,under_1y,just_in_time_tip,0,0,0,no_action,,
1458,C2,2026-05-12,Parcel delivery failed,E0258,Finance,1_to_3y,none,0,0,0,no_action,,
1459,C2,2026-05-12,Parcel delivery failed,E0259,IT & Security,over_3y,just_in_time_tip,1,0,0,no_action,,
1460,C2,2026-05-12,Parcel delivery failed,E0260,Finance,1_to_3y,warning_banner,0,0,0,no_action,,
1461,C2,2026-05-12,Parcel delivery failed,E0261,Sales,1_to_3y,just_in_time_tip,0,0,0,no_action,,
1462,C2,2026-05-12,Parcel delivery failed,E0262,Finance,1_to_3y,warning_banner,0,0,0,no_action,,
1463,C2,2026-05-12,Parcel delivery failed,E0263,Engineering,over_3y,none,1,1,1,clicked_and_reported,23.6,25.2
1464,C2,2026-05-12,Parcel delivery failed,E0264,Engineering,over_3y,none,0,0,1,reported_only,,24.4
1465,C2,2026-05-12,Parcel delivery failed,E0265,Operations,under_1y,loss_framing,0,0,0,no_action,,
1466,C2,2026-05-12,Parcel delivery failed,E0266,Finance,over_3y,just_in_time_tip,0,0,1,reported_only,,34.6
1467,C2,2026-05-12,Parcel delivery failed,E0267,IT & Security,over_3y,just_in_time_tip,0,0,1,reported_only,,7.9
1468,C2,2026-05-12,Parcel delivery failed,E0268,Finance,1_to_3y,social_norm,0,0,0,no_action,,
1469,C2,2026-05-12,Parcel delivery failed,E0269,HR,1_to_3y,none,0,0,1,reported_only,,86.0
1470,C2,2026-05-12,Parcel delivery failed,E0270,Customer Support,1_to_3y,social_norm,1,0,0,no_action,,
1471,C2,2026-05-12,Parcel delivery failed,E0271,Finance,over_3y,warning_banner,0,0,0,no_action,,
1472,C2,2026-05-12,Parcel delivery failed,E0272,Finance,1_to_3y,loss_framing,0,0,0,no_action,,
1473,C2,2026-05-12,Parcel delivery failed,E0273,Sales,over_3y,loss_framing,0,0,0,no_action,,
1474,C2,2026-05-12,Parcel delivery failed,E0274,Operations,over_3y,loss_framing,0,0,0,no_action,,
1475,C2,2026-05-12,Parcel delivery failed,E0275,Engineering,over_3y,none,0,0,0,no_action,,
1476,C2,2026-05-12,Parcel delivery failed,E0276,Customer Support,over_3y,easy_report_prompt,0,1,0,clicked_only,1.2,
1477,C2,2026-05-12,Parcel delivery failed,E0277,Engineering,under_1y,warning_banner,0,0,0,no_action,,
1478,C2,2026-05-12,Parcel delivery failed,E0278,Engineering,1_to_3y,none,1,0,0,no_action,,
1479,C2,2026-05-12,Parcel delivery failed,E0279,Operations,1_to_3y,loss_framing,0,0,0,no_action,,
1480,C2,2026-05-12,Parcel delivery failed,E0280,IT & Security,under_1y,easy_report_prompt,0,0,1,reported_only,,7.2
1481,C2,2026-05-12,Parcel delivery failed,E0281,Engineering,1_to_3y,none,0,0,0,no_action,,
1482,C2,2026-05-12,Parcel delivery failed,E0282,Finance,1_to_3y,easy_report_prompt,0,0,0,no_action,,
1483,C2,2026-05-12,Parcel delivery failed,E0283,Engineering,under_1y,loss_framing,0,0,0,no_action,,
1484,C2,2026-05-12,Parcel delivery failed,E0284,Operations,under_1y,warning_banner,0,0,0,no_action,,
1485,C2,2026-05-12,Parcel delivery failed,E0285,Marketing,under_1y,warning_banner,0,0,0,no_action,,
1486,C2,2026-05-12,Parcel delivery failed,E0286,Marketing,under_1y,warning_banner,1,0,0,no_action,,
1487,C2,2026-05-12,Parcel delivery failed,E0287,Engineering,over_3y,social_norm,0,0,0,no_action,,
1488,C2,2026-05-12,Parcel delivery failed,E0288,IT & Security,1_to_3y,warning_banner,0,0,0,no_action,,
1489,C2,2026-05-12,Parcel delivery failed,E0289,Customer Support,over_3y,loss_framing,0,1,0,clicked_only,4.2,
1490,C2,2026-05-12,Parcel delivery failed,E0290,Legal & Compliance,under_1y,loss_framing,0,0,1,reported_only,,16.8
1491,C2,2026-05-12,Parcel delivery failed,E0291,Operations,over_3y,social_norm,0,0,0,no_action,,
1492,C2,2026-05-12,Parcel delivery failed,E0292,Customer Support,1_to_3y,loss_framing,0,1,0,clicked_only,2.2,
1493,C2,2026-05-12,Parcel delivery failed,E0293,Engineering,over_3y,loss_framing,0,1,0,clicked_only,39.0,
1494,C2,2026-05-12,Parcel delivery failed,E0294,Sales,over_3y,easy_report_prompt,0,1,0,clicked_only,3.8,
1495,C2,2026-05-12,Parcel delivery failed,E0295,IT & Security,1_to_3y,just_in_time_tip,0,0,0,no_action,,
1496,C2,2026-05-12,Parcel delivery failed,E0296,Sales,over_3y,just_in_time_tip,1,0,0,no_action,,
1497,C2,2026-05-12,Parcel delivery failed,E0297,Marketing,under_1y,just_in_time_tip,0,1,0,clicked_only,2.9,
1498,C2,2026-05-12,Parcel delivery failed,E0298,Engineering,over_3y,warning_banner,0,0,0,no_action,,
1499,C2,2026-05-12,Parcel delivery failed,E0299,Marketing,1_to_3y,none,1,0,0,no_action,,
1500,C2,2026-05-12,Parcel delivery failed,E0300,Sales,under_1y,social_norm,0,0,0,no_action,,
1501,C2,2026-05-12,Parcel delivery failed,E0301,Operations,1_to_3y,just_in_time_tip,0,1,0,clicked_only,3.7,
1502,C2,2026-05-12,Parcel delivery failed,E0302,Sales,under_1y,loss_framing,0,0,0,no_action,,
1503,C2,2026-05-12,Parcel delivery failed,E0303,Customer Support,over_3y,social_norm,0,0,0,no_action,,
1504,C2,2026-05-12,Parcel delivery failed,E0304,Sales,1_to_3y,none,1,1,0,clicked_only,19.2,
1505,C2,2026-05-12,Parcel delivery failed,E0305,Sales,1_to_3y,warning_banner,0,1,0,clicked_only,4.3,
1506,C2,2026-05-12,Parcel delivery failed,E0306,Operations,over_3y,social_norm,0,1,0,clicked_only,8.1,
1507,C2,2026-05-12,Parcel delivery failed,E0307,Sales,1_to_3y,none,0,0,0,no_action,,
1508,C2,2026-05-12,Parcel delivery failed,E0308,Sales,over_3y,easy_report_prompt,0,0,0,no_action,,
1509,C2,2026-05-12,Parcel delivery failed,E0309,IT & Security,over_3y,easy_report_prompt,0,0,0,no_action,,
1510,C2,2026-05-12,Parcel delivery failed,E0310,Engineering,over_3y,easy_report_prompt,0,0,0,no_action,,
1511,C2,2026-05-12,Parcel delivery failed,E0311,Customer Support,under_1y,warning_banner,1,0,0,no_action,,
1512,C2,2026-05-12,Parcel delivery failed,E0312,Engineering,1_to_3y,loss_framing,0,0,0,no_action,,
1513,C2,2026-05-12,Parcel delivery failed,E0313,Operations,1_to_3y,warning_banner,0,1,0,clicked_only,2.3,
1514,C2,2026-05-12,Parcel delivery failed,E0314,Marketing,over_3y,just_in_time_tip,1,0,0,no_action,,
1515,C2,2026-05-12,Parcel delivery failed,E0315,Operations,under_1y,easy_report_prompt,1,1,0,clicked_only,6.3,
1516,C2,2026-05-12,Parcel delivery failed,E0316,HR,under_1y,easy_report_prompt,0,0,1,reported_only,,150.9
1517,C2,2026-05-12,Parcel delivery failed,E0317,Engineering,over_3y,easy_report_prompt,0,1,1,clicked_and_reported,7.4,11.2
1518,C2,2026-05-12,Parcel delivery failed,E0318,Marketing,1_to_3y,warning_banner,0,0,0,no_action,,
1519,C2,2026-05-12,Parcel delivery failed,E0319,Finance,1_to_3y,none,0,0,0,no_action,,
1520,C2,2026-05-12,Parcel delivery failed,E0320,Operations,under_1y,none,0,1,0,clicked_only,18.9,
1521,C2,2026-05-12,Parcel delivery failed,E0321,Marketing,under_1y,easy_report_prompt,1,0,0,no_action,,
1522,C2,2026-05-12,Parcel delivery failed,E0322,Sales,1_to_3y,just_in_time_tip,0,1,0,clicked_only,25.6,
1523,C2,2026-05-12,Parcel delivery failed,E0323,Sales,1_to_3y,warning_banner,1,0,0,no_action,,
1524,C2,2026-05-12,Parcel delivery failed,E0324,Sales,over_3y,easy_report_prompt,0,1,0,clicked_only,3.3,
1525,C2,2026-05-12,Parcel delivery failed,E0325,HR,over_3y,just_in_time_tip,0,0,0,no_action,,
1526,C2,2026-05-12,Parcel delivery failed,E0326,Finance,1_to_3y,social_norm,1,1,0,clicked_only,8.6,
1527,C2,2026-05-12,Parcel delivery failed,E0327,Engineering,over_3y,just_in_time_tip,0,0,0,no_action,,
1528,C2,2026-05-12,Parcel delivery failed,E0328,Operations,under_1y,none,0,0,0,no_action,,
1529,C2,2026-05-12,Parcel delivery failed,E0329,Marketing,over_3y,easy_report_prompt,0,1,0,clicked_only,3.5,
1530,C2,2026-05-12,Parcel delivery failed,E0330,Sales,1_to_3y,social_norm,0,0,0,no_action,,
1531,C2,2026-05-12,Parcel delivery failed,E0331,IT & Security,over_3y,none,0,1,0,clicked_only,16.6,
1532,C2,2026-05-12,Parcel delivery failed,E0332,HR,over_3y,loss_framing,0,0,0,no_action,,
1533,C2,2026-05-12,Parcel delivery failed,E0333,Operations,over_3y,easy_report_prompt,1,0,1,reported_only,,17.8
1534,C2,2026-05-12,Parcel delivery failed,E0334,Sales,1_to_3y,none,0,1,0,clicked_only,11.8,
1535,C2,2026-05-12,Parcel delivery failed,E0335,Engineering,under_1y,warning_banner,0,0,0,no_action,,
1536,C2,2026-05-12,Parcel delivery failed,E0336,Operations,under_1y,social_norm,0,0,0,no_action,,
1537,C2,2026-05-12,Parcel delivery failed,E0337,Engineering,1_to_3y,none,0,0,0,no_action,,
1538,C2,2026-05-12,Parcel delivery failed,E0338,IT & Security,under_1y,social_norm,0,0,0,no_action,,
1539,C2,2026-05-12,Parcel delivery failed,E0339,Operations,1_to_3y,easy_report_prompt,0,1,0,clicked_only,1.3,
1540,C2,2026-05-12,Parcel delivery failed,E0340,Sales,over_3y,easy_report_prompt,1,0,0,no_action,,
1541,C2,2026-05-12,Parcel delivery failed,E0341,Operations,1_to_3y,loss_framing,0,0,0,no_action,,
1542,C2,2026-05-12,Parcel delivery failed,E0342,Engineering,1_to_3y,easy_report_prompt,0,1,0,clicked_only,3.7,
1543,C2,2026-05-12,Parcel delivery failed,E0343,Operations,over_3y,social_norm,0,1,0,clicked_only,11.5,
1544,C2,2026-05-12,Parcel delivery failed,E0344,Engineering,over_3y,social_norm,0,0,0,no_action,,
1545,C2,2026-05-12,Parcel delivery failed,E0345,Operations,1_to_3y,just_in_time_tip,0,0,0,no_action,,
1546,C2,2026-05-12,Parcel delivery failed,E0346,Operations,1_to_3y,loss_framing,0,1,0,clicked_only,2.8,
1547,C2,2026-05-12,Parcel delivery failed,E0347,Operations,1_to_3y,just_in_time_tip,0,0,0,no_action,,
1548,C2,2026-05-12,Parcel delivery failed,E0348,Customer Support,over_3y,social_norm,0,0,0,no_action,,
1549,C2,2026-05-12,Parcel delivery failed,E0349,IT & Security,under_1y,warning_banner,0,0,0,no_action,,
1550,C2,2026-05-12,Parcel delivery failed,E0350,Engineering,over_3y,easy_report_prompt,0,1,0,clicked_only,19.8,
1551,C2,2026-05-12,Parcel delivery failed,E0351,Customer Support,under_1y,social_norm,0,1,0,clicked_only,18.9,
1552,C2,2026-05-12,Parcel delivery failed,E0352,Engineering,1_to_3y,social_norm,1,0,0,no_action,,
1553,C2,2026-05-12,Parcel delivery failed,E0353,Engineering,over_3y,loss_framing,0,0,0,no_action,,
1554,C2,2026-05-12,Parcel delivery failed,E0354,Operations,under_1y,warning_banner,0,0,0,no_action,,
1555,C2,2026-05-12,Parcel delivery failed,E0355,Engineering,over_3y,loss_framing,0,0,0,no_action,,
1556,C2,2026-05-12,Parcel delivery failed,E0356,Operations,1_to_3y,none,0,1,0,clicked_only,28.4,
1557,C2,2026-05-12,Parcel delivery failed,E0357,Finance,1_to_3y,loss_framing,0,1,0,clicked_only,5.8,
1558,C2,2026-05-12,Parcel delivery failed,E0358,Marketing,1_to_3y,warning_banner,0,0,0,no_action,,
1559,C2,2026-05-12,Parcel delivery failed,E0359,Operations,under_1y,easy_report_prompt,0,0,0,no_action,,
1560,C2,2026-05-12,Parcel delivery failed,E0360,Engineering,1_to_3y,just_in_time_tip,0,0,0,no_action,,
1561,C2,2026-05-12,Parcel delivery failed,E0361,HR,1_to_3y,social_norm,0,1,0,clicked_only,8.0,
1562,C2,2026-05-12,Parcel delivery failed,E0362,Finance,over_3y,loss_framing,0,0,0,no_action,,
1563,C2,2026-05-12,Parcel delivery failed,E0363,Marketing,over_3y,easy_report_prompt,0,0,0,no_action,,
1564,C2,2026-05-12,Parcel delivery failed,E0364,Operations,over_3y,social_norm,1,0,0,no_action,,
1565,C2,2026-05-12,Parcel delivery failed,E0365,Operations,1_to_3y,loss_framing,0,1,0,clicked_only,2.3,
1566,C2,2026-05-12,Parcel delivery failed,E0366,Operations,over_3y,loss_framing,0,0,0,no_action,,
1567,C2,2026-05-12,Parcel delivery failed,E0367,Sales,over_3y,loss_framing,0,0,1,reported_only,,8.0
1568,C2,2026-05-12,Parcel delivery failed,E0368,Engineering,1_to_3y,easy_report_prompt,1,0,0,no_action,,
1569,C2,2026-05-12,Parcel delivery failed,E0369,Finance,under_1y,loss_framing,0,1,0,clicked_only,1.8,
1570,C2,2026-05-12,Parcel delivery failed,E0370,Customer Support,1_to_3y,easy_report_prompt,0,0,0,no_action,,
1571,C2,2026-05-12,Parcel delivery failed,E0371,Sales,over_3y,loss_framing,0,0,0,no_action,,
1572,C2,2026-05-12,Parcel delivery failed,E0372,Operations,1_to_3y,loss_framing,0,1,0,clicked_only,5.5,
1573,C2,2026-05-12,Parcel delivery failed,E0373,IT & Security,under_1y,warning_banner,0,0,0,no_action,,
1574,C2,2026-05-12,Parcel delivery failed,E0374,Legal & Compliance,over_3y,just_in_time_tip,0,0,0,no_action,,
1575,C2,2026-05-12,Parcel delivery failed,E0375,Finance,over_3y,none,0,0,0,no_action,,
1576,C2,2026-05-12,Parcel delivery failed,E0376,Customer Support,under_1y,just_in_time_tip,0,1,0,clicked_only,20.6,
1577,C2,2026-05-12,Parcel delivery failed,E0377,Customer Support,over_3y,easy_report_prompt,0,1,0,clicked_only,0.8,
1578,C2,2026-05-12,Parcel delivery failed,E0378,Engineering,1_to_3y,just_in_time_tip,1,0,0,no_action,,
1579,C2,2026-05-12,Parcel delivery failed,E0379,Engineering,1_to_3y,social_norm,1,0,0,no_action,,
1580,C2,2026-05-12,Parcel delivery failed,E0380,Sales,1_to_3y,easy_report_prompt,0,0,0,no_action,,
1581,C2,2026-05-12,Parcel delivery failed,E0381,Finance,1_to_3y,easy_report_prompt,1,0,0,no_action,,
1582,C2,2026-05-12,Parcel delivery failed,E0382,Operations,over_3y,none,0,0,0,no_action,,
1583,C2,2026-05-12,Parcel delivery failed,E0383,Customer Support,over_3y,loss_framing,0,1,1,clicked_and_reported,12.0,16.8
1584,C2,2026-05-12,Parcel delivery failed,E0384,Executive Office,1_to_3y,social_norm,0,0,0,no_action,,
1585,C2,2026-05-12,Parcel delivery failed,E0385,Legal & Compliance,1_to_3y,warning_banner,0,0,1,reported_only,,8.3
1586,C2,2026-05-12,Parcel delivery failed,E0386,Customer Support,under_1y,social_norm,0,1,0,clicked_only,62.0,
1587,C2,2026-05-12,Parcel delivery failed,E0387,Executive Office,1_to_3y,just_in_time_tip,0,0,0,no_action,,
1588,C2,2026-05-12,Parcel delivery failed,E0388,Finance,over_3y,social_norm,1,0,1,reported_only,,41.2
1589,C2,2026-05-12,Parcel delivery failed,E0389,HR,1_to_3y,social_norm,0,0,0,no_action,,
1590,C2,2026-05-12,Parcel delivery failed,E0390,Finance,over_3y,none,0,0,0,no_action,,
1591,C2,2026-05-12,Parcel delivery failed,E0391,Customer Support,1_to_3y,just_in_time_tip,0,0,0,no_action,,
1592,C2,2026-05-12,Parcel delivery failed,E0392,Engineering,over_3y,just_in_time_tip,0,0,1,reported_only,,22.3
1593,C2,2026-05-12,Parcel delivery failed,E0393,Sales,under_1y,none,0,0,0,no_action,,
1594,C2,2026-05-12,Parcel delivery failed,E0394,Sales,under_1y,loss_framing,0,1,0,clicked_only,7.5,
1595,C2,2026-05-12,Parcel delivery failed,E0395,Finance,1_to_3y,warning_banner,0,1,0,clicked_only,12.5,
1596,C2,2026-05-12,Parcel delivery failed,E0396,HR,over_3y,loss_framing,1,1,0,clicked_only,13.2,
1597,C2,2026-05-12,Parcel delivery failed,E0397,HR,over_3y,social_norm,0,1,0,clicked_only,0.6,
1598,C2,2026-05-12,Parcel delivery failed,E0398,IT & Security,1_to_3y,warning_banner,1,0,0,no_action,,
1599,C2,2026-05-12,Parcel delivery failed,E0399,Finance,1_to_3y,loss_framing,0,0,0,no_action,,
1600,C2,2026-05-12,Parcel delivery failed,E0400,Customer Support,under_1y,social_norm,0,1,0,clicked_only,1.1,
1601,C2,2026-05-12,Parcel delivery failed,E0401,Executive Office,over_3y,easy_report_prompt,0,0,0,no_action,,
1602,C2,2026-05-12,Parcel delivery failed,E0402,Sales,over_3y,none,0,1,0,clicked_only,4.6,
1603,C2,2026-05-12,Parcel delivery failed,E0403,Engineering,over_3y,just_in_time_tip,1,1,0,clicked_only,1.2,
1604,C2,2026-05-12,Parcel delivery failed,E0404,Sales,over_3y,social_norm,0,0,0,no_action,,
1605,C2,2026-05-12,Parcel delivery failed,E0405,Engineering,1_to_3y,warning_banner,1,1,0,clicked_only,1.5,
1606,C2,2026-05-12,Parcel delivery failed,E0406,Legal & Compliance,over_3y,social_norm,0,1,0,clicked_only,6.4,
1607,C2,2026-05-12,Parcel delivery failed,E0407,Finance,1_to_3y,just_in_time_tip,0,1,0,clicked_only,4.7,
1608,C2,2026-05-12,Parcel delivery failed,E0408,Operations,over_3y,none,0,0,0,no_action,,
1609,C2,2026-05-12,Parcel delivery failed,E0409,Customer Support,1_to_3y,warning_banner,0,0,0,no_action,,
1610,C2,2026-05-12,Parcel delivery failed,E0410,Sales,over_3y,just_in_time_tip,0,1,1,clicked_and_reported,4.3,22.6
1611,C2,2026-05-12,Parcel delivery failed,E0411,HR,1_to_3y,social_norm,0,0,0,no_action,,
1612,C2,2026-05-12,Parcel delivery failed,E0412,IT & Security,1_to_3y,just_in_time_tip,0,0,1,reported_only,,7.9
1613,C2,2026-05-12,Parcel delivery failed,E0413,Legal & Compliance,1_to_3y,easy_report_prompt,0,0,0,no_action,,
1614,C2,2026-05-12,Parcel delivery failed,E0414,Marketing,1_to_3y,none,0,0,0,no_action,,
1615,C2,2026-05-12,Parcel delivery failed,E0415,Engineering,under_1y,just_in_time_tip,0,0,0,no_action,,
1616,C2,2026-05-12,Parcel delivery failed,E0416,Sales,over_3y,easy_report_prompt,0,0,0,no_action,,
1617,C2,2026-05-12,Parcel delivery failed,E0417,Engineering,over_3y,none,0,0,1,reported_only,,7.5
1618,C2,2026-05-12,Parcel delivery failed,E0418,Engineering,1_to_3y,warning_banner,1,0,0,no_action,,
1619,C2,2026-05-12,Parcel delivery failed,E0419,Executive Office,over_3y,just_in_time_tip,1,0,0,no_action,,
1620,C2,2026-05-12,Parcel delivery failed,E0420,Sales,over_3y,warning_banner,0,1,0,clicked_only,1.9,
1621,C2,2026-05-12,Parcel delivery failed,E0421,HR,over_3y,social_norm,0,1,0,clicked_only,14.6,
1622,C2,2026-05-12,Parcel delivery failed,E0422,Customer Support,over_3y,loss_framing,0,1,0,clicked_only,6.8,
1623,C2,2026-05-12,Parcel delivery failed,E0423,Customer Support,over_3y,warning_banner,0,1,0,clicked_only,9.3,
1624,C2,2026-05-12,Parcel delivery failed,E0424,Sales,over_3y,social_norm,1,0,0,no_action,,
1625,C2,2026-05-12,Parcel delivery failed,E0425,Engineering,over_3y,none,0,0,0,no_action,,
1626,C2,2026-05-12,Parcel delivery failed,E0426,Customer Support,over_3y,loss_framing,0,0,0,no_action,,
1627,C2,2026-05-12,Parcel delivery failed,E0427,Operations,over_3y,warning_banner,0,0,0,no_action,,
1628,C2,2026-05-12,Parcel delivery failed,E0428,Sales,1_to_3y,warning_banner,1,1,0,clicked_only,7.5,
1629,C2,2026-05-12,Parcel delivery failed,E0429,Marketing,under_1y,warning_banner,0,0,1,reported_only,,12.3
1630,C2,2026-05-12,Parcel delivery failed,E0430,Sales,over_3y,just_in_time_tip,0,0,0,no_action,,
1631,C2,2026-05-12,Parcel delivery failed,E0431,Engineering,1_to_3y,none,0,0,0,no_action,,
1632,C2,2026-05-12,Parcel delivery failed,E0432,Finance,over_3y,warning_banner,0,0,1,reported_only,,2.9
1633,C2,2026-05-12,Parcel delivery failed,E0433,Sales,over_3y,loss_framing,0,1,0,clicked_only,1.2,
1634,C2,2026-05-12,Parcel delivery failed,E0434,Operations,over_3y,easy_report_prompt,0,1,0,clicked_only,3.3,
1635,C2,2026-05-12,Parcel delivery failed,E0435,Executive Office,1_to_3y,loss_framing,0,0,0,no_action,,
1636,C2,2026-05-12,Parcel delivery failed,E0436,Engineering,over_3y,loss_framing,0,0,0,no_action,,
1637,C2,2026-05-12,Parcel delivery failed,E0437,Customer Support,over_3y,loss_framing,1,1,0,clicked_only,1.2,
1638,C2,2026-05-12,Parcel delivery failed,E0438,Finance,under_1y,none,0,0,0,no_action,,
1639,C2,2026-05-12,Parcel delivery failed,E0439,Finance,over_3y,easy_report_prompt,1,0,0,no_action,,
1640,C2,2026-05-12,Parcel delivery failed,E0440,Customer Support,over_3y,warning_banner,0,0,0,no_action,,
1641,C2,2026-05-12,Parcel delivery failed,E0441,Marketing,over_3y,easy_report_prompt,0,0,0,no_action,,
1642,C2,2026-05-12,Parcel delivery failed,E0442,Customer Support,1_to_3y,social_norm,0,1,0,clicked_only,112.9,
1643,C2,2026-05-12,Parcel delivery failed,E0443,Customer Support,over_3y,loss_framing,0,1,0,clicked_only,5.8,
1644,C2,2026-05-12,Parcel delivery failed,E0444,Customer Support,under_1y,just_in_time_tip,0,1,0,clicked_only,2.3,
1645,C2,2026-05-12,Parcel delivery failed,E0445,Engineering,over_3y,none,0,0,0,no_action,,
1646,C2,2026-05-12,Parcel delivery failed,E0446,IT & Security,over_3y,warning_banner,0,0,0,no_action,,
1647,C2,2026-05-12,Parcel delivery failed,E0447,Engineering,1_to_3y,loss_framing,0,0,1,reported_only,,72.5
1648,C2,2026-05-12,Parcel delivery failed,E0448,Operations,under_1y,social_norm,0,0,0,no_action,,
1649,C2,2026-05-12,Parcel delivery failed,E0449,HR,over_3y,easy_report_prompt,0,1,0,clicked_only,7.3,
1650,C2,2026-05-12,Parcel delivery failed,E0450,Operations,1_to_3y,easy_report_prompt,1,1,0,clicked_only,2.7,
1651,C2,2026-05-12,Parcel delivery failed,E0451,Legal & Compliance,1_to_3y,social_norm,1,1,0,clicked_only,54.5,
1652,C2,2026-05-12,Parcel delivery failed,E0452,Finance,over_3y,social_norm,0,1,0,clicked_only,5.6,
1653,C2,2026-05-12,Parcel delivery failed,E0453,Operations,over_3y,warning_banner,1,0,0,no_action,,
1654,C2,2026-05-12,Parcel delivery failed,E0454,Sales,over_3y,none,1,0,0,no_action,,
1655,C2,2026-05-12,Parcel delivery failed,E0455,Operations,over_3y,none,0,0,0,no_action,,
1656,C2,2026-05-12,Parcel delivery failed,E0456,Finance,under_1y,loss_framing,0,0,0,no_action,,
1657,C2,2026-05-12,Parcel delivery failed,E0457,Engineering,1_to_3y,none,0,0,1,reported_only,,10.4
1658,C2,2026-05-12,Parcel delivery failed,E0458,Engineering,1_to_3y,none,0,0,0,no_action,,
1659,C2,2026-05-12,Parcel delivery failed,E0459,Legal & Compliance,1_to_3y,none,0,0,0,no_action,,
1660,C2,2026-05-12,Parcel delivery failed,E0460,Operations,under_1y,none,1,0,0,no_action,,
1661,C2,2026-05-12,Parcel delivery failed,E0461,Engineering,1_to_3y,just_in_time_tip,0,0,1,reported_only,,55.5
1662,C2,2026-05-12,Parcel delivery failed,E0462,IT & Security,1_to_3y,warning_banner,0,0,0,no_action,,
1663,C2,2026-05-12,Parcel delivery failed,E0463,HR,under_1y,loss_framing,0,0,0,no_action,,
1664,C2,2026-05-12,Parcel delivery failed,E0464,Sales,1_to_3y,easy_report_prompt,0,0,0,no_action,,
1665,C2,2026-05-12,Parcel delivery failed,E0465,Legal & Compliance,1_to_3y,warning_banner,0,0,0,no_action,,
1666,C2,2026-05-12,Parcel delivery failed,E0466,Sales,over_3y,easy_report_prompt,0,0,0,no_action,,
1667,C2,2026-05-12,Parcel delivery failed,E0467,Engineering,1_to_3y,easy_report_prompt,0,0,0,no_action,,
1668,C2,2026-05-12,Parcel delivery failed,E0468,Sales,1_to_3y,social_norm,0,0,0,no_action,,
1669,C2,2026-05-12,Parcel delivery failed,E0469,IT & Security,under_1y,loss_framing,0,0,0,no_action,,
1670,C2,2026-05-12,Parcel delivery failed,E0470,Engineering,1_to_3y,warning_banner,0,0,0,no_action,,
1671,C2,2026-05-12,Parcel delivery failed,E0471,Legal & Compliance,1_to_3y,none,0,0,0,no_action,,
1672,C2,2026-05-12,Parcel delivery failed,E0472,Engineering,under_1y,just_in_time_tip,1,0,0,no_action,,
1673,C2,2026-05-12,Parcel delivery failed,E0473,Engineering,1_to_3y,just_in_time_tip,0,0,0,no_action,,
1674,C2,2026-05-12,Parcel delivery failed,E0474,HR,1_to_3y,easy_report_prompt,0,0,0,no_action,,
1675,C2,2026-05-12,Parcel delivery failed,E0475,Operations,1_to_3y,warning_banner,0,1,0,clicked_only,5.8,
1676,C2,2026-05-12,Parcel delivery failed,E0476,Customer Support,1_to_3y,social_norm,0,0,0,no_action,,
1677,C2,2026-05-12,Parcel delivery failed,E0477,Marketing,over_3y,none,0,1,1,clicked_and_reported,1.3,6.0
1678,C2,2026-05-12,Parcel delivery failed,E0478,IT & Security,1_to_3y,warning_banner,0,0,0,no_action,,
1679,C2,2026-05-12,Parcel delivery failed,E0479,Finance,1_to_3y,none,0,0,0,no_action,,
1680,C2,2026-05-12,Parcel delivery failed,E0480,IT & Security,over_3y,none,0,0,0,no_action,,
1681,C2,2026-05-12,Parcel delivery failed,E0481,IT & Security,over_3y,warning_banner,0,0,0,no_action,,
1682,C2,2026-05-12,Parcel delivery failed,E0482,Sales,over_3y,social_norm,0,0,0,no_action,,
1683,C2,2026-05-12,Parcel delivery failed,E0483,Marketing,1_to_3y,easy_report_prompt,0,1,0,clicked_only,7.4,
1684,C2,2026-05-12,Parcel delivery failed,E0484,Sales,under_1y,none,1,1,0,clicked_only,60.6,
1685,C2,2026-05-12,Parcel delivery failed,E0485,Finance,over_3y,just_in_time_tip,1,1,0,clicked_only,18.4,
1686,C2,2026-05-12,Parcel delivery failed,E0486,IT & Security,over_3y,social_norm,0,0,0,no_action,,
1687,C2,2026-05-12,Parcel delivery failed,E0487,Legal & Compliance,over_3y,easy_report_prompt,0,0,0,no_action,,
1688,C2,2026-05-12,Parcel delivery failed,E0488,Customer Support,under_1y,social_norm,0,0,0,no_action,,
1689,C2,2026-05-12,Parcel delivery failed,E0489,Customer Support,under_1y,social_norm,0,0,0,no_action,,
1690,C2,2026-05-12,Parcel delivery failed,E0490,Finance,over_3y,just_in_time_tip,0,0,0,no_action,,
1691,C2,2026-05-12,Parcel delivery failed,E0491,Finance,1_to_3y,social_norm,0,0,0,no_action,,
1692,C2,2026-05-12,Parcel delivery failed,E0492,Sales,over_3y,easy_report_prompt,0,0,1,reported_only,,50.3
1693,C2,2026-05-12,Parcel delivery failed,E0493,Engineering,over_3y,social_norm,0,0,0,no_action,,
1694,C2,2026-05-12,Parcel delivery failed,E0494,Sales,1_to_3y,easy_report_prompt,1,1,0,clicked_only,51.0,
1695,C2,2026-05-12,Parcel delivery failed,E0495,Finance,over_3y,easy_report_prompt,0,0,1,reported_only,,21.8
1696,C2,2026-05-12,Parcel delivery failed,E0496,HR,1_to_3y,just_in_time_tip,0,0,0,no_action,,
1697,C2,2026-05-12,Parcel delivery failed,E0497,Engineering,over_3y,just_in_time_tip,0,0,0,no_action,,
1698,C2,2026-05-12,Parcel delivery failed,E0498,Finance,over_3y,loss_framing,0,0,0,no_action,,
1699,C2,2026-05-12,Parcel delivery failed,E0499,Sales,over_3y,social_norm,0,0,0,no_action,,
1700,C2,2026-05-12,Parcel delivery failed,E0500,Finance,1_to_3y,just_in_time_tip,0,0,0,no_action,,
1701,C2,2026-05-12,Parcel delivery failed,E0501,Operations,under_1y,loss_framing,0,1,0,clicked_only,8.7,
1702,C2,2026-05-12,Parcel delivery failed,E0502,Engineering,1_to_3y,easy_report_prompt,0,0,0,no_action,,
1703,C2,2026-05-12,Parcel delivery failed,E0503,Engineering,over_3y,loss_framing,0,1,0,clicked_only,13.8,
1704,C2,2026-05-12,Parcel delivery failed,E0504,IT & Security,over_3y,none,1,0,0,no_action,,
1705,C2,2026-05-12,Parcel delivery failed,E0505,Engineering,1_to_3y,warning_banner,0,0,0,no_action,,
1706,C2,2026-05-12,Parcel delivery failed,E0506,Finance,1_to_3y,warning_banner,0,0,0,no_action,,
1707,C2,2026-05-12,Parcel delivery failed,E0507,Sales,over_3y,social_norm,0,0,0,no_action,,
1708,C2,2026-05-12,Parcel delivery failed,E0508,HR,1_to_3y,loss_framing,0,0,0,no_action,,
1709,C2,2026-05-12,Parcel delivery failed,E0509,Marketing,over_3y,none,0,0,0,no_action,,
1710,C2,2026-05-12,Parcel delivery failed,E0510,IT & Security,over_3y,warning_banner,0,0,0,no_action,,
1711,C2,2026-05-12,Parcel delivery failed,E0511,HR,over_3y,social_norm,0,0,0,no_action,,
1712,C2,2026-05-12,Parcel delivery failed,E0512,Engineering,under_1y,warning_banner,0,0,0,no_action,,
1713,C2,2026-05-12,Parcel delivery failed,E0513,Operations,over_3y,easy_report_prompt,1,0,0,no_action,,
1714,C2,2026-05-12,Parcel delivery failed,E0514,Engineering,under_1y,loss_framing,0,0,0,no_action,,
1715,C2,2026-05-12,Parcel delivery failed,E0515,Finance,1_to_3y,loss_framing,0,0,0,no_action,,
1716,C2,2026-05-12,Parcel delivery failed,E0516,Sales,over_3y,loss_framing,0,0,0,no_action,,
1717,C2,2026-05-12,Parcel delivery failed,E0517,Executive Office,over_3y,social_norm,1,0,0,no_action,,
1718,C2,2026-05-12,Parcel delivery failed,E0518,Operations,under_1y,social_norm,0,1,0,clicked_only,6.5,
1719,C2,2026-05-12,Parcel delivery failed,E0519,Finance,over_3y,just_in_time_tip,0,0,0,no_action,,
1720,C2,2026-05-12,Parcel delivery failed,E0520,Sales,1_to_3y,warning_banner,1,0,1,reported_only,,17.6
1721,C2,2026-05-12,Parcel delivery failed,E0521,Marketing,over_3y,none,0,0,0,no_action,,
1722,C2,2026-05-12,Parcel delivery failed,E0522,Engineering,over_3y,just_in_time_tip,0,0,1,reported_only,,187.5
1723,C2,2026-05-12,Parcel delivery failed,E0523,Executive Office,over_3y,warning_banner,0,0,0,no_action,,
1724,C2,2026-05-12,Parcel delivery failed,E0524,Legal & Compliance,over_3y,easy_report_prompt,0,0,1,reported_only,,64.7
1725,C2,2026-05-12,Parcel delivery failed,E0525,Engineering,under_1y,easy_report_prompt,0,0,0,no_action,,
1726,C2,2026-05-12,Parcel delivery failed,E0526,Engineering,1_to_3y,loss_framing,0,1,0,clicked_only,8.2,
1727,C2,2026-05-12,Parcel delivery failed,E0527,Marketing,under_1y,social_norm,1,1,0,clicked_only,1.4,
1728,C2,2026-05-12,Parcel delivery failed,E0528,Executive Office,1_to_3y,none,0,0,0,no_action,,
1729,C2,2026-05-12,Parcel delivery failed,E0529,Sales,1_to_3y,easy_report_prompt,0,0,0,no_action,,
1730,C2,2026-05-12,Parcel delivery failed,E0530,Legal & Compliance,1_to_3y,just_in_time_tip,0,0,1,reported_only,,2.5
1731,C2,2026-05-12,Parcel delivery failed,E0531,Operations,1_to_3y,easy_report_prompt,0,0,0,no_action,,
1732,C2,2026-05-12,Parcel delivery failed,E0532,Operations,1_to_3y,loss_framing,1,0,0,no_action,,
1733,C2,2026-05-12,Parcel delivery failed,E0533,Engineering,over_3y,none,0,0,0,no_action,,
1734,C2,2026-05-12,Parcel delivery failed,E0534,Operations,under_1y,just_in_time_tip,0,0,0,no_action,,
1735,C2,2026-05-12,Parcel delivery failed,E0535,Engineering,1_to_3y,loss_framing,0,0,0,no_action,,
1736,C2,2026-05-12,Parcel delivery failed,E0536,Engineering,over_3y,just_in_time_tip,0,0,1,reported_only,,12.5
1737,C2,2026-05-12,Parcel delivery failed,E0537,Sales,under_1y,easy_report_prompt,0,0,1,reported_only,,7.5
1738,C2,2026-05-12,Parcel delivery failed,E0538,HR,1_to_3y,warning_banner,1,0,0,no_action,,
1739,C2,2026-05-12,Parcel delivery failed,E0539,Operations,1_to_3y,none,0,1,0,clicked_only,46.4,
1740,C2,2026-05-12,Parcel delivery failed,E0540,Sales,over_3y,none,0,1,0,clicked_only,2.6,
1741,C2,2026-05-12,Parcel delivery failed,E0541,IT & Security,under_1y,just_in_time_tip,1,0,1,reported_only,,1.1
1742,C2,2026-05-12,Parcel delivery failed,E0542,Operations,under_1y,none,0,1,0,clicked_only,9.6,
1743,C2,2026-05-12,Parcel delivery failed,E0543,Customer Support,1_to_3y,none,0,0,0,no_action,,
1744,C2,2026-05-12,Parcel delivery failed,E0544,Customer Support,over_3y,easy_report_prompt,0,1,1,clicked_and_reported,21.8,27.3
1745,C2,2026-05-12,Parcel delivery failed,E0545,HR,over_3y,easy_report_prompt,1,0,0,no_action,,
1746,C2,2026-05-12,Parcel delivery failed,E0546,Marketing,1_to_3y,none,0,0,0,no_action,,
1747,C2,2026-05-12,Parcel delivery failed,E0547,IT & Security,over_3y,just_in_time_tip,0,0,1,reported_only,,10.7
1748,C2,2026-05-12,Parcel delivery failed,E0548,Customer Support,over_3y,none,0,1,1,clicked_and_reported,72.4,95.1
1749,C2,2026-05-12,Parcel delivery failed,E0549,Sales,over_3y,warning_banner,0,0,0,no_action,,
1750,C2,2026-05-12,Parcel delivery failed,E0550,Sales,over_3y,loss_framing,0,0,0,no_action,,
1751,C2,2026-05-12,Parcel delivery failed,E0551,Executive Office,over_3y,just_in_time_tip,0,1,0,clicked_only,1.0,
1752,C2,2026-05-12,Parcel delivery failed,E0552,Operations,under_1y,loss_framing,0,1,0,clicked_only,11.7,
1753,C2,2026-05-12,Parcel delivery failed,E0553,Customer Support,over_3y,easy_report_prompt,0,1,0,clicked_only,60.9,
1754,C2,2026-05-12,Parcel delivery failed,E0554,Legal & Compliance,over_3y,social_norm,0,0,0,no_action,,
1755,C2,2026-05-12,Parcel delivery failed,E0555,Marketing,under_1y,loss_framing,0,0,0,no_action,,
1756,C2,2026-05-12,Parcel delivery failed,E0556,IT & Security,under_1y,easy_report_prompt,0,0,1,reported_only,,15.8
1757,C2,2026-05-12,Parcel delivery failed,E0557,Engineering,under_1y,none,0,1,0,clicked_only,29.1,
1758,C2,2026-05-12,Parcel delivery failed,E0558,Customer Support,1_to_3y,warning_banner,0,1,0,clicked_only,15.0,
1759,C2,2026-05-12,Parcel delivery failed,E0559,IT & Security,under_1y,none,0,0,1,reported_only,,3.6
1760,C2,2026-05-12,Parcel delivery failed,E0560,Engineering,1_to_3y,loss_framing,0,0,0,no_action,,
1761,C2,2026-05-12,Parcel delivery failed,E0561,Finance,under_1y,just_in_time_tip,0,0,1,reported_only,,51.6
1762,C2,2026-05-12,Parcel delivery failed,E0562,Marketing,under_1y,none,0,0,0,no_action,,
1763,C2,2026-05-12,Parcel delivery failed,E0563,Engineering,under_1y,easy_report_prompt,0,1,0,clicked_only,22.8,
1764,C2,2026-05-12,Parcel delivery failed,E0564,Legal & Compliance,under_1y,social_norm,0,0,0,no_action,,
1765,C2,2026-05-12,Parcel delivery failed,E0565,HR,over_3y,warning_banner,0,1,0,clicked_only,1.1,
1766,C2,2026-05-12,Parcel delivery failed,E0566,Engineering,over_3y,easy_report_prompt,0,0,1,reported_only,,161.5
1767,C2,2026-05-12,Parcel delivery failed,E0567,Customer Support,over_3y,none,0,0,0,no_action,,
1768,C2,2026-05-12,Parcel delivery failed,E0568,Engineering,over_3y,none,1,0,0,no_action,,
1769,C2,2026-05-12,Parcel delivery failed,E0569,Operations,1_to_3y,warning_banner,0,0,0,no_action,,
1770,C2,2026-05-12,Parcel delivery failed,E0570,Operations,over_3y,easy_report_prompt,0,0,0,no_action,,
1771,C2,2026-05-12,Parcel delivery failed,E0571,Engineering,over_3y,loss_framing,0,0,0,no_action,,
1772,C2,2026-05-12,Parcel delivery failed,E0572,Customer Support,1_to_3y,just_in_time_tip,0,0,0,no_action,,
1773,C2,2026-05-12,Parcel delivery failed,E0573,Customer Support,over_3y,warning_banner,0,0,1,reported_only,,26.1
1774,C2,2026-05-12,Parcel delivery failed,E0574,Operations,1_to_3y,none,0,0,0,no_action,,
1775,C2,2026-05-12,Parcel delivery failed,E0575,Engineering,under_1y,loss_framing,0,0,0,no_action,,
1776,C2,2026-05-12,Parcel delivery failed,E0576,Customer Support,under_1y,none,0,1,0,clicked_only,5.5,
1777,C2,2026-05-12,Parcel delivery failed,E0577,Operations,over_3y,social_norm,0,0,0,no_action,,
1778,C2,2026-05-12,Parcel delivery failed,E0578,Customer Support,1_to_3y,just_in_time_tip,1,0,0,no_action,,
1779,C2,2026-05-12,Parcel delivery failed,E0579,Operations,over_3y,warning_banner,0,1,0,clicked_only,5.1,
1780,C2,2026-05-12,Parcel delivery failed,E0580,Finance,1_to_3y,just_in_time_tip,0,0,0,no_action,,
1781,C2,2026-05-12,Parcel delivery failed,E0581,Sales,under_1y,loss_framing,1,0,1,reported_only,,10.5
1782,C2,2026-05-12,Parcel delivery failed,E0582,Engineering,1_to_3y,just_in_time_tip,1,0,0,no_action,,
1783,C2,2026-05-12,Parcel delivery failed,E0583,Customer Support,under_1y,social_norm,0,0,0,no_action,,
1784,C2,2026-05-12,Parcel delivery failed,E0584,Sales,over_3y,loss_framing,0,0,0,no_action,,
1785,C2,2026-05-12,Parcel delivery failed,E0585,IT & Security,1_to_3y,easy_report_prompt,1,0,0,no_action,,
1786,C2,2026-05-12,Parcel delivery failed,E0586,Engineering,over_3y,loss_framing,0,0,0,no_action,,
1787,C2,2026-05-12,Parcel delivery failed,E0587,Engineering,under_1y,warning_banner,0,0,1,reported_only,,8.2
1788,C2,2026-05-12,Parcel delivery failed,E0588,Engineering,under_1y,just_in_time_tip,0,0,0,no_action,,
1789,C2,2026-05-12,Parcel delivery failed,E0589,Customer Support,under_1y,loss_framing,1,1,0,clicked_only,11.3,
1790,C2,2026-05-12,Parcel delivery failed,E0590,Finance,over_3y,just_in_time_tip,0,0,0,no_action,,
1791,C2,2026-05-12,Parcel delivery failed,E0591,Finance,1_to_3y,just_in_time_tip,0,0,0,no_action,,
1792,C2,2026-05-12,Parcel delivery failed,E0592,Operations,1_to_3y,easy_report_prompt,0,0,0,no_action,,
1793,C2,2026-05-12,Parcel delivery failed,E0593,Customer Support,1_to_3y,loss_framing,1,1,0,clicked_only,6.2,
1794,C2,2026-05-12,Parcel delivery failed,E0594,Executive Office,under_1y,loss_framing,0,0,0,no_action,,
1795,C2,2026-05-12,Parcel delivery failed,E0595,Sales,under_1y,none,0,0,0,no_action,,
1796,C2,2026-05-12,Parcel delivery failed,E0596,Operations,1_to_3y,loss_framing,0,0,1,reported_only,,43.6
1797,C2,2026-05-12,Parcel delivery failed,E0597,Operations,1_to_3y,easy_report_prompt,0,1,0,clicked_only,2.6,
1798,C2,2026-05-12,Parcel delivery failed,E0598,Engineering,over_3y,social_norm,0,0,0,no_action,,
1799,C2,2026-05-12,Parcel delivery failed,E0599,Finance,over_3y,easy_report_prompt,0,1,0,clicked_only,3.8,
1800,C2,2026-05-12,Parcel delivery failed,E0600,IT & Security,over_3y,just_in_time_tip,1,0,0,no_action,,
1801,C2,2026-05-12,Parcel delivery failed,E0601,Engineering,under_1y,warning_banner,1,0,1,reported_only,,76.6
1802,C2,2026-05-12,Parcel delivery failed,E0602,Finance,1_to_3y,none,0,0,1,reported_only,,2.3
1803,C2,2026-05-12,Parcel delivery failed,E0603,Operations,under_1y,just_in_time_tip,0,0,0,no_action,,
1804,C2,2026-05-12,Parcel delivery failed,E0604,Sales,over_3y,none,0,0,0,no_action,,
1805,C2,2026-05-12,Parcel delivery failed,E0605,Finance,1_to_3y,warning_banner,0,0,0,no_action,,
1806,C2,2026-05-12,Parcel delivery failed,E0606,Engineering,1_to_3y,warning_banner,0,1,0,clicked_only,4.2,
1807,C2,2026-05-12,Parcel delivery failed,E0607,Engineering,1_to_3y,warning_banner,0,0,1,reported_only,,5.7
1808,C2,2026-05-12,Parcel delivery failed,E0608,Sales,under_1y,just_in_time_tip,0,0,0,no_action,,
1809,C2,2026-05-12,Parcel delivery failed,E0609,Legal & Compliance,over_3y,none,0,0,1,reported_only,,8.2
1810,C2,2026-05-12,Parcel delivery failed,E0610,Customer Support,1_to_3y,warning_banner,0,0,0,no_action,,
1811,C2,2026-05-12,Parcel delivery failed,E0611,Engineering,1_to_3y,just_in_time_tip,0,0,0,no_action,,
1812,C2,2026-05-12,Parcel delivery failed,E0612,Executive Office,over_3y,loss_framing,0,0,0,no_action,,
1813,C2,2026-05-12,Parcel delivery failed,E0613,Customer Support,1_to_3y,none,0,0,0,no_action,,
1814,C2,2026-05-12,Parcel delivery failed,E0614,HR,over_3y,just_in_time_tip,0,0,0,no_action,,
1815,C2,2026-05-12,Parcel delivery failed,E0615,IT & Security,over_3y,none,0,0,1,reported_only,,39.5
1816,C2,2026-05-12,Parcel delivery failed,E0616,Operations,under_1y,social_norm,0,0,0,no_action,,
1817,C2,2026-05-12,Parcel delivery failed,E0617,Engineering,1_to_3y,loss_framing,0,0,0,no_action,,
1818,C2,2026-05-12,Parcel delivery failed,E0618,Marketing,under_1y,easy_report_prompt,0,0,0,no_action,,
1819,C2,2026-05-12,Parcel delivery failed,E0619,Marketing,1_to_3y,just_in_time_tip,0,0,1,reported_only,,25.9
1820,C2,2026-05-12,Parcel delivery failed,E0620,Sales,1_to_3y,warning_banner,0,0,0,no_action,,
1821,C2,2026-05-12,Parcel delivery failed,E0621,HR,over_3y,just_in_time_tip,0,0,1,reported_only,,9.1
1822,C2,2026-05-12,Parcel delivery failed,E0622,Marketing,1_to_3y,social_norm,0,0,0,no_action,,
1823,C2,2026-05-12,Parcel delivery failed,E0623,Sales,1_to_3y,loss_framing,0,1,0,clicked_only,14.2,
1824,C2,2026-05-12,Parcel delivery failed,E0624,Customer Support,1_to_3y,loss_framing,0,1,0,clicked_only,6.4,
1825,C2,2026-05-12,Parcel delivery failed,E0625,Finance,over_3y,social_norm,0,0,1,reported_only,,30.8
1826,C2,2026-05-12,Parcel delivery failed,E0626,IT & Security,over_3y,none,0,1,0,clicked_only,8.6,
1827,C2,2026-05-12,Parcel delivery failed,E0627,IT & Security,under_1y,none,0,0,1,reported_only,,10.5
1828,C2,2026-05-12,Parcel delivery failed,E0628,Sales,over_3y,social_norm,1,0,0,no_action,,
1829,C2,2026-05-12,Parcel delivery failed,E0629,Customer Support,under_1y,just_in_time_tip,0,0,0,no_action,,
1830,C2,2026-05-12,Parcel delivery failed,E0630,Finance,over_3y,social_norm,0,0,0,no_action,,
1831,C2,2026-05-12,Parcel delivery failed,E0631,IT & Security,under_1y,social_norm,0,0,0,no_action,,
1832,C2,2026-05-12,Parcel delivery failed,E0632,Operations,under_1y,none,1,1,0,clicked_only,2.5,
1833,C2,2026-05-12,Parcel delivery failed,E0633,HR,over_3y,loss_framing,0,0,0,no_action,,
1834,C2,2026-05-12,Parcel delivery failed,E0634,Engineering,over_3y,none,0,0,1,reported_only,,36.7
1835,C2,2026-05-12,Parcel delivery failed,E0635,Sales,1_to_3y,just_in_time_tip,0,0,0,no_action,,
1836,C2,2026-05-12,Parcel delivery failed,E0636,Operations,under_1y,warning_banner,1,1,0,clicked_only,3.9,
1837,C2,2026-05-12,Parcel delivery failed,E0637,Operations,1_to_3y,social_norm,0,0,0,no_action,,
1838,C2,2026-05-12,Parcel delivery failed,E0638,Marketing,1_to_3y,none,0,0,0,no_action,,
1839,C2,2026-05-12,Parcel delivery failed,E0639,HR,1_to_3y,loss_framing,0,1,0,clicked_only,17.9,
1840,C2,2026-05-12,Parcel delivery failed,E0640,Customer Support,under_1y,none,0,0,0,no_action,,
1841,C2,2026-05-12,Parcel delivery failed,E0641,Engineering,1_to_3y,just_in_time_tip,0,1,0,clicked_only,8.6,
1842,C2,2026-05-12,Parcel delivery failed,E0642,Operations,under_1y,just_in_time_tip,0,1,0,clicked_only,22.4,
1843,C2,2026-05-12,Parcel delivery failed,E0643,Operations,under_1y,loss_framing,0,0,0,no_action,,
1844,C2,2026-05-12,Parcel delivery failed,E0644,Customer Support,over_3y,easy_report_prompt,1,0,0,no_action,,
1845,C2,2026-05-12,Parcel delivery failed,E0645,Sales,over_3y,none,0,0,0,no_action,,
1846,C2,2026-05-12,Parcel delivery failed,E0646,Finance,over_3y,loss_framing,1,0,0,no_action,,
1847,C2,2026-05-12,Parcel delivery failed,E0647,Customer Support,over_3y,just_in_time_tip,0,0,0,no_action,,
1848,C2,2026-05-12,Parcel delivery failed,E0648,Executive Office,1_to_3y,warning_banner,0,0,0,no_action,,
1849,C2,2026-05-12,Parcel delivery failed,E0649,Engineering,over_3y,easy_report_prompt,0,0,1,reported_only,,9.3
1850,C2,2026-05-12,Parcel delivery failed,E0650,Sales,over_3y,loss_framing,0,0,0,no_action,,
1851,C2,2026-05-12,Parcel delivery failed,E0651,Sales,over_3y,warning_banner,0,0,0,no_action,,
1852,C2,2026-05-12,Parcel delivery failed,E0652,Finance,1_to_3y,social_norm,0,0,0,no_action,,
1853,C2,2026-05-12,Parcel delivery failed,E0653,HR,over_3y,social_norm,0,1,0,clicked_only,97.5,
1854,C2,2026-05-12,Parcel delivery failed,E0654,Executive Office,over_3y,warning_banner,0,0,0,no_action,,
1855,C2,2026-05-12,Parcel delivery failed,E0655,HR,under_1y,warning_banner,0,0,0,no_action,,
1856,C2,2026-05-12,Parcel delivery failed,E0656,Engineering,1_to_3y,warning_banner,0,1,0,clicked_only,23.9,
1857,C2,2026-05-12,Parcel delivery failed,E0657,Engineering,1_to_3y,easy_report_prompt,0,1,0,clicked_only,2.5,
1858,C2,2026-05-12,Parcel delivery failed,E0658,Engineering,under_1y,warning_banner,1,0,0,no_action,,
1859,C2,2026-05-12,Parcel delivery failed,E0659,Sales,1_to_3y,social_norm,0,0,0,no_action,,
1860,C2,2026-05-12,Parcel delivery failed,E0660,Operations,over_3y,none,0,0,1,reported_only,,6.3
1861,C2,2026-05-12,Parcel delivery failed,E0661,Finance,under_1y,warning_banner,0,0,0,no_action,,
1862,C2,2026-05-12,Parcel delivery failed,E0662,Sales,1_to_3y,just_in_time_tip,0,0,0,no_action,,
1863,C2,2026-05-12,Parcel delivery failed,E0663,IT & Security,1_to_3y,none,0,0,1,reported_only,,8.6
1864,C2,2026-05-12,Parcel delivery failed,E0664,IT & Security,1_to_3y,social_norm,1,0,0,no_action,,
1865,C2,2026-05-12,Parcel delivery failed,E0665,Engineering,over_3y,easy_report_prompt,0,0,0,no_action,,
1866,C2,2026-05-12,Parcel delivery failed,E0666,Operations,1_to_3y,easy_report_prompt,0,1,1,clicked_and_reported,3.5,5.3
1867,C2,2026-05-12,Parcel delivery failed,E0667,Customer Support,1_to_3y,warning_banner,0,0,0,no_action,,
1868,C2,2026-05-12,Parcel delivery failed,E0668,Sales,over_3y,social_norm,0,0,0,no_action,,
1869,C2,2026-05-12,Parcel delivery failed,E0669,Finance,over_3y,easy_report_prompt,0,0,0,no_action,,
1870,C2,2026-05-12,Parcel delivery failed,E0670,IT & Security,under_1y,easy_report_prompt,0,0,1,reported_only,,1.7
1871,C2,2026-05-12,Parcel delivery failed,E0671,Operations,1_to_3y,easy_report_prompt,0,0,0,no_action,,
1872,C2,2026-05-12,Parcel delivery failed,E0672,Operations,1_to_3y,easy_report_prompt,0,1,0,clicked_only,1.2,
1873,C2,2026-05-12,Parcel delivery failed,E0673,Engineering,1_to_3y,just_in_time_tip,0,0,1,reported_only,,18.2
1874,C2,2026-05-12,Parcel delivery failed,E0674,Engineering,1_to_3y,easy_report_prompt,0,0,0,no_action,,
1875,C2,2026-05-12,Parcel delivery failed,E0675,Engineering,over_3y,loss_framing,0,1,0,clicked_only,0.7,
1876,C2,2026-05-12,Parcel delivery failed,E0676,Customer Support,1_to_3y,warning_banner,1,0,0,no_action,,
1877,C2,2026-05-12,Parcel delivery failed,E0677,Engineering,under_1y,none,0,0,0,no_action,,
1878,C2,2026-05-12,Parcel delivery failed,E0678,Finance,under_1y,just_in_time_tip,1,1,0,clicked_only,10.1,
1879,C2,2026-05-12,Parcel delivery failed,E0679,Sales,1_to_3y,just_in_time_tip,1,0,0,no_action,,
1880,C2,2026-05-12,Parcel delivery failed,E0680,IT & Security,over_3y,loss_framing,0,0,1,reported_only,,417.3
1881,C2,2026-05-12,Parcel delivery failed,E0681,Customer Support,under_1y,easy_report_prompt,1,0,1,reported_only,,2.4
1882,C2,2026-05-12,Parcel delivery failed,E0682,Customer Support,under_1y,social_norm,1,1,0,clicked_only,5.1,
1883,C2,2026-05-12,Parcel delivery failed,E0683,Operations,over_3y,social_norm,0,1,0,clicked_only,12.8,
1884,C2,2026-05-12,Parcel delivery failed,E0684,Marketing,under_1y,warning_banner,0,1,0,clicked_only,4.3,
1885,C2,2026-05-12,Parcel delivery failed,E0685,Engineering,over_3y,none,0,1,0,clicked_only,5.6,
1886,C2,2026-05-12,Parcel delivery failed,E0686,Marketing,under_1y,social_norm,0,0,0,no_action,,
1887,C2,2026-05-12,Parcel delivery failed,E0687,Marketing,over_3y,none,0,0,1,reported_only,,15.3
1888,C2,2026-05-12,Parcel delivery failed,E0688,Sales,1_to_3y,easy_report_prompt,0,0,0,no_action,,
1889,C2,2026-05-12,Parcel delivery failed,E0689,Operations,under_1y,none,0,0,0,no_action,,
1890,C2,2026-05-12,Parcel delivery failed,E0690,Customer Support,over_3y,easy_report_prompt,0,0,1,reported_only,,64.8
1891,C2,2026-05-12,Parcel delivery failed,E0691,HR,under_1y,social_norm,0,0,0,no_action,,
1892,C2,2026-05-12,Parcel delivery failed,E0692,IT & Security,over_3y,just_in_time_tip,0,0,0,no_action,,
1893,C2,2026-05-12,Parcel delivery failed,E0693,Engineering,over_3y,easy_report_prompt,0,0,1,reported_only,,4.2
1894,C2,2026-05-12,Parcel delivery failed,E0694,Sales,under_1y,none,0,0,1,reported_only,,23.0
1895,C2,2026-05-12,Parcel delivery failed,E0695,Engineering,1_to_3y,none,0,0,1,reported_only,,5.6
1896,C2,2026-05-12,Parcel delivery failed,E0696,Operations,over_3y,none,0,0,0,no_action,,
1897,C2,2026-05-12,Parcel delivery failed,E0697,Finance,1_to_3y,just_in_time_tip,1,0,1,reported_only,,28.7
1898,C2,2026-05-12,Parcel delivery failed,E0698,Sales,1_to_3y,warning_banner,0,0,0,no_action,,
1899,C2,2026-05-12,Parcel delivery failed,E0699,Sales,under_1y,loss_framing,0,1,0,clicked_only,2.8,
1900,C2,2026-05-12,Parcel delivery failed,E0700,Marketing,1_to_3y,loss_framing,0,0,0,no_action,,
1901,C2,2026-05-12,Parcel delivery failed,E0701,Operations,1_to_3y,social_norm,0,0,0,no_action,,
1902,C2,2026-05-12,Parcel delivery failed,E0702,Marketing,over_3y,social_norm,0,1,0,clicked_only,1.2,
1903,C2,2026-05-12,Parcel delivery failed,E0703,Marketing,over_3y,just_in_time_tip,0,0,1,reported_only,,17.3
1904,C2,2026-05-12,Parcel delivery failed,E0704,Marketing,over_3y,social_norm,0,0,0,no_action,,
1905,C2,2026-05-12,Parcel delivery failed,E0705,Finance,over_3y,easy_report_prompt,0,0,0,no_action,,
1906,C2,2026-05-12,Parcel delivery failed,E0706,Sales,over_3y,just_in_time_tip,0,0,0,no_action,,
1907,C2,2026-05-12,Parcel delivery failed,E0707,Operations,under_1y,easy_report_prompt,0,1,0,clicked_only,12.2,
1908,C2,2026-05-12,Parcel delivery failed,E0708,Customer Support,over_3y,social_norm,1,0,0,no_action,,
1909,C2,2026-05-12,Parcel delivery failed,E0709,Sales,1_to_3y,easy_report_prompt,0,0,0,no_action,,
1910,C2,2026-05-12,Parcel delivery failed,E0710,Engineering,1_to_3y,just_in_time_tip,0,0,0,no_action,,
1911,C2,2026-05-12,Parcel delivery failed,E0711,Operations,over_3y,none,0,0,0,no_action,,
1912,C2,2026-05-12,Parcel delivery failed,E0712,Finance,1_to_3y,loss_framing,0,1,0,clicked_only,3.5,
1913,C2,2026-05-12,Parcel delivery failed,E0713,Engineering,1_to_3y,warning_banner,0,0,1,reported_only,,41.8
1914,C2,2026-05-12,Parcel delivery failed,E0714,Marketing,under_1y,none,1,0,0,no_action,,
1915,C2,2026-05-12,Parcel delivery failed,E0715,Legal & Compliance,over_3y,warning_banner,0,0,0,no_action,,
1916,C2,2026-05-12,Parcel delivery failed,E0716,IT & Security,over_3y,loss_framing,1,0,0,no_action,,
1917,C2,2026-05-12,Parcel delivery failed,E0717,Engineering,over_3y,none,0,0,1,reported_only,,24.8
1918,C2,2026-05-12,Parcel delivery failed,E0718,Marketing,over_3y,just_in_time_tip,0,0,0,no_action,,
1919,C2,2026-05-12,Parcel delivery failed,E0719,Marketing,under_1y,warning_banner,0,0,0,no_action,,
1920,C2,2026-05-12,Parcel delivery failed,E0720,Engineering,1_to_3y,loss_framing,0,0,0,no_action,,
1921,C2,2026-05-12,Parcel delivery failed,E0721,Sales,1_to_3y,warning_banner,0,1,0,clicked_only,10.8,
1922,C2,2026-05-12,Parcel delivery failed,E0722,Marketing,over_3y,warning_banner,0,0,1,reported_only,,25.2
1923,C2,2026-05-12,Parcel delivery failed,E0723,Engineering,under_1y,social_norm,0,0,0,no_action,,
1924,C2,2026-05-12,Parcel delivery failed,E0724,IT & Security,under_1y,none,0,0,0,no_action,,
1925,C2,2026-05-12,Parcel delivery failed,E0725,Marketing,over_3y,easy_report_prompt,0,0,0,no_action,,
1926,C2,2026-05-12,Parcel delivery failed,E0726,Operations,under_1y,loss_framing,0,0,0,no_action,,
1927,C2,2026-05-12,Parcel delivery failed,E0727,HR,over_3y,warning_banner,0,0,0,no_action,,
1928,C2,2026-05-12,Parcel delivery failed,E0728,Executive Office,1_to_3y,easy_report_prompt,0,0,0,no_action,,
1929,C2,2026-05-12,Parcel delivery failed,E0729,Marketing,over_3y,just_in_time_tip,0,0,0,no_action,,
1930,C2,2026-05-12,Parcel delivery failed,E0730,Marketing,under_1y,none,1,1,0,clicked_only,1.0,
1931,C2,2026-05-12,Parcel delivery failed,E0731,Marketing,over_3y,warning_banner,0,0,0,no_action,,
1932,C2,2026-05-12,Parcel delivery failed,E0732,Operations,over_3y,none,1,0,0,no_action,,
1933,C2,2026-05-12,Parcel delivery failed,E0733,Marketing,over_3y,none,0,1,0,clicked_only,9.3,
1934,C2,2026-05-12,Parcel delivery failed,E0734,Operations,1_to_3y,warning_banner,1,0,0,no_action,,
1935,C2,2026-05-12,Parcel delivery failed,E0735,Customer Support,over_3y,none,0,1,0,clicked_only,5.2,
1936,C2,2026-05-12,Parcel delivery failed,E0736,Engineering,over_3y,none,0,0,0,no_action,,
1937,C2,2026-05-12,Parcel delivery failed,E0737,Customer Support,over_3y,none,1,0,0,no_action,,
1938,C2,2026-05-12,Parcel delivery failed,E0738,Operations,1_to_3y,just_in_time_tip,0,1,0,clicked_only,23.6,
1939,C2,2026-05-12,Parcel delivery failed,E0739,Sales,over_3y,just_in_time_tip,0,1,0,clicked_only,4.9,
1940,C2,2026-05-12,Parcel delivery failed,E0740,Operations,over_3y,just_in_time_tip,1,0,0,no_action,,
1941,C2,2026-05-12,Parcel delivery failed,E0741,Engineering,over_3y,social_norm,0,0,1,reported_only,,7.2
1942,C2,2026-05-12,Parcel delivery failed,E0742,Sales,1_to_3y,none,0,0,0,no_action,,
1943,C2,2026-05-12,Parcel delivery failed,E0743,Engineering,over_3y,just_in_time_tip,0,1,0,clicked_only,6.8,
1944,C2,2026-05-12,Parcel delivery failed,E0744,Sales,under_1y,easy_report_prompt,0,0,0,no_action,,
1945,C2,2026-05-12,Parcel delivery failed,E0745,Sales,1_to_3y,loss_framing,0,0,0,no_action,,
1946,C2,2026-05-12,Parcel delivery failed,E0746,Sales,over_3y,just_in_time_tip,0,0,0,no_action,,
1947,C2,2026-05-12,Parcel delivery failed,E0747,Engineering,over_3y,easy_report_prompt,0,0,0,no_action,,
1948,C2,2026-05-12,Parcel delivery failed,E0748,Finance,under_1y,loss_framing,1,1,0,clicked_only,16.7,
1949,C2,2026-05-12,Parcel delivery failed,E0749,Engineering,1_to_3y,loss_framing,0,0,1,reported_only,,37.6
1950,C2,2026-05-12,Parcel delivery failed,E0750,Operations,over_3y,none,0,0,1,reported_only,,14.6
1951,C2,2026-05-12,Parcel delivery failed,E0751,Operations,over_3y,warning_banner,1,0,0,no_action,,
1952,C2,2026-05-12,Parcel delivery failed,E0752,Sales,1_to_3y,loss_framing,0,0,0,no_action,,
1953,C2,2026-05-12,Parcel delivery failed,E0753,Finance,1_to_3y,loss_framing,1,1,0,clicked_only,2.7,
1954,C2,2026-05-12,Parcel delivery failed,E0754,Engineering,1_to_3y,easy_report_prompt,0,0,0,no_action,,
1955,C2,2026-05-12,Parcel delivery failed,E0755,Executive Office,under_1y,social_norm,0,1,0,clicked_only,0.5,
1956,C2,2026-05-12,Parcel delivery failed,E0756,Operations,under_1y,just_in_time_tip,0,0,0,no_action,,
1957,C2,2026-05-12,Parcel delivery failed,E0757,Engineering,1_to_3y,none,0,0,1,reported_only,,17.1
1958,C2,2026-05-12,Parcel delivery failed,E0758,Customer Support,over_3y,easy_report_prompt,0,0,0,no_action,,
1959,C2,2026-05-12,Parcel delivery failed,E0759,Engineering,1_to_3y,loss_framing,0,0,1,reported_only,,7.4
1960,C2,2026-05-12,Parcel delivery failed,E0760,Marketing,1_to_3y,social_norm,0,0,0,no_action,,
1961,C2,2026-05-12,Parcel delivery failed,E0761,Executive Office,over_3y,social_norm,0,0,0,no_action,,
1962,C2,2026-05-12,Parcel delivery failed,E0762,Sales,1_to_3y,loss_framing,0,0,0,no_action,,
1963,C2,2026-05-12,Parcel delivery failed,E0763,IT & Security,under_1y,just_in_time_tip,0,0,0,no_action,,
1964,C2,2026-05-12,Parcel delivery failed,E0764,IT & Security,over_3y,warning_banner,0,0,1,reported_only,,10.2
1965,C2,2026-05-12,Parcel delivery failed,E0765,Engineering,under_1y,easy_report_prompt,0,1,0,clicked_only,13.4,
1966,C2,2026-05-12,Parcel delivery failed,E0766,Operations,under_1y,social_norm,1,1,0,clicked_only,41.5,
1967,C2,2026-05-12,Parcel delivery failed,E0767,Marketing,over_3y,loss_framing,0,0,1,reported_only,,143.5
1968,C2,2026-05-12,Parcel delivery failed,E0768,IT & Security,1_to_3y,warning_banner,1,0,0,no_action,,
1969,C2,2026-05-12,Parcel delivery failed,E0769,Engineering,over_3y,warning_banner,1,0,0,no_action,,
1970,C2,2026-05-12,Parcel delivery failed,E0770,Operations,1_to_3y,just_in_time_tip,1,0,0,no_action,,
1971,C2,2026-05-12,Parcel delivery failed,E0771,Operations,over_3y,warning_banner,0,0,0,no_action,,
1972,C2,2026-05-12,Parcel delivery failed,E0772,Customer Support,under_1y,loss_framing,0,1,0,clicked_only,3.1,
1973,C2,2026-05-12,Parcel delivery failed,E0773,Legal & Compliance,over_3y,loss_framing,1,0,0,no_action,,
1974,C2,2026-05-12,Parcel delivery failed,E0774,Sales,over_3y,just_in_time_tip,0,1,0,clicked_only,51.8,
1975,C2,2026-05-12,Parcel delivery failed,E0775,Customer Support,over_3y,warning_banner,0,0,0,no_action,,
1976,C2,2026-05-12,Parcel delivery failed,E0776,Operations,under_1y,none,0,1,0,clicked_only,0.6,
1977,C2,2026-05-12,Parcel delivery failed,E0777,IT & Security,1_to_3y,easy_report_prompt,0,0,0,no_action,,
1978,C2,2026-05-12,Parcel delivery failed,E0778,Customer Support,under_1y,easy_report_prompt,0,0,0,no_action,,
1979,C2,2026-05-12,Parcel delivery failed,E0779,Marketing,over_3y,just_in_time_tip,0,0,0,no_action,,
1980,C2,2026-05-12,Parcel delivery failed,E0780,Engineering,1_to_3y,easy_report_prompt,1,0,1,reported_only,,7.1
1981,C2,2026-05-12,Parcel delivery failed,E0781,Engineering,1_to_3y,easy_report_prompt,0,0,0,no_action,,
1982,C2,2026-05-12,Parcel delivery failed,E0782,Finance,1_to_3y,warning_banner,0,0,0,no_action,,
1983,C2,2026-05-12,Parcel delivery failed,E0783,Sales,over_3y,warning_banner,0,0,0,no_action,,
1984,C2,2026-05-12,Parcel delivery failed,E0784,Operations,1_to_3y,social_norm,0,0,0,no_action,,
1985,C2,2026-05-12,Parcel delivery failed,E0785,Customer Support,under_1y,easy_report_prompt,0,0,1,reported_only,,10.9
1986,C2,2026-05-12,Parcel delivery failed,E0786,Sales,1_to_3y,social_norm,0,1,0,clicked_only,5.9,
1987,C2,2026-05-12,Parcel delivery failed,E0787,Customer Support,over_3y,social_norm,0,0,0,no_action,,
1988,C2,2026-05-12,Parcel delivery failed,E0788,Customer Support,1_to_3y,none,0,0,0,no_action,,
1989,C2,2026-05-12,Parcel delivery failed,E0789,Customer Support,under_1y,just_in_time_tip,0,1,1,clicked_and_reported,2.5,19.2
1990,C2,2026-05-12,Parcel delivery failed,E0790,Engineering,1_to_3y,warning_banner,1,0,1,reported_only,,40.1
1991,C2,2026-05-12,Parcel delivery failed,E0791,Finance,1_to_3y,loss_framing,0,0,0,no_action,,
1992,C2,2026-05-12,Parcel delivery failed,E0792,Sales,under_1y,warning_banner,0,0,0,no_action,,
1993,C2,2026-05-12,Parcel delivery failed,E0793,Operations,over_3y,just_in_time_tip,0,0,0,no_action,,
1994,C2,2026-05-12,Parcel delivery failed,E0794,Engineering,over_3y,just_in_time_tip,1,0,1,reported_only,,34.0
1995,C2,2026-05-12,Parcel delivery failed,E0795,Marketing,under_1y,just_in_time_tip,0,0,0,no_action,,
1996,C2,2026-05-12,Parcel delivery failed,E0796,Sales,over_3y,just_in_time_tip,0,0,0,no_action,,
1997,C2,2026-05-12,Parcel delivery failed,E0797,HR,1_to_3y,loss_framing,1,1,0,clicked_only,5.8,
1998,C2,2026-05-12,Parcel delivery failed,E0798,Sales,1_to_3y,social_norm,1,0,0,no_action,,
1999,C2,2026-05-12,Parcel delivery failed,E0799,Operations,1_to_3y,easy_report_prompt,0,0,0,no_action,,
2000,C2,2026-05-12,Parcel delivery failed,E0800,IT & Security,under_1y,loss_framing,0,0,0,no_action,,
2001,C2,2026-05-12,Parcel delivery failed,E0801,Legal & Compliance,1_to_3y,loss_framing,0,0,0,no_action,,
2002,C2,2026-05-12,Parcel delivery failed,E0802,IT & Security,over_3y,none,0,0,1,reported_only,,10.7
2003,C2,2026-05-12,Parcel delivery failed,E0803,Marketing,1_to_3y,social_norm,0,0,0,no_action,,
2004,C2,2026-05-12,Parcel delivery failed,E0804,IT & Security,over_3y,social_norm,0,0,1,reported_only,,5.5
2005,C2,2026-05-12,Parcel delivery failed,E0805,Customer Support,1_to_3y,just_in_time_tip,1,0,0,no_action,,
2006,C2,2026-05-12,Parcel delivery failed,E0806,Sales,1_to_3y,none,0,1,0,clicked_only,9.9,
2007,C2,2026-05-12,Parcel delivery failed,E0807,Operations,1_to_3y,easy_report_prompt,0,0,0,no_action,,
2008,C2,2026-05-12,Parcel delivery failed,E0808,Engineering,over_3y,just_in_time_tip,1,0,1,reported_only,,13.4
2009,C2,2026-05-12,Parcel delivery failed,E0809,HR,over_3y,just_in_time_tip,0,0,1,reported_only,,78.0
2010,C2,2026-05-12,Parcel delivery failed,E0810,Marketing,1_to_3y,social_norm,1,1,0,clicked_only,5.1,
2011,C2,2026-05-12,Parcel delivery failed,E0811,Marketing,under_1y,loss_framing,0,0,1,reported_only,,54.1
2012,C2,2026-05-12,Parcel delivery failed,E0812,Operations,1_to_3y,just_in_time_tip,0,0,0,no_action,,
2013,C2,2026-05-12,Parcel delivery failed,E0813,Operations,1_to_3y,none,0,0,0,no_action,,
2014,C2,2026-05-12,Parcel delivery failed,E0814,IT & Security,under_1y,just_in_time_tip,0,0,1,reported_only,,34.1
2015,C2,2026-05-12,Parcel delivery failed,E0815,Customer Support,under_1y,none,0,0,0,no_action,,
2016,C2,2026-05-12,Parcel delivery failed,E0816,Engineering,over_3y,none,0,0,0,no_action,,
2017,C2,2026-05-12,Parcel delivery failed,E0817,Customer Support,1_to_3y,just_in_time_tip,0,1,0,clicked_only,0.6,
2018,C2,2026-05-12,Parcel delivery failed,E0818,Finance,over_3y,easy_report_prompt,0,0,0,no_action,,
2019,C2,2026-05-12,Parcel delivery failed,E0819,Customer Support,1_to_3y,easy_report_prompt,0,0,1,reported_only,,16.6
2020,C2,2026-05-12,Parcel delivery failed,E0820,Operations,under_1y,social_norm,0,0,0,no_action,,
2021,C2,2026-05-12,Parcel delivery failed,E0821,Finance,over_3y,none,0,0,0,no_action,,
2022,C2,2026-05-12,Parcel delivery failed,E0822,Sales,under_1y,warning_banner,1,0,1,reported_only,,25.6
2023,C2,2026-05-12,Parcel delivery failed,E0823,Finance,1_to_3y,warning_banner,0,0,0,no_action,,
2024,C2,2026-05-12,Parcel delivery failed,E0824,Sales,1_to_3y,warning_banner,0,1,0,clicked_only,1.0,
2025,C2,2026-05-12,Parcel delivery failed,E0825,Sales,under_1y,loss_framing,0,0,1,reported_only,,25.8
2026,C2,2026-05-12,Parcel delivery failed,E0826,Operations,over_3y,none,0,1,0,clicked_only,7.3,
2027,C2,2026-05-12,Parcel delivery failed,E0827,Engineering,1_to_3y,warning_banner,0,0,0,no_action,,
2028,C2,2026-05-12,Parcel delivery failed,E0828,Operations,over_3y,loss_framing,0,1,0,clicked_only,11.9,
2029,C2,2026-05-12,Parcel delivery failed,E0829,Sales,1_to_3y,warning_banner,0,0,0,no_action,,
2030,C2,2026-05-12,Parcel delivery failed,E0830,IT & Security,1_to_3y,easy_report_prompt,0,0,1,reported_only,,2.2
2031,C2,2026-05-12,Parcel delivery failed,E0831,Customer Support,over_3y,easy_report_prompt,1,0,0,no_action,,
2032,C2,2026-05-12,Parcel delivery failed,E0832,Marketing,under_1y,loss_framing,0,0,0,no_action,,
2033,C2,2026-05-12,Parcel delivery failed,E0833,IT & Security,1_to_3y,just_in_time_tip,1,0,0,no_action,,
2034,C2,2026-05-12,Parcel delivery failed,E0834,Sales,1_to_3y,just_in_time_tip,0,0,1,reported_only,,3.3
2035,C2,2026-05-12,Parcel delivery failed,E0835,Engineering,under_1y,social_norm,0,1,0,clicked_only,2.4,
2036,C2,2026-05-12,Parcel delivery failed,E0836,Marketing,1_to_3y,easy_report_prompt,0,0,0,no_action,,
2037,C2,2026-05-12,Parcel delivery failed,E0837,Sales,over_3y,just_in_time_tip,0,0,0,no_action,,
2038,C2,2026-05-12,Parcel delivery failed,E0838,IT & Security,over_3y,social_norm,1,0,0,no_action,,
2039,C2,2026-05-12,Parcel delivery failed,E0839,Marketing,1_to_3y,warning_banner,0,0,0,no_action,,
2040,C2,2026-05-12,Parcel delivery failed,E0840,Sales,under_1y,none,0,1,0,clicked_only,1.0,
2041,C2,2026-05-12,Parcel delivery failed,E0841,Customer Support,under_1y,loss_framing,1,0,0,no_action,,
2042,C2,2026-05-12,Parcel delivery failed,E0842,Legal & Compliance,over_3y,loss_framing,0,0,0,no_action,,
2043,C2,2026-05-12,Parcel delivery failed,E0843,Engineering,over_3y,easy_report_prompt,0,0,0,no_action,,
2044,C2,2026-05-12,Parcel delivery failed,E0844,Customer Support,over_3y,none,1,1,0,clicked_only,3.0,
2045,C2,2026-05-12,Parcel delivery failed,E0845,Finance,1_to_3y,warning_banner,0,1,1,clicked_and_reported,2.5,5.0
2046,C2,2026-05-12,Parcel delivery failed,E0846,Customer Support,under_1y,loss_framing,0,1,0,clicked_only,1.8,
2047,C2,2026-05-12,Parcel delivery failed,E0847,Engineering,1_to_3y,none,0,0,1,reported_only,,90.1
2048,C2,2026-05-12,Parcel delivery failed,E0848,Customer Support,1_to_3y,loss_framing,0,0,0,no_action,,
2049,C2,2026-05-12,Parcel delivery failed,E0849,Finance,under_1y,loss_framing,1,1,0,clicked_only,0.7,
2050,C2,2026-05-12,Parcel delivery failed,E0850,Sales,1_to_3y,just_in_time_tip,0,0,0,no_action,,
2051,C2,2026-05-12,Parcel delivery failed,E0851,Sales,over_3y,social_norm,1,0,0,no_action,,
2052,C2,2026-05-12,Parcel delivery failed,E0852,Engineering,under_1y,easy_report_prompt,0,0,1,reported_only,,2.7
2053,C2,2026-05-12,Parcel delivery failed,E0853,Operations,1_to_3y,loss_framing,0,0,0,no_action,,
2054,C2,2026-05-12,Parcel delivery failed,E0854,HR,1_to_3y,none,1,1,0,clicked_only,1.1,
2055,C2,2026-05-12,Parcel delivery failed,E0855,Sales,over_3y,loss_framing,0,1,0,clicked_only,2.1,
2056,C2,2026-05-12,Parcel delivery failed,E0856,Customer Support,1_to_3y,social_norm,1,0,0,no_action,,
2057,C2,2026-05-12,Parcel delivery failed,E0857,Marketing,over_3y,social_norm,0,0,0,no_action,,
2058,C2,2026-05-12,Parcel delivery failed,E0858,Engineering,1_to_3y,just_in_time_tip,0,0,0,no_action,,
2059,C2,2026-05-12,Parcel delivery failed,E0859,Customer Support,1_to_3y,just_in_time_tip,0,1,0,clicked_only,6.1,
2060,C2,2026-05-12,Parcel delivery failed,E0860,Customer Support,under_1y,none,1,0,0,no_action,,
2061,C2,2026-05-12,Parcel delivery failed,E0861,HR,1_to_3y,just_in_time_tip,0,0,0,no_action,,
2062,C2,2026-05-12,Parcel delivery failed,E0862,Finance,over_3y,loss_framing,0,0,0,no_action,,
2063,C2,2026-05-12,Parcel delivery failed,E0863,Engineering,over_3y,none,0,1,1,clicked_and_reported,0.8,18.7
2064,C2,2026-05-12,Parcel delivery failed,E0864,Operations,over_3y,just_in_time_tip,1,0,0,no_action,,
2065,C2,2026-05-12,Parcel delivery failed,E0865,Engineering,over_3y,loss_framing,0,1,1,clicked_and_reported,20.5,22.3
2066,C2,2026-05-12,Parcel delivery failed,E0866,Legal & Compliance,under_1y,just_in_time_tip,0,0,0,no_action,,
2067,C2,2026-05-12,Parcel delivery failed,E0867,Customer Support,over_3y,loss_framing,0,0,0,no_action,,
2068,C2,2026-05-12,Parcel delivery failed,E0868,Sales,over_3y,easy_report_prompt,0,0,0,no_action,,
2069,C2,2026-05-12,Parcel delivery failed,E0869,Customer Support,over_3y,none,0,1,0,clicked_only,39.1,
2070,C2,2026-05-12,Parcel delivery failed,E0870,IT & Security,over_3y,loss_framing,0,0,0,no_action,,
2071,C2,2026-05-12,Parcel delivery failed,E0871,Sales,under_1y,just_in_time_tip,0,1,0,clicked_only,1.6,
2072,C2,2026-05-12,Parcel delivery failed,E0872,IT & Security,under_1y,none,0,1,0,clicked_only,19.0,
2073,C2,2026-05-12,Parcel delivery failed,E0873,Marketing,over_3y,loss_framing,0,1,0,clicked_only,11.7,
2074,C2,2026-05-12,Parcel delivery failed,E0874,Customer Support,1_to_3y,social_norm,0,0,0,no_action,,
2075,C2,2026-05-12,Parcel delivery failed,E0875,Sales,over_3y,easy_report_prompt,0,1,0,clicked_only,10.7,
2076,C2,2026-05-12,Parcel delivery failed,E0876,Finance,1_to_3y,social_norm,0,0,0,no_action,,
2077,C2,2026-05-12,Parcel delivery failed,E0877,Customer Support,1_to_3y,warning_banner,0,0,1,reported_only,,83.0
2078,C2,2026-05-12,Parcel delivery failed,E0878,Sales,over_3y,warning_banner,0,0,0,no_action,,
2079,C2,2026-05-12,Parcel delivery failed,E0879,Operations,1_to_3y,warning_banner,0,1,0,clicked_only,4.1,
2080,C2,2026-05-12,Parcel delivery failed,E0880,Executive Office,under_1y,just_in_time_tip,0,0,0,no_action,,
2081,C2,2026-05-12,Parcel delivery failed,E0881,Marketing,1_to_3y,just_in_time_tip,0,0,0,no_action,,
2082,C2,2026-05-12,Parcel delivery failed,E0882,Operations,under_1y,just_in_time_tip,0,1,0,clicked_only,6.0,
2083,C2,2026-05-12,Parcel delivery failed,E0883,Sales,over_3y,loss_framing,0,0,1,reported_only,,6.8
2084,C2,2026-05-12,Parcel delivery failed,E0884,Finance,over_3y,warning_banner,1,0,0,no_action,,
2085,C2,2026-05-12,Parcel delivery failed,E0885,IT & Security,under_1y,loss_framing,0,0,0,no_action,,
2086,C2,2026-05-12,Parcel delivery failed,E0886,Operations,1_to_3y,warning_banner,0,0,1,reported_only,,10.9
2087,C2,2026-05-12,Parcel delivery failed,E0887,Sales,over_3y,social_norm,0,0,0,no_action,,
2088,C2,2026-05-12,Parcel delivery failed,E0888,Customer Support,under_1y,easy_report_prompt,1,1,0,clicked_only,4.7,
2089,C2,2026-05-12,Parcel delivery failed,E0889,Operations,under_1y,none,0,1,0,clicked_only,9.7,
2090,C2,2026-05-12,Parcel delivery failed,E0890,Customer Support,under_1y,easy_report_prompt,0,1,0,clicked_only,78.6,
2091,C2,2026-05-12,Parcel delivery failed,E0891,Operations,over_3y,none,1,0,1,reported_only,,16.1
2092,C2,2026-05-12,Parcel delivery failed,E0892,Executive Office,1_to_3y,loss_framing,0,0,0,no_action,,
2093,C2,2026-05-12,Parcel delivery failed,E0893,Finance,under_1y,warning_banner,0,0,1,reported_only,,11.0
2094,C2,2026-05-12,Parcel delivery failed,E0894,Operations,under_1y,social_norm,1,0,0,no_action,,
2095,C2,2026-05-12,Parcel delivery failed,E0895,Engineering,under_1y,easy_report_prompt,0,1,0,clicked_only,19.0,
2096,C2,2026-05-12,Parcel delivery failed,E0896,Marketing,1_to_3y,easy_report_prompt,0,1,1,clicked_and_reported,6.7,9.5
2097,C2,2026-05-12,Parcel delivery failed,E0897,Sales,under_1y,easy_report_prompt,0,0,1,reported_only,,11.5
2098,C2,2026-05-12,Parcel delivery failed,E0898,Executive Office,over_3y,just_in_time_tip,0,0,0,no_action,,
2099,C2,2026-05-12,Parcel delivery failed,E0899,IT & Security,over_3y,loss_framing,0,0,1,reported_only,,12.2
2100,C2,2026-05-12,Parcel delivery failed,E0900,Sales,over_3y,easy_report_prompt,0,0,1,reported_only,,25.2
2101,C2,2026-05-12,Parcel delivery failed,E0901,Operations,1_to_3y,just_in_time_tip,1,1,0,clicked_only,3.5,
2102,C2,2026-05-12,Parcel delivery failed,E0902,HR,under_1y,easy_report_prompt,0,1,0,clicked_only,2.1,
2103,C2,2026-05-12,Parcel delivery failed,E0903,Engineering,1_to_3y,social_norm,0,0,0,no_action,,
2104,C2,2026-05-12,Parcel delivery failed,E0904,Operations,1_to_3y,warning_banner,0,0,0,no_action,,
2105,C2,2026-05-12,Parcel delivery failed,E0905,Customer Support,under_1y,just_in_time_tip,0,0,0,no_action,,
2106,C2,2026-05-12,Parcel delivery failed,E0906,Engineering,under_1y,warning_banner,0,0,0,no_action,,
2107,C2,2026-05-12,Parcel delivery failed,E0907,Operations,over_3y,none,0,1,0,clicked_only,6.1,
2108,C2,2026-05-12,Parcel delivery failed,E0908,Operations,1_to_3y,warning_banner,0,1,0,clicked_only,9.7,
2109,C2,2026-05-12,Parcel delivery failed,E0909,IT & Security,over_3y,loss_framing,0,0,0,no_action,,
2110,C2,2026-05-12,Parcel delivery failed,E0910,Operations,1_to_3y,social_norm,0,0,1,reported_only,,14.6
2111,C2,2026-05-12,Parcel delivery failed,E0911,IT & Security,1_to_3y,easy_report_prompt,0,0,0,no_action,,
2112,C2,2026-05-12,Parcel delivery failed,E0912,Operations,over_3y,social_norm,0,0,0,no_action,,
2113,C2,2026-05-12,Parcel delivery failed,E0913,Legal & Compliance,1_to_3y,easy_report_prompt,0,1,1,clicked_and_reported,12.6,27.7
2114,C2,2026-05-12,Parcel delivery failed,E0914,Finance,1_to_3y,none,1,0,0,no_action,,
2115,C2,2026-05-12,Parcel delivery failed,E0915,Engineering,over_3y,social_norm,0,0,0,no_action,,
2116,C2,2026-05-12,Parcel delivery failed,E0916,Executive Office,over_3y,social_norm,0,1,0,clicked_only,1.0,
2117,C2,2026-05-12,Parcel delivery failed,E0917,HR,over_3y,social_norm,0,0,0,no_action,,
2118,C2,2026-05-12,Parcel delivery failed,E0918,Customer Support,over_3y,social_norm,0,0,0,no_action,,
2119,C2,2026-05-12,Parcel delivery failed,E0919,Operations,1_to_3y,loss_framing,0,0,0,no_action,,
2120,C2,2026-05-12,Parcel delivery failed,E0920,Engineering,1_to_3y,warning_banner,0,0,0,no_action,,
2121,C2,2026-05-12,Parcel delivery failed,E0921,Sales,over_3y,social_norm,0,1,0,clicked_only,2.8,
2122,C2,2026-05-12,Parcel delivery failed,E0922,Engineering,over_3y,just_in_time_tip,0,0,0,no_action,,
2123,C2,2026-05-12,Parcel delivery failed,E0923,Customer Support,under_1y,none,0,0,0,no_action,,
2124,C2,2026-05-12,Parcel delivery failed,E0924,HR,over_3y,easy_report_prompt,0,0,0,no_action,,
2125,C2,2026-05-12,Parcel delivery failed,E0925,Customer Support,over_3y,warning_banner,0,0,0,no_action,,
2126,C2,2026-05-12,Parcel delivery failed,E0926,Customer Support,1_to_3y,none,0,1,0,clicked_only,9.9,
2127,C2,2026-05-12,Parcel delivery failed,E0927,Sales,1_to_3y,social_norm,1,0,0,no_action,,
2128,C2,2026-05-12,Parcel delivery failed,E0928,HR,1_to_3y,just_in_time_tip,0,1,0,clicked_only,12.9,
2129,C2,2026-05-12,Parcel delivery failed,E0929,Finance,1_to_3y,social_norm,0,1,0,clicked_only,3.3,
2130,C2,2026-05-12,Parcel delivery failed,E0930,Sales,1_to_3y,none,1,1,0,clicked_only,6.2,
2131,C2,2026-05-12,Parcel delivery failed,E0931,Sales,under_1y,easy_report_prompt,1,1,0,clicked_only,4.0,
2132,C2,2026-05-12,Parcel delivery failed,E0932,HR,over_3y,easy_report_prompt,1,1,0,clicked_only,13.8,
2133,C2,2026-05-12,Parcel delivery failed,E0933,Engineering,over_3y,social_norm,0,0,1,reported_only,,92.7
2134,C2,2026-05-12,Parcel delivery failed,E0934,Operations,over_3y,social_norm,0,0,0,no_action,,
2135,C2,2026-05-12,Parcel delivery failed,E0935,Finance,over_3y,easy_report_prompt,0,0,0,no_action,,
2136,C2,2026-05-12,Parcel delivery failed,E0936,Marketing,1_to_3y,social_norm,0,1,0,clicked_only,4.7,
2137,C2,2026-05-12,Parcel delivery failed,E0937,Sales,over_3y,social_norm,0,0,0,no_action,,
2138,C2,2026-05-12,Parcel delivery failed,E0938,Finance,1_to_3y,none,0,1,0,clicked_only,31.0,
2139,C2,2026-05-12,Parcel delivery failed,E0939,Finance,over_3y,easy_report_prompt,0,0,0,no_action,,
2140,C2,2026-05-12,Parcel delivery failed,E0940,Operations,1_to_3y,easy_report_prompt,0,1,0,clicked_only,13.7,
2141,C2,2026-05-12,Parcel delivery failed,E0941,Finance,1_to_3y,warning_banner,0,0,0,no_action,,
2142,C2,2026-05-12,Parcel delivery failed,E0942,Sales,over_3y,easy_report_prompt,0,0,0,no_action,,
2143,C2,2026-05-12,Parcel delivery failed,E0943,Operations,1_to_3y,warning_banner,0,0,0,no_action,,
2144,C2,2026-05-12,Parcel delivery failed,E0944,Sales,1_to_3y,none,1,1,0,clicked_only,2.1,
2145,C2,2026-05-12,Parcel delivery failed,E0945,Engineering,1_to_3y,loss_framing,0,0,0,no_action,,
2146,C2,2026-05-12,Parcel delivery failed,E0946,Customer Support,under_1y,easy_report_prompt,0,0,0,no_action,,
2147,C2,2026-05-12,Parcel delivery failed,E0947,HR,1_to_3y,none,0,0,0,no_action,,
2148,C2,2026-05-12,Parcel delivery failed,E0948,Operations,1_to_3y,none,0,0,0,no_action,,
2149,C2,2026-05-12,Parcel delivery failed,E0949,IT & Security,1_to_3y,just_in_time_tip,0,0,0,no_action,,
2150,C2,2026-05-12,Parcel delivery failed,E0950,Finance,1_to_3y,none,0,0,0,no_action,,
2151,C2,2026-05-12,Parcel delivery failed,E0951,Engineering,under_1y,warning_banner,1,1,0,clicked_only,37.4,
2152,C2,2026-05-12,Parcel delivery failed,E0952,Customer Support,1_to_3y,just_in_time_tip,0,0,1,reported_only,,24.6
2153,C2,2026-05-12,Parcel delivery failed,E0953,Operations,over_3y,none,0,1,0,clicked_only,4.1,
2154,C2,2026-05-12,Parcel delivery failed,E0954,IT & Security,1_to_3y,social_norm,0,0,1,reported_only,,12.4
2155,C2,2026-05-12,Parcel delivery failed,E0955,Finance,under_1y,social_norm,0,0,0,no_action,,
2156,C2,2026-05-12,Parcel delivery failed,E0956,Operations,under_1y,none,0,0,1,reported_only,,8.7
2157,C2,2026-05-12,Parcel delivery failed,E0957,Engineering,1_to_3y,social_norm,1,0,0,no_action,,
2158,C2,2026-05-12,Parcel delivery failed,E0958,Operations,1_to_3y,social_norm,0,0,0,no_action,,
2159,C2,2026-05-12,Parcel delivery failed,E0959,Finance,1_to_3y,warning_banner,0,1,0,clicked_only,5.9,
2160,C2,2026-05-12,Parcel delivery failed,E0960,Operations,1_to_3y,none,0,1,0,clicked_only,22.5,
2161,C2,2026-05-12,Parcel delivery failed,E0961,HR,1_to_3y,social_norm,0,0,1,reported_only,,79.3
2162,C2,2026-05-12,Parcel delivery failed,E0962,Sales,1_to_3y,none,0,0,0,no_action,,
2163,C2,2026-05-12,Parcel delivery failed,E0963,Finance,1_to_3y,loss_framing,1,0,0,no_action,,
2164,C2,2026-05-12,Parcel delivery failed,E0964,Engineering,over_3y,social_norm,0,0,0,no_action,,
2165,C2,2026-05-12,Parcel delivery failed,E0965,IT & Security,under_1y,warning_banner,0,0,0,no_action,,
2166,C2,2026-05-12,Parcel delivery failed,E0966,Marketing,over_3y,social_norm,1,0,0,no_action,,
2167,C2,2026-05-12,Parcel delivery failed,E0967,Operations,over_3y,social_norm,1,0,1,reported_only,,8.2
2168,C2,2026-05-12,Parcel delivery failed,E0968,Sales,1_to_3y,social_norm,0,0,0,no_action,,
2169,C2,2026-05-12,Parcel delivery failed,E0969,IT & Security,under_1y,easy_report_prompt,0,0,0,no_action,,
2170,C2,2026-05-12,Parcel delivery failed,E0970,Customer Support,over_3y,easy_report_prompt,1,0,0,no_action,,
2171,C2,2026-05-12,Parcel delivery failed,E0971,Sales,over_3y,warning_banner,1,0,0,no_action,,
2172,C2,2026-05-12,Parcel delivery failed,E0972,Customer Support,over_3y,just_in_time_tip,0,1,0,clicked_only,0.3,
2173,C2,2026-05-12,Parcel delivery failed,E0973,IT & Security,under_1y,easy_report_prompt,0,0,0,no_action,,
2174,C2,2026-05-12,Parcel delivery failed,E0974,Sales,1_to_3y,social_norm,0,0,0,no_action,,
2175,C2,2026-05-12,Parcel delivery failed,E0975,IT & Security,1_to_3y,none,1,0,0,no_action,,
2176,C2,2026-05-12,Parcel delivery failed,E0976,Customer Support,under_1y,easy_report_prompt,0,0,0,no_action,,
2177,C2,2026-05-12,Parcel delivery failed,E0977,Operations,over_3y,loss_framing,0,0,0,no_action,,
2178,C2,2026-05-12,Parcel delivery failed,E0978,Customer Support,1_to_3y,warning_banner,0,1,0,clicked_only,0.4,
2179,C2,2026-05-12,Parcel delivery failed,E0979,Sales,over_3y,social_norm,0,0,0,no_action,,
2180,C2,2026-05-12,Parcel delivery failed,E0980,Operations,1_to_3y,easy_report_prompt,0,0,0,no_action,,
2181,C2,2026-05-12,Parcel delivery failed,E0981,Customer Support,1_to_3y,loss_framing,1,0,0,no_action,,
2182,C2,2026-05-12,Parcel delivery failed,E0982,Sales,1_to_3y,warning_banner,0,0,0,no_action,,
2183,C2,2026-05-12,Parcel delivery failed,E0983,IT & Security,1_to_3y,loss_framing,1,0,1,reported_only,,5.3
2184,C2,2026-05-12,Parcel delivery failed,E0984,HR,1_to_3y,easy_report_prompt,0,0,0,no_action,,
2185,C2,2026-05-12,Parcel delivery failed,E0985,Marketing,under_1y,loss_framing,0,1,0,clicked_only,63.6,
2186,C2,2026-05-12,Parcel delivery failed,E0986,HR,over_3y,loss_framing,0,0,0,no_action,,
2187,C2,2026-05-12,Parcel delivery failed,E0987,IT & Security,over_3y,loss_framing,0,0,1,reported_only,,7.0
2188,C2,2026-05-12,Parcel delivery failed,E0988,Engineering,over_3y,warning_banner,0,0,0,no_action,,
2189,C2,2026-05-12,Parcel delivery failed,E0989,Customer Support,1_to_3y,none,0,1,0,clicked_only,0.6,
2190,C2,2026-05-12,Parcel delivery failed,E0990,HR,1_to_3y,warning_banner,0,0,1,reported_only,,47.1
2191,C2,2026-05-12,Parcel delivery failed,E0991,Engineering,over_3y,easy_report_prompt,0,0,0,no_action,,
2192,C2,2026-05-12,Parcel delivery failed,E0992,Marketing,over_3y,none,1,0,0,no_action,,
2193,C2,2026-05-12,Parcel delivery failed,E0993,Sales,over_3y,easy_report_prompt,0,1,0,clicked_only,122.2,
2194,C2,2026-05-12,Parcel delivery failed,E0994,Sales,under_1y,social_norm,0,0,0,no_action,,
2195,C2,2026-05-12,Parcel delivery failed,E0995,Sales,over_3y,warning_banner,0,0,0,no_action,,
2196,C2,2026-05-12,Parcel delivery failed,E0996,Executive Office,1_to_3y,easy_report_prompt,0,1,0,clicked_only,3.5,
2197,C2,2026-05-12,Parcel delivery failed,E0997,Marketing,under_1y,easy_report_prompt,0,0,0,no_action,,
2198,C2,2026-05-12,Parcel delivery failed,E0998,Sales,1_to_3y,none,0,0,0,no_action,,
2199,C2,2026-05-12,Parcel delivery failed,E0999,Engineering,over_3y,loss_framing,0,0,1,reported_only,,32.3
2200,C2,2026-05-12,Parcel delivery failed,E1000,Operations,1_to_3y,easy_report_prompt,0,0,0,no_action,,
2201,C2,2026-05-12,Parcel delivery failed,E1001,Sales,over_3y,none,0,0,0,no_action,,
2202,C2,2026-05-12,Parcel delivery failed,E1002,Customer Support,1_to_3y,easy_report_prompt,0,1,0,clicked_only,10.7,
2203,C2,2026-05-12,Parcel delivery failed,E1003,Sales,under_1y,warning_banner,0,0,0,no_action,,
2204,C2,2026-05-12,Parcel delivery failed,E1004,Operations,over_3y,warning_banner,0,0,0,no_action,,
2205,C2,2026-05-12,Parcel delivery failed,E1005,IT & Security,1_to_3y,social_norm,0,0,0,no_action,,
2206,C2,2026-05-12,Parcel delivery failed,E1006,Operations,under_1y,just_in_time_tip,0,0,0,no_action,,
2207,C2,2026-05-12,Parcel delivery failed,E1007,Sales,over_3y,warning_banner,0,0,0,no_action,,
2208,C2,2026-05-12,Parcel delivery failed,E1008,HR,over_3y,loss_framing,0,0,1,reported_only,,90.0
2209,C2,2026-05-12,Parcel delivery failed,E1009,Engineering,1_to_3y,warning_banner,0,0,0,no_action,,
2210,C2,2026-05-12,Parcel delivery failed,E1010,Legal & Compliance,under_1y,social_norm,0,0,0,no_action,,
2211,C2,2026-05-12,Parcel delivery failed,E1011,Customer Support,over_3y,loss_framing,0,0,1,reported_only,,16.4
2212,C2,2026-05-12,Parcel delivery failed,E1012,Sales,over_3y,none,0,0,0,no_action,,
2213,C2,2026-05-12,Parcel delivery failed,E1013,Executive Office,under_1y,loss_framing,0,1,0,clicked_only,2.0,
2214,C2,2026-05-12,Parcel delivery failed,E1014,Sales,over_3y,social_norm,0,0,0,no_action,,
2215,C2,2026-05-12,Parcel delivery failed,E1015,Operations,1_to_3y,just_in_time_tip,0,0,0,no_action,,
2216,C2,2026-05-12,Parcel delivery failed,E1016,Sales,over_3y,warning_banner,0,0,0,no_action,,
2217,C2,2026-05-12,Parcel delivery failed,E1017,IT & Security,over_3y,none,0,0,0,no_action,,
2218,C2,2026-05-12,Parcel delivery failed,E1018,Engineering,under_1y,social_norm,1,0,0,no_action,,
2219,C2,2026-05-12,Parcel delivery failed,E1019,HR,1_to_3y,warning_banner,0,0,0,no_action,,
2220,C2,2026-05-12,Parcel delivery failed,E1020,HR,over_3y,warning_banner,1,0,0,no_action,,
2221,C2,2026-05-12,Parcel delivery failed,E1021,Engineering,over_3y,loss_framing,0,0,1,reported_only,,29.3
2222,C2,2026-05-12,Parcel delivery failed,E1022,Finance,over_3y,easy_report_prompt,0,0,0,no_action,,
2223,C2,2026-05-12,Parcel delivery failed,E1023,HR,over_3y,social_norm,1,0,0,no_action,,
2224,C2,2026-05-12,Parcel delivery failed,E1024,Engineering,over_3y,warning_banner,1,0,0,no_action,,
2225,C2,2026-05-12,Parcel delivery failed,E1025,Legal & Compliance,under_1y,easy_report_prompt,0,0,1,reported_only,,2.7
2226,C2,2026-05-12,Parcel delivery failed,E1026,Finance,over_3y,easy_report_prompt,0,1,0,clicked_only,167.7,
2227,C2,2026-05-12,Parcel delivery failed,E1027,Operations,over_3y,just_in_time_tip,1,0,0,no_action,,
2228,C2,2026-05-12,Parcel delivery failed,E1028,Finance,1_to_3y,easy_report_prompt,0,0,1,reported_only,,40.0
2229,C2,2026-05-12,Parcel delivery failed,E1029,Sales,1_to_3y,warning_banner,0,0,0,no_action,,
2230,C2,2026-05-12,Parcel delivery failed,E1030,IT & Security,1_to_3y,none,0,0,1,reported_only,,3.5
2231,C2,2026-05-12,Parcel delivery failed,E1031,Customer Support,under_1y,warning_banner,1,1,0,clicked_only,47.8,
2232,C2,2026-05-12,Parcel delivery failed,E1032,Sales,1_to_3y,warning_banner,0,0,0,no_action,,
2233,C2,2026-05-12,Parcel delivery failed,E1033,Finance,under_1y,warning_banner,0,0,0,no_action,,
2234,C2,2026-05-12,Parcel delivery failed,E1034,Operations,over_3y,just_in_time_tip,0,1,1,clicked_and_reported,4.0,33.1
2235,C2,2026-05-12,Parcel delivery failed,E1035,Operations,over_3y,loss_framing,0,0,1,reported_only,,10.5
2236,C2,2026-05-12,Parcel delivery failed,E1036,IT & Security,under_1y,easy_report_prompt,0,0,0,no_action,,
2237,C2,2026-05-12,Parcel delivery failed,E1037,Engineering,over_3y,loss_framing,0,0,1,reported_only,,5.4
2238,C2,2026-05-12,Parcel delivery failed,E1038,Sales,1_to_3y,just_in_time_tip,0,0,0,no_action,,
2239,C2,2026-05-12,Parcel delivery failed,E1039,Customer Support,under_1y,just_in_time_tip,0,0,0,no_action,,
2240,C2,2026-05-12,Parcel delivery failed,E1040,Operations,1_to_3y,warning_banner,1,0,1,reported_only,,1.1
2241,C2,2026-05-12,Parcel delivery failed,E1041,Operations,1_to_3y,easy_report_prompt,0,0,0,no_action,,
2242,C2,2026-05-12,Parcel delivery failed,E1042,IT & Security,over_3y,social_norm,1,0,1,reported_only,,2.3
2243,C2,2026-05-12,Parcel delivery failed,E1043,HR,1_to_3y,just_in_time_tip,0,0,1,reported_only,,405.6
2244,C2,2026-05-12,Parcel delivery failed,E1044,Marketing,under_1y,loss_framing,0,0,0,no_action,,
2245,C2,2026-05-12,Parcel delivery failed,E1045,IT & Security,under_1y,easy_report_prompt,0,0,1,reported_only,,3.6
2246,C2,2026-05-12,Parcel delivery failed,E1046,Customer Support,over_3y,none,0,1,0,clicked_only,12.2,
2247,C2,2026-05-12,Parcel delivery failed,E1047,Engineering,1_to_3y,social_norm,0,0,0,no_action,,
2248,C2,2026-05-12,Parcel delivery failed,E1048,Customer Support,over_3y,just_in_time_tip,1,1,0,clicked_only,252.9,
2249,C2,2026-05-12,Parcel delivery failed,E1049,Finance,under_1y,easy_report_prompt,0,0,0,no_action,,
2250,C2,2026-05-12,Parcel delivery failed,E1050,Customer Support,1_to_3y,warning_banner,1,0,0,no_action,,
2251,C2,2026-05-12,Parcel delivery failed,E1051,HR,1_to_3y,easy_report_prompt,0,1,0,clicked_only,15.5,
2252,C2,2026-05-12,Parcel delivery failed,E1052,Operations,under_1y,just_in_time_tip,0,0,0,no_action,,
2253,C2,2026-05-12,Parcel delivery failed,E1053,Legal & Compliance,1_to_3y,none,1,0,1,reported_only,,27.1
2254,C2,2026-05-12,Parcel delivery failed,E1054,Engineering,1_to_3y,just_in_time_tip,0,0,1,reported_only,,69.8
2255,C2,2026-05-12,Parcel delivery failed,E1055,Engineering,1_to_3y,social_norm,0,0,0,no_action,,
2256,C2,2026-05-12,Parcel delivery failed,E1056,IT & Security,1_to_3y,easy_report_prompt,0,0,1,reported_only,,12.7
2257,C2,2026-05-12,Parcel delivery failed,E1057,Engineering,1_to_3y,none,0,1,0,clicked_only,3.4,
2258,C2,2026-05-12,Parcel delivery failed,E1058,Sales,1_to_3y,none,0,0,1,reported_only,,2.6
2259,C2,2026-05-12,Parcel delivery failed,E1059,Customer Support,1_to_3y,loss_framing,0,1,0,clicked_only,21.2,
2260,C2,2026-05-12,Parcel delivery failed,E1060,Marketing,over_3y,easy_report_prompt,1,0,0,no_action,,
2261,C2,2026-05-12,Parcel delivery failed,E1061,Sales,over_3y,easy_report_prompt,0,1,0,clicked_only,9.1,
2262,C2,2026-05-12,Parcel delivery failed,E1062,Engineering,1_to_3y,social_norm,0,1,0,clicked_only,25.1,
2263,C2,2026-05-12,Parcel delivery failed,E1063,Sales,under_1y,social_norm,0,0,0,no_action,,
2264,C2,2026-05-12,Parcel delivery failed,E1064,Engineering,1_to_3y,social_norm,0,0,0,no_action,,
2265,C2,2026-05-12,Parcel delivery failed,E1065,Finance,over_3y,easy_report_prompt,0,0,0,no_action,,
2266,C2,2026-05-12,Parcel delivery failed,E1066,Sales,1_to_3y,none,0,0,0,no_action,,
2267,C2,2026-05-12,Parcel delivery failed,E1067,HR,over_3y,none,0,0,0,no_action,,
2268,C2,2026-05-12,Parcel delivery failed,E1068,Operations,under_1y,warning_banner,0,1,0,clicked_only,1.4,
2269,C2,2026-05-12,Parcel delivery failed,E1069,HR,under_1y,none,0,0,0,no_action,,
2270,C2,2026-05-12,Parcel delivery failed,E1070,Marketing,over_3y,loss_framing,0,0,0,no_action,,
2271,C2,2026-05-12,Parcel delivery failed,E1071,Customer Support,over_3y,none,0,1,0,clicked_only,5.5,
2272,C2,2026-05-12,Parcel delivery failed,E1072,Customer Support,under_1y,warning_banner,0,1,0,clicked_only,3.6,
2273,C2,2026-05-12,Parcel delivery failed,E1073,Operations,over_3y,none,1,0,0,no_action,,
2274,C2,2026-05-12,Parcel delivery failed,E1074,Executive Office,over_3y,none,1,0,1,reported_only,,6.1
2275,C2,2026-05-12,Parcel delivery failed,E1075,Legal & Compliance,1_to_3y,easy_report_prompt,1,1,1,clicked_and_reported,1.0,26.4
2276,C2,2026-05-12,Parcel delivery failed,E1076,Sales,1_to_3y,warning_banner,1,0,0,no_action,,
2277,C2,2026-05-12,Parcel delivery failed,E1077,Engineering,1_to_3y,none,0,0,0,no_action,,
2278,C2,2026-05-12,Parcel delivery failed,E1078,IT & Security,1_to_3y,loss_framing,0,0,0,no_action,,
2279,C2,2026-05-12,Parcel delivery failed,E1079,Marketing,over_3y,loss_framing,0,0,0,no_action,,
2280,C2,2026-05-12,Parcel delivery failed,E1080,IT & Security,under_1y,easy_report_prompt,0,0,1,reported_only,,1.1
2281,C2,2026-05-12,Parcel delivery failed,E1081,Engineering,over_3y,loss_framing,1,0,0,no_action,,
2282,C2,2026-05-12,Parcel delivery failed,E1082,Executive Office,over_3y,none,0,0,0,no_action,,
2283,C2,2026-05-12,Parcel delivery failed,E1083,Operations,over_3y,just_in_time_tip,0,0,0,no_action,,
2284,C2,2026-05-12,Parcel delivery failed,E1084,Engineering,under_1y,just_in_time_tip,0,0,1,reported_only,,11.3
2285,C2,2026-05-12,Parcel delivery failed,E1085,Engineering,1_to_3y,just_in_time_tip,0,1,0,clicked_only,0.2,
2286,C2,2026-05-12,Parcel delivery failed,E1086,Engineering,under_1y,none,0,0,0,no_action,,
2287,C2,2026-05-12,Parcel delivery failed,E1087,Operations,1_to_3y,loss_framing,0,1,0,clicked_only,2.0,
2288,C2,2026-05-12,Parcel delivery failed,E1088,Sales,1_to_3y,social_norm,0,0,1,reported_only,,83.1
2289,C2,2026-05-12,Parcel delivery failed,E1089,Operations,1_to_3y,none,0,0,0,no_action,,
2290,C2,2026-05-12,Parcel delivery failed,E1090,Finance,under_1y,social_norm,0,0,0,no_action,,
2291,C2,2026-05-12,Parcel delivery failed,E1091,HR,over_3y,easy_report_prompt,0,0,0,no_action,,
2292,C2,2026-05-12,Parcel delivery failed,E1092,Sales,over_3y,just_in_time_tip,0,0,0,no_action,,
2293,C2,2026-05-12,Parcel delivery failed,E1093,Operations,1_to_3y,warning_banner,0,1,0,clicked_only,6.6,
2294,C2,2026-05-12,Parcel delivery failed,E1094,Sales,under_1y,just_in_time_tip,0,0,0,no_action,,
2295,C2,2026-05-12,Parcel delivery failed,E1095,Marketing,over_3y,social_norm,0,0,0,no_action,,
2296,C2,2026-05-12,Parcel delivery failed,E1096,Finance,over_3y,loss_framing,1,0,0,no_action,,
2297,C2,2026-05-12,Parcel delivery failed,E1097,Operations,over_3y,just_in_time_tip,0,0,0,no_action,,
2298,C2,2026-05-12,Parcel delivery failed,E1098,Marketing,over_3y,warning_banner,1,0,0,no_action,,
2299,C2,2026-05-12,Parcel delivery failed,E1099,Sales,over_3y,loss_framing,0,0,0,no_action,,
2300,C2,2026-05-12,Parcel delivery failed,E1100,Operations,over_3y,just_in_time_tip,0,0,0,no_action,,
2301,C2,2026-05-12,Parcel delivery failed,E1101,Customer Support,under_1y,warning_banner,0,0,0,no_action,,
2302,C2,2026-05-12,Parcel delivery failed,E1102,Operations,over_3y,just_in_time_tip,0,0,0,no_action,,
2303,C2,2026-05-12,Parcel delivery failed,E1103,HR,under_1y,just_in_time_tip,1,0,0,no_action,,
2304,C2,2026-05-12,Parcel delivery failed,E1104,Sales,1_to_3y,just_in_time_tip,0,0,0,no_action,,
2305,C2,2026-05-12,Parcel delivery failed,E1105,Sales,over_3y,social_norm,0,0,0,no_action,,
2306,C2,2026-05-12,Parcel delivery failed,E1106,Engineering,over_3y,loss_framing,1,0,0,no_action,,
2307,C2,2026-05-12,Parcel delivery failed,E1107,Operations,1_to_3y,social_norm,0,1,0,clicked_only,19.5,
2308,C2,2026-05-12,Parcel delivery failed,E1108,Engineering,over_3y,easy_report_prompt,0,0,0,no_action,,
2309,C2,2026-05-12,Parcel delivery failed,E1109,Sales,under_1y,just_in_time_tip,1,0,0,no_action,,
2310,C2,2026-05-12,Parcel delivery failed,E1110,IT & Security,1_to_3y,easy_report_prompt,0,0,1,reported_only,,6.0
2311,C2,2026-05-12,Parcel delivery failed,E1111,Finance,under_1y,warning_banner,0,0,0,no_action,,
2312,C2,2026-05-12,Parcel delivery failed,E1112,Customer Support,over_3y,easy_report_prompt,0,0,0,no_action,,
2313,C2,2026-05-12,Parcel delivery failed,E1113,Sales,under_1y,warning_banner,0,1,0,clicked_only,26.3,
2314,C2,2026-05-12,Parcel delivery failed,E1114,Engineering,1_to_3y,social_norm,0,0,0,no_action,,
2315,C2,2026-05-12,Parcel delivery failed,E1115,Legal & Compliance,1_to_3y,just_in_time_tip,0,0,1,reported_only,,8.7
2316,C2,2026-05-12,Parcel delivery failed,E1116,Operations,1_to_3y,loss_framing,0,0,0,no_action,,
2317,C2,2026-05-12,Parcel delivery failed,E1117,Operations,over_3y,social_norm,0,0,0,no_action,,
2318,C2,2026-05-12,Parcel delivery failed,E1118,Operations,over_3y,loss_framing,0,0,0,no_action,,
2319,C2,2026-05-12,Parcel delivery failed,E1119,Engineering,1_to_3y,just_in_time_tip,1,0,0,no_action,,
2320,C2,2026-05-12,Parcel delivery failed,E1120,IT & Security,under_1y,just_in_time_tip,0,0,1,reported_only,,32.7
2321,C2,2026-05-12,Parcel delivery failed,E1121,Legal & Compliance,over_3y,loss_framing,0,0,1,reported_only,,110.6
2322,C2,2026-05-12,Parcel delivery failed,E1122,Engineering,over_3y,warning_banner,0,0,1,reported_only,,18.4
2323,C2,2026-05-12,Parcel delivery failed,E1123,Sales,over_3y,loss_framing,0,0,0,no_action,,
2324,C2,2026-05-12,Parcel delivery failed,E1124,Engineering,under_1y,none,0,0,0,no_action,,
2325,C2,2026-05-12,Parcel delivery failed,E1125,Finance,over_3y,social_norm,0,1,0,clicked_only,1.8,
2326,C2,2026-05-12,Parcel delivery failed,E1126,Legal & Compliance,over_3y,warning_banner,1,0,0,no_action,,
2327,C2,2026-05-12,Parcel delivery failed,E1127,Customer Support,over_3y,easy_report_prompt,0,0,0,no_action,,
2328,C2,2026-05-12,Parcel delivery failed,E1128,Executive Office,1_to_3y,none,0,0,0,no_action,,
2329,C2,2026-05-12,Parcel delivery failed,E1129,Sales,over_3y,warning_banner,0,0,0,no_action,,
2330,C2,2026-05-12,Parcel delivery failed,E1130,Customer Support,1_to_3y,warning_banner,0,0,0,no_action,,
2331,C2,2026-05-12,Parcel delivery failed,E1131,Marketing,over_3y,warning_banner,0,0,0,no_action,,
2332,C2,2026-05-12,Parcel delivery failed,E1132,Executive Office,1_to_3y,social_norm,0,0,1,reported_only,,36.6
2333,C2,2026-05-12,Parcel delivery failed,E1133,Operations,over_3y,easy_report_prompt,0,1,0,clicked_only,0.8,
2334,C2,2026-05-12,Parcel delivery failed,E1134,Sales,under_1y,warning_banner,0,1,0,clicked_only,31.6,
2335,C2,2026-05-12,Parcel delivery failed,E1135,Operations,1_to_3y,warning_banner,0,0,0,no_action,,
2336,C2,2026-05-12,Parcel delivery failed,E1136,Engineering,1_to_3y,just_in_time_tip,0,0,0,no_action,,
2337,C2,2026-05-12,Parcel delivery failed,E1137,Engineering,under_1y,none,0,1,0,clicked_only,2.8,
2338,C2,2026-05-12,Parcel delivery failed,E1138,Sales,1_to_3y,none,0,1,0,clicked_only,17.0,
2339,C2,2026-05-12,Parcel delivery failed,E1139,Sales,over_3y,easy_report_prompt,1,1,0,clicked_only,33.7,
2340,C2,2026-05-12,Parcel delivery failed,E1140,Marketing,over_3y,easy_report_prompt,0,0,1,reported_only,,5.6
2341,C2,2026-05-12,Parcel delivery failed,E1141,Sales,over_3y,none,0,0,0,no_action,,
2342,C2,2026-05-12,Parcel delivery failed,E1142,Engineering,over_3y,none,0,0,0,no_action,,
2343,C2,2026-05-12,Parcel delivery failed,E1143,HR,1_to_3y,none,0,1,0,clicked_only,16.6,
2344,C2,2026-05-12,Parcel delivery failed,E1144,Engineering,over_3y,just_in_time_tip,0,0,0,no_action,,
2345,C2,2026-05-12,Parcel delivery failed,E1145,Operations,under_1y,loss_framing,0,0,0,no_action,,
2346,C2,2026-05-12,Parcel delivery failed,E1146,Sales,over_3y,none,0,0,0,no_action,,
2347,C2,2026-05-12,Parcel delivery failed,E1147,Finance,under_1y,just_in_time_tip,0,1,0,clicked_only,4.5,
2348,C2,2026-05-12,Parcel delivery failed,E1148,IT & Security,under_1y,social_norm,0,0,0,no_action,,
2349,C2,2026-05-12,Parcel delivery failed,E1149,Engineering,over_3y,easy_report_prompt,1,0,0,no_action,,
2350,C2,2026-05-12,Parcel delivery failed,E1150,Marketing,over_3y,none,0,0,0,no_action,,
2351,C2,2026-05-12,Parcel delivery failed,E1151,Marketing,1_to_3y,just_in_time_tip,0,0,0,no_action,,
2352,C2,2026-05-12,Parcel delivery failed,E1152,IT & Security,over_3y,loss_framing,0,0,1,reported_only,,3.5
2353,C2,2026-05-12,Parcel delivery failed,E1153,Marketing,1_to_3y,warning_banner,0,0,0,no_action,,
2354,C2,2026-05-12,Parcel delivery failed,E1154,Sales,1_to_3y,just_in_time_tip,0,0,0,no_action,,
2355,C2,2026-05-12,Parcel delivery failed,E1155,IT & Security,over_3y,loss_framing,0,0,0,no_action,,
2356,C2,2026-05-12,Parcel delivery failed,E1156,Customer Support,under_1y,none,1,0,0,no_action,,
2357,C2,2026-05-12,Parcel delivery failed,E1157,Marketing,1_to_3y,just_in_time_tip,0,0,1,reported_only,,25.7
2358,C2,2026-05-12,Parcel delivery failed,E1158,HR,1_to_3y,easy_report_prompt,1,1,0,clicked_only,105.2,
2359,C2,2026-05-12,Parcel delivery failed,E1159,Finance,over_3y,just_in_time_tip,0,1,1,clicked_and_reported,0.9,6.8
2360,C2,2026-05-12,Parcel delivery failed,E1160,Finance,under_1y,just_in_time_tip,0,1,0,clicked_only,10.0,
2361,C2,2026-05-12,Parcel delivery failed,E1161,Sales,over_3y,just_in_time_tip,0,1,0,clicked_only,12.6,
2362,C2,2026-05-12,Parcel delivery failed,E1162,Engineering,over_3y,easy_report_prompt,0,0,0,no_action,,
2363,C2,2026-05-12,Parcel delivery failed,E1163,Sales,1_to_3y,none,0,1,0,clicked_only,36.0,
2364,C2,2026-05-12,Parcel delivery failed,E1164,HR,1_to_3y,loss_framing,0,0,0,no_action,,
2365,C2,2026-05-12,Parcel delivery failed,E1165,Finance,under_1y,social_norm,0,0,0,no_action,,
2366,C2,2026-05-12,Parcel delivery failed,E1166,Marketing,1_to_3y,loss_framing,0,0,0,no_action,,
2367,C2,2026-05-12,Parcel delivery failed,E1167,Sales,1_to_3y,none,0,0,0,no_action,,
2368,C2,2026-05-12,Parcel delivery failed,E1168,Operations,over_3y,just_in_time_tip,0,0,0,no_action,,
2369,C2,2026-05-12,Parcel delivery failed,E1169,Legal & Compliance,1_to_3y,warning_banner,0,0,0,no_action,,
2370,C2,2026-05-12,Parcel delivery failed,E1170,Engineering,over_3y,social_norm,0,0,0,no_action,,
2371,C2,2026-05-12,Parcel delivery failed,E1171,Sales,over_3y,just_in_time_tip,0,0,1,reported_only,,5.2
2372,C2,2026-05-12,Parcel delivery failed,E1172,Operations,under_1y,social_norm,0,1,0,clicked_only,5.6,
2373,C2,2026-05-12,Parcel delivery failed,E1173,Finance,1_to_3y,warning_banner,0,0,0,no_action,,
2374,C2,2026-05-12,Parcel delivery failed,E1174,Engineering,over_3y,loss_framing,0,0,1,reported_only,,12.2
2375,C2,2026-05-12,Parcel delivery failed,E1175,Executive Office,1_to_3y,warning_banner,0,0,0,no_action,,
2376,C2,2026-05-12,Parcel delivery failed,E1176,Operations,1_to_3y,easy_report_prompt,0,0,1,reported_only,,5.8
2377,C2,2026-05-12,Parcel delivery failed,E1177,Operations,under_1y,easy_report_prompt,0,0,0,no_action,,
2378,C2,2026-05-12,Parcel delivery failed,E1178,Legal & Compliance,over_3y,none,0,0,1,reported_only,,17.4
2379,C2,2026-05-12,Parcel delivery failed,E1179,Operations,under_1y,easy_report_prompt,1,1,0,clicked_only,2.6,
2380,C2,2026-05-12,Parcel delivery failed,E1180,IT & Security,1_to_3y,warning_banner,0,0,0,no_action,,
2381,C2,2026-05-12,Parcel delivery failed,E1181,Sales,over_3y,warning_banner,0,0,0,no_action,,
2382,C2,2026-05-12,Parcel delivery failed,E1182,Operations,over_3y,warning_banner,1,0,0,no_action,,
2383,C2,2026-05-12,Parcel delivery failed,E1183,Engineering,under_1y,easy_report_prompt,0,0,0,no_action,,
2384,C2,2026-05-12,Parcel delivery failed,E1184,Engineering,over_3y,social_norm,0,0,1,reported_only,,16.2
2385,C2,2026-05-12,Parcel delivery failed,E1185,IT & Security,over_3y,warning_banner,0,0,0,no_action,,
2386,C2,2026-05-12,Parcel delivery failed,E1186,Engineering,over_3y,social_norm,1,0,0,no_action,,
2387,C2,2026-05-12,Parcel delivery failed,E1187,Finance,1_to_3y,just_in_time_tip,0,1,0,clicked_only,5.4,
2388,C2,2026-05-12,Parcel delivery failed,E1188,IT & Security,over_3y,loss_framing,0,0,1,reported_only,,7.6
2389,C2,2026-05-12,Parcel delivery failed,E1189,Customer Support,over_3y,easy_report_prompt,0,0,0,no_action,,
2390,C2,2026-05-12,Parcel delivery failed,E1190,Sales,1_to_3y,easy_report_prompt,0,1,0,clicked_only,2.2,
2391,C2,2026-05-12,Parcel delivery failed,E1191,Operations,1_to_3y,easy_report_prompt,1,1,1,clicked_and_reported,16.0,22.3
2392,C2,2026-05-12,Parcel delivery failed,E1192,Finance,under_1y,none,0,0,1,reported_only,,33.4
2393,C2,2026-05-12,Parcel delivery failed,E1193,Engineering,under_1y,warning_banner,1,0,0,no_action,,
2394,C2,2026-05-12,Parcel delivery failed,E1194,Operations,under_1y,just_in_time_tip,0,0,0,no_action,,
2395,C2,2026-05-12,Parcel delivery failed,E1195,Operations,under_1y,just_in_time_tip,0,0,0,no_action,,
2396,C2,2026-05-12,Parcel delivery failed,E1196,Legal & Compliance,over_3y,just_in_time_tip,1,0,1,reported_only,,44.5
2397,C2,2026-05-12,Parcel delivery failed,E1197,Engineering,over_3y,social_norm,1,0,0,no_action,,
2398,C2,2026-05-12,Parcel delivery failed,E1198,Engineering,1_to_3y,just_in_time_tip,0,0,0,no_action,,
2399,C2,2026-05-12,Parcel delivery failed,E1199,Customer Support,1_to_3y,warning_banner,0,1,0,clicked_only,20.8,
2400,C2,2026-05-12,Parcel delivery failed,E1200,Engineering,over_3y,warning_banner,0,0,0,no_action,,
2401,C3,2026-06-09,Shared document request,E0001,Engineering,1_to_3y,just_in_time_tip,0,0,0,no_action,,
2402,C3,2026-06-09,Shared document request,E0002,Sales,1_to_3y,just_in_time_tip,1,1,0,clicked_only,41.5,
2403,C3,2026-06-09,Shared document request,E0003,Executive Office,over_3y,loss_framing,0,0,0,no_action,,
2404,C3,2026-06-09,Shared document request,E0004,Operations,over_3y,just_in_time_tip,0,0,1,reported_only,,6.9
2405,C3,2026-06-09,Shared document request,E0005,Sales,over_3y,just_in_time_tip,1,1,0,clicked_only,2.8,
2406,C3,2026-06-09,Shared document request,E0006,Customer Support,under_1y,warning_banner,0,1,0,clicked_only,6.2,
2407,C3,2026-06-09,Shared document request,E0007,Customer Support,1_to_3y,easy_report_prompt,0,0,1,reported_only,,3.5
2408,C3,2026-06-09,Shared document request,E0008,Sales,1_to_3y,easy_report_prompt,0,0,0,no_action,,
2409,C3,2026-06-09,Shared document request,E0009,Engineering,1_to_3y,social_norm,1,0,0,no_action,,
2410,C3,2026-06-09,Shared document request,E0010,Operations,over_3y,social_norm,1,0,0,no_action,,
2411,C3,2026-06-09,Shared document request,E0011,Customer Support,1_to_3y,social_norm,0,0,0,no_action,,
2412,C3,2026-06-09,Shared document request,E0012,Legal & Compliance,1_to_3y,easy_report_prompt,0,0,1,reported_only,,1.3
2413,C3,2026-06-09,Shared document request,E0013,Finance,over_3y,social_norm,0,0,1,reported_only,,12.9
2414,C3,2026-06-09,Shared document request,E0014,Engineering,1_to_3y,just_in_time_tip,0,1,0,clicked_only,17.9,
2415,C3,2026-06-09,Shared document request,E0015,Marketing,over_3y,loss_framing,0,1,1,clicked_and_reported,0.9,1.9
2416,C3,2026-06-09,Shared document request,E0016,Customer Support,over_3y,warning_banner,0,1,0,clicked_only,0.3,
2417,C3,2026-06-09,Shared document request,E0017,Operations,over_3y,social_norm,2,0,0,no_action,,
2418,C3,2026-06-09,Shared document request,E0018,Customer Support,over_3y,easy_report_prompt,0,0,0,no_action,,
2419,C3,2026-06-09,Shared document request,E0019,HR,over_3y,loss_framing,0,0,0,no_action,,
2420,C3,2026-06-09,Shared document request,E0020,Operations,over_3y,loss_framing,1,1,0,clicked_only,20.2,
2421,C3,2026-06-09,Shared document request,E0021,Sales,over_3y,none,0,0,0,no_action,,
2422,C3,2026-06-09,Shared document request,E0022,Sales,over_3y,warning_banner,1,1,0,clicked_only,14.1,
2423,C3,2026-06-09,Shared document request,E0023,Sales,over_3y,loss_framing,1,0,0,no_action,,
2424,C3,2026-06-09,Shared document request,E0024,Customer Support,1_to_3y,none,0,0,0,no_action,,
2425,C3,2026-06-09,Shared document request,E0025,Sales,1_to_3y,warning_banner,1,1,0,clicked_only,8.2,
2426,C3,2026-06-09,Shared document request,E0026,Sales,under_1y,none,0,1,0,clicked_only,5.9,
2427,C3,2026-06-09,Shared document request,E0027,Engineering,over_3y,warning_banner,1,0,0,no_action,,
2428,C3,2026-06-09,Shared document request,E0028,Engineering,under_1y,social_norm,1,0,0,no_action,,
2429,C3,2026-06-09,Shared document request,E0029,Engineering,over_3y,just_in_time_tip,1,0,1,reported_only,,92.4
2430,C3,2026-06-09,Shared document request,E0030,Finance,1_to_3y,none,2,0,0,no_action,,
2431,C3,2026-06-09,Shared document request,E0031,Sales,over_3y,easy_report_prompt,1,1,1,clicked_and_reported,33.9,36.1
2432,C3,2026-06-09,Shared document request,E0032,Operations,under_1y,warning_banner,1,0,0,no_action,,
2433,C3,2026-06-09,Shared document request,E0033,Engineering,1_to_3y,none,1,0,0,no_action,,
2434,C3,2026-06-09,Shared document request,E0034,Customer Support,over_3y,just_in_time_tip,0,0,0,no_action,,
2435,C3,2026-06-09,Shared document request,E0035,Engineering,1_to_3y,just_in_time_tip,0,0,0,no_action,,
2436,C3,2026-06-09,Shared document request,E0036,Engineering,1_to_3y,none,1,0,0,no_action,,
2437,C3,2026-06-09,Shared document request,E0037,Operations,under_1y,easy_report_prompt,1,1,1,clicked_and_reported,27.3,50.1
2438,C3,2026-06-09,Shared document request,E0038,Engineering,under_1y,warning_banner,1,0,0,no_action,,
2439,C3,2026-06-09,Shared document request,E0039,Finance,over_3y,just_in_time_tip,1,1,0,clicked_only,15.0,
2440,C3,2026-06-09,Shared document request,E0040,Customer Support,1_to_3y,loss_framing,1,0,0,no_action,,
2441,C3,2026-06-09,Shared document request,E0041,Sales,over_3y,loss_framing,0,0,0,no_action,,
2442,C3,2026-06-09,Shared document request,E0042,Legal & Compliance,1_to_3y,warning_banner,0,0,0,no_action,,
2443,C3,2026-06-09,Shared document request,E0043,Operations,1_to_3y,social_norm,0,0,1,reported_only,,42.9
2444,C3,2026-06-09,Shared document request,E0044,Customer Support,over_3y,easy_report_prompt,0,1,0,clicked_only,26.9,
2445,C3,2026-06-09,Shared document request,E0045,Engineering,over_3y,loss_framing,1,0,0,no_action,,
2446,C3,2026-06-09,Shared document request,E0046,Sales,1_to_3y,easy_report_prompt,1,0,0,no_action,,
2447,C3,2026-06-09,Shared document request,E0047,IT & Security,over_3y,none,0,0,0,no_action,,
2448,C3,2026-06-09,Shared document request,E0048,Customer Support,under_1y,loss_framing,0,1,0,clicked_only,20.0,
2449,C3,2026-06-09,Shared document request,E0049,Engineering,1_to_3y,easy_report_prompt,1,1,1,clicked_and_reported,68.7,78.9
2450,C3,2026-06-09,Shared document request,E0050,Executive Office,1_to_3y,loss_framing,2,0,0,no_action,,
2451,C3,2026-06-09,Shared document request,E0051,Legal & Compliance,1_to_3y,just_in_time_tip,1,0,0,no_action,,
2452,C3,2026-06-09,Shared document request,E0052,Engineering,1_to_3y,warning_banner,0,0,0,no_action,,
2453,C3,2026-06-09,Shared document request,E0053,Marketing,over_3y,social_norm,1,0,0,no_action,,
2454,C3,2026-06-09,Shared document request,E0054,Legal & Compliance,1_to_3y,easy_report_prompt,0,0,0,no_action,,
2455,C3,2026-06-09,Shared document request,E0055,IT & Security,over_3y,just_in_time_tip,0,0,0,no_action,,
2456,C3,2026-06-09,Shared document request,E0056,Engineering,under_1y,just_in_time_tip,1,0,0,no_action,,
2457,C3,2026-06-09,Shared document request,E0057,Customer Support,over_3y,none,0,0,1,reported_only,,163.9
2458,C3,2026-06-09,Shared document request,E0058,Customer Support,1_to_3y,warning_banner,0,1,0,clicked_only,1.4,
2459,C3,2026-06-09,Shared document request,E0059,Engineering,over_3y,social_norm,0,0,0,no_action,,
2460,C3,2026-06-09,Shared document request,E0060,Operations,1_to_3y,none,0,0,0,no_action,,
2461,C3,2026-06-09,Shared document request,E0061,Operations,1_to_3y,social_norm,1,0,1,reported_only,,10.4
2462,C3,2026-06-09,Shared document request,E0062,Finance,over_3y,social_norm,0,0,0,no_action,,
2463,C3,2026-06-09,Shared document request,E0063,Customer Support,over_3y,easy_report_prompt,0,0,0,no_action,,
2464,C3,2026-06-09,Shared document request,E0064,Executive Office,over_3y,social_norm,1,0,1,reported_only,,16.5
2465,C3,2026-06-09,Shared document request,E0065,Sales,under_1y,warning_banner,0,1,0,clicked_only,2.2,
2466,C3,2026-06-09,Shared document request,E0066,Customer Support,under_1y,none,0,0,0,no_action,,
2467,C3,2026-06-09,Shared document request,E0067,Operations,under_1y,easy_report_prompt,1,0,0,no_action,,
2468,C3,2026-06-09,Shared document request,E0068,Operations,1_to_3y,just_in_time_tip,1,0,1,reported_only,,11.5
2469,C3,2026-06-09,Shared document request,E0069,Finance,under_1y,just_in_time_tip,0,0,0,no_action,,
2470,C3,2026-06-09,Shared document request,E0070,Sales,over_3y,social_norm,1,1,0,clicked_only,2.4,
2471,C3,2026-06-09,Shared document request,E0071,Customer Support,1_to_3y,loss_framing,0,0,0,no_action,,
2472,C3,2026-06-09,Shared document request,E0072,Operations,1_to_3y,none,0,1,0,clicked_only,3.0,
2473,C3,2026-06-09,Shared document request,E0073,Marketing,under_1y,easy_report_prompt,0,1,0,clicked_only,9.8,
2474,C3,2026-06-09,Shared document request,E0074,Engineering,1_to_3y,easy_report_prompt,2,0,0,no_action,,
2475,C3,2026-06-09,Shared document request,E0075,Operations,1_to_3y,social_norm,1,0,0,no_action,,
2476,C3,2026-06-09,Shared document request,E0076,Marketing,1_to_3y,easy_report_prompt,0,1,0,clicked_only,10.7,
2477,C3,2026-06-09,Shared document request,E0077,Customer Support,under_1y,just_in_time_tip,1,1,0,clicked_only,73.1,
2478,C3,2026-06-09,Shared document request,E0078,HR,over_3y,none,0,0,0,no_action,,
2479,C3,2026-06-09,Shared document request,E0079,Engineering,over_3y,none,0,0,0,no_action,,
2480,C3,2026-06-09,Shared document request,E0080,Engineering,1_to_3y,none,0,1,1,clicked_and_reported,9.4,16.5
2481,C3,2026-06-09,Shared document request,E0081,Sales,1_to_3y,just_in_time_tip,0,0,0,no_action,,
2482,C3,2026-06-09,Shared document request,E0082,IT & Security,over_3y,none,0,0,0,no_action,,
2483,C3,2026-06-09,Shared document request,E0083,Customer Support,1_to_3y,warning_banner,0,1,0,clicked_only,7.1,
2484,C3,2026-06-09,Shared document request,E0084,Operations,under_1y,just_in_time_tip,1,1,0,clicked_only,2.9,
2485,C3,2026-06-09,Shared document request,E0085,Finance,under_1y,warning_banner,0,0,1,reported_only,,53.8
2486,C3,2026-06-09,Shared document request,E0086,Sales,over_3y,just_in_time_tip,2,0,0,no_action,,
2487,C3,2026-06-09,Shared document request,E0087,Operations,over_3y,loss_framing,1,0,1,reported_only,,47.8
2488,C3,2026-06-09,Shared document request,E0088,HR,1_to_3y,loss_framing,0,1,0,clicked_only,5.8,
2489,C3,2026-06-09,Shared document request,E0089,IT & Security,under_1y,none,0,0,0,no_action,,
2490,C3,2026-06-09,Shared document request,E0090,Legal & Compliance,over_3y,warning_banner,0,0,1,reported_only,,27.3
2491,C3,2026-06-09,Shared document request,E0091,Engineering,1_to_3y,warning_banner,0,0,1,reported_only,,3.9
2492,C3,2026-06-09,Shared document request,E0092,Customer Support,1_to_3y,social_norm,0,0,1,reported_only,,10.5
2493,C3,2026-06-09,Shared document request,E0093,HR,over_3y,warning_banner,0,0,0,no_action,,
2494,C3,2026-06-09,Shared document request,E0094,Marketing,over_3y,warning_banner,1,0,0,no_action,,
2495,C3,2026-06-09,Shared document request,E0095,Engineering,under_1y,none,0,0,0,no_action,,
2496,C3,2026-06-09,Shared document request,E0096,Customer Support,1_to_3y,easy_report_prompt,0,0,1,reported_only,,11.5
2497,C3,2026-06-09,Shared document request,E0097,Legal & Compliance,1_to_3y,loss_framing,0,1,0,clicked_only,2.8,
2498,C3,2026-06-09,Shared document request,E0098,Operations,over_3y,loss_framing,0,0,0,no_action,,
2499,C3,2026-06-09,Shared document request,E0099,Finance,1_to_3y,easy_report_prompt,0,0,0,no_action,,
2500,C3,2026-06-09,Shared document request,E0100,Engineering,1_to_3y,warning_banner,0,0,1,reported_only,,5.3
2501,C3,2026-06-09,Shared document request,E0101,Operations,over_3y,social_norm,0,0,0,no_action,,
2502,C3,2026-06-09,Shared document request,E0102,Marketing,over_3y,just_in_time_tip,0,0,1,reported_only,,44.0
2503,C3,2026-06-09,Shared document request,E0103,IT & Security,over_3y,social_norm,1,0,0,no_action,,
2504,C3,2026-06-09,Shared document request,E0104,Finance,1_to_3y,just_in_time_tip,0,0,0,no_action,,
2505,C3,2026-06-09,Shared document request,E0105,Engineering,under_1y,loss_framing,0,0,0,no_action,,
2506,C3,2026-06-09,Shared document request,E0106,Engineering,1_to_3y,loss_framing,0,0,0,no_action,,
2507,C3,2026-06-09,Shared document request,E0107,Engineering,over_3y,just_in_time_tip,1,0,0,no_action,,
2508,C3,2026-06-09,Shared document request,E0108,HR,under_1y,none,1,0,0,no_action,,
2509,C3,2026-06-09,Shared document request,E0109,Executive Office,over_3y,easy_report_prompt,0,0,0,no_action,,
2510,C3,2026-06-09,Shared document request,E0110,Legal & Compliance,over_3y,none,1,0,0,no_action,,
2511,C3,2026-06-09,Shared document request,E0111,Finance,over_3y,warning_banner,0,0,0,no_action,,
2512,C3,2026-06-09,Shared document request,E0112,Finance,1_to_3y,social_norm,0,0,0,no_action,,
2513,C3,2026-06-09,Shared document request,E0113,IT & Security,over_3y,none,1,0,1,reported_only,,3.8
2514,C3,2026-06-09,Shared document request,E0114,Operations,over_3y,warning_banner,0,0,1,reported_only,,13.0
2515,C3,2026-06-09,Shared document request,E0115,IT & Security,over_3y,social_norm,0,0,1,reported_only,,13.8
2516,C3,2026-06-09,Shared document request,E0116,Engineering,under_1y,just_in_time_tip,1,1,0,clicked_only,2.8,
2517,C3,2026-06-09,Shared document request,E0117,Sales,over_3y,just_in_time_tip,0,0,0,no_action,,
2518,C3,2026-06-09,Shared document request,E0118,Customer Support,over_3y,social_norm,1,0,0,no_action,,
2519,C3,2026-06-09,Shared document request,E0119,Marketing,1_to_3y,warning_banner,0,0,0,no_action,,
2520,C3,2026-06-09,Shared document request,E0120,Sales,1_to_3y,easy_report_prompt,0,0,1,reported_only,,2.7
2521,C3,2026-06-09,Shared document request,E0121,Finance,1_to_3y,easy_report_prompt,0,1,0,clicked_only,8.9,
2522,C3,2026-06-09,Shared document request,E0122,Engineering,over_3y,none,0,0,0,no_action,,
2523,C3,2026-06-09,Shared document request,E0123,Sales,under_1y,easy_report_prompt,0,0,0,no_action,,
2524,C3,2026-06-09,Shared document request,E0124,Operations,over_3y,just_in_time_tip,1,1,0,clicked_only,4.2,
2525,C3,2026-06-09,Shared document request,E0125,Sales,1_to_3y,easy_report_prompt,0,0,0,no_action,,
2526,C3,2026-06-09,Shared document request,E0126,IT & Security,over_3y,social_norm,2,0,0,no_action,,
2527,C3,2026-06-09,Shared document request,E0127,Sales,under_1y,warning_banner,0,0,0,no_action,,
2528,C3,2026-06-09,Shared document request,E0128,HR,over_3y,loss_framing,0,0,1,reported_only,,2.9
2529,C3,2026-06-09,Shared document request,E0129,Finance,under_1y,easy_report_prompt,0,0,1,reported_only,,13.3
2530,C3,2026-06-09,Shared document request,E0130,Engineering,over_3y,loss_framing,1,0,0,no_action,,
2531,C3,2026-06-09,Shared document request,E0131,Operations,under_1y,easy_report_prompt,0,0,0,no_action,,
2532,C3,2026-06-09,Shared document request,E0132,HR,over_3y,just_in_time_tip,1,0,0,no_action,,
2533,C3,2026-06-09,Shared document request,E0133,Executive Office,1_to_3y,just_in_time_tip,0,0,0,no_action,,
2534,C3,2026-06-09,Shared document request,E0134,Marketing,1_to_3y,warning_banner,0,1,0,clicked_only,11.8,
2535,C3,2026-06-09,Shared document request,E0135,IT & Security,over_3y,warning_banner,0,0,1,reported_only,,12.3
2536,C3,2026-06-09,Shared document request,E0136,Operations,1_to_3y,none,0,1,0,clicked_only,16.8,
2537,C3,2026-06-09,Shared document request,E0137,HR,1_to_3y,none,1,0,0,no_action,,
2538,C3,2026-06-09,Shared document request,E0138,Engineering,over_3y,social_norm,0,0,0,no_action,,
2539,C3,2026-06-09,Shared document request,E0139,Operations,under_1y,just_in_time_tip,0,0,1,reported_only,,4.2
2540,C3,2026-06-09,Shared document request,E0140,Sales,over_3y,warning_banner,0,0,0,no_action,,
2541,C3,2026-06-09,Shared document request,E0141,Engineering,over_3y,easy_report_prompt,1,0,1,reported_only,,6.4
2542,C3,2026-06-09,Shared document request,E0142,Engineering,1_to_3y,loss_framing,0,0,0,no_action,,
2543,C3,2026-06-09,Shared document request,E0143,Executive Office,over_3y,none,0,1,0,clicked_only,16.5,
2544,C3,2026-06-09,Shared document request,E0144,HR,1_to_3y,easy_report_prompt,0,1,0,clicked_only,4.3,
2545,C3,2026-06-09,Shared document request,E0145,Operations,1_to_3y,easy_report_prompt,1,0,0,no_action,,
2546,C3,2026-06-09,Shared document request,E0146,Marketing,1_to_3y,easy_report_prompt,0,0,1,reported_only,,25.7
2547,C3,2026-06-09,Shared document request,E0147,Sales,under_1y,social_norm,0,0,0,no_action,,
2548,C3,2026-06-09,Shared document request,E0148,Customer Support,over_3y,none,0,0,0,no_action,,
2549,C3,2026-06-09,Shared document request,E0149,Engineering,under_1y,none,0,0,0,no_action,,
2550,C3,2026-06-09,Shared document request,E0150,Legal & Compliance,over_3y,easy_report_prompt,0,0,0,no_action,,
2551,C3,2026-06-09,Shared document request,E0151,Customer Support,over_3y,easy_report_prompt,1,0,0,no_action,,
2552,C3,2026-06-09,Shared document request,E0152,HR,1_to_3y,none,1,1,0,clicked_only,18.1,
2553,C3,2026-06-09,Shared document request,E0153,IT & Security,over_3y,just_in_time_tip,0,0,0,no_action,,
2554,C3,2026-06-09,Shared document request,E0154,Engineering,under_1y,loss_framing,0,1,0,clicked_only,73.3,
2555,C3,2026-06-09,Shared document request,E0155,Customer Support,over_3y,loss_framing,0,0,0,no_action,,
2556,C3,2026-06-09,Shared document request,E0156,Operations,over_3y,loss_framing,0,0,0,no_action,,
2557,C3,2026-06-09,Shared document request,E0157,Customer Support,over_3y,easy_report_prompt,1,1,0,clicked_only,11.2,
2558,C3,2026-06-09,Shared document request,E0158,Customer Support,under_1y,just_in_time_tip,1,0,1,reported_only,,140.4
2559,C3,2026-06-09,Shared document request,E0159,Marketing,under_1y,social_norm,1,0,0,no_action,,
2560,C3,2026-06-09,Shared document request,E0160,HR,over_3y,warning_banner,1,0,0,no_action,,
2561,C3,2026-06-09,Shared document request,E0161,Engineering,1_to_3y,warning_banner,0,1,0,clicked_only,45.1,
2562,C3,2026-06-09,Shared document request,E0162,Marketing,over_3y,warning_banner,1,0,0,no_action,,
2563,C3,2026-06-09,Shared document request,E0163,Operations,1_to_3y,easy_report_prompt,2,1,0,clicked_only,3.5,
2564,C3,2026-06-09,Shared document request,E0164,IT & Security,1_to_3y,warning_banner,0,0,0,no_action,,
2565,C3,2026-06-09,Shared document request,E0165,HR,over_3y,just_in_time_tip,0,0,0,no_action,,
2566,C3,2026-06-09,Shared document request,E0166,Operations,over_3y,none,0,0,0,no_action,,
2567,C3,2026-06-09,Shared document request,E0167,Operations,1_to_3y,easy_report_prompt,0,1,0,clicked_only,2.3,
2568,C3,2026-06-09,Shared document request,E0168,IT & Security,1_to_3y,none,0,1,1,clicked_and_reported,6.1,63.2
2569,C3,2026-06-09,Shared document request,E0169,Marketing,under_1y,loss_framing,1,0,0,no_action,,
2570,C3,2026-06-09,Shared document request,E0170,Sales,over_3y,none,1,1,0,clicked_only,8.5,
2571,C3,2026-06-09,Shared document request,E0171,Operations,over_3y,none,0,0,0,no_action,,
2572,C3,2026-06-09,Shared document request,E0172,Operations,under_1y,social_norm,0,0,0,no_action,,
2573,C3,2026-06-09,Shared document request,E0173,Engineering,1_to_3y,just_in_time_tip,1,0,0,no_action,,
2574,C3,2026-06-09,Shared document request,E0174,Operations,over_3y,just_in_time_tip,0,0,1,reported_only,,3.6
2575,C3,2026-06-09,Shared document request,E0175,Legal & Compliance,1_to_3y,warning_banner,2,0,0,no_action,,
2576,C3,2026-06-09,Shared document request,E0176,Customer Support,1_to_3y,none,0,1,0,clicked_only,0.4,
2577,C3,2026-06-09,Shared document request,E0177,Sales,1_to_3y,just_in_time_tip,2,1,0,clicked_only,3.1,
2578,C3,2026-06-09,Shared document request,E0178,Engineering,over_3y,warning_banner,0,0,1,reported_only,,52.4
2579,C3,2026-06-09,Shared document request,E0179,Sales,over_3y,warning_banner,0,1,0,clicked_only,4.1,
2580,C3,2026-06-09,Shared document request,E0180,Engineering,under_1y,none,1,0,0,no_action,,
2581,C3,2026-06-09,Shared document request,E0181,Customer Support,1_to_3y,just_in_time_tip,0,1,0,clicked_only,9.6,
2582,C3,2026-06-09,Shared document request,E0182,IT & Security,over_3y,none,1,0,1,reported_only,,50.2
2583,C3,2026-06-09,Shared document request,E0183,IT & Security,over_3y,warning_banner,0,0,1,reported_only,,6.2
2584,C3,2026-06-09,Shared document request,E0184,Operations,over_3y,social_norm,0,0,0,no_action,,
2585,C3,2026-06-09,Shared document request,E0185,Marketing,over_3y,warning_banner,0,1,0,clicked_only,6.5,
2586,C3,2026-06-09,Shared document request,E0186,Marketing,over_3y,social_norm,1,1,0,clicked_only,14.2,
2587,C3,2026-06-09,Shared document request,E0187,Finance,over_3y,warning_banner,0,1,0,clicked_only,30.2,
2588,C3,2026-06-09,Shared document request,E0188,Engineering,1_to_3y,easy_report_prompt,1,0,0,no_action,,
2589,C3,2026-06-09,Shared document request,E0189,Customer Support,under_1y,warning_banner,1,1,0,clicked_only,9.4,
2590,C3,2026-06-09,Shared document request,E0190,Operations,under_1y,easy_report_prompt,0,1,0,clicked_only,2.3,
2591,C3,2026-06-09,Shared document request,E0191,Operations,1_to_3y,just_in_time_tip,1,1,0,clicked_only,11.0,
2592,C3,2026-06-09,Shared document request,E0192,Finance,under_1y,easy_report_prompt,1,1,0,clicked_only,0.3,
2593,C3,2026-06-09,Shared document request,E0193,Operations,over_3y,warning_banner,0,1,0,clicked_only,0.2,
2594,C3,2026-06-09,Shared document request,E0194,IT & Security,under_1y,none,0,0,0,no_action,,
2595,C3,2026-06-09,Shared document request,E0195,Finance,over_3y,easy_report_prompt,0,0,0,no_action,,
2596,C3,2026-06-09,Shared document request,E0196,Legal & Compliance,1_to_3y,easy_report_prompt,1,0,1,reported_only,,0.9
2597,C3,2026-06-09,Shared document request,E0197,Sales,under_1y,warning_banner,0,0,0,no_action,,
2598,C3,2026-06-09,Shared document request,E0198,Operations,1_to_3y,warning_banner,0,0,0,no_action,,
2599,C3,2026-06-09,Shared document request,E0199,Executive Office,under_1y,just_in_time_tip,1,0,0,no_action,,
2600,C3,2026-06-09,Shared document request,E0200,Engineering,under_1y,warning_banner,0,0,0,no_action,,
2601,C3,2026-06-09,Shared document request,E0201,Sales,under_1y,none,0,0,0,no_action,,
2602,C3,2026-06-09,Shared document request,E0202,Operations,over_3y,warning_banner,1,1,0,clicked_only,7.6,
2603,C3,2026-06-09,Shared document request,E0203,Operations,1_to_3y,easy_report_prompt,0,0,0,no_action,,
2604,C3,2026-06-09,Shared document request,E0204,Sales,1_to_3y,easy_report_prompt,0,1,0,clicked_only,1.1,
2605,C3,2026-06-09,Shared document request,E0205,Engineering,under_1y,warning_banner,0,0,1,reported_only,,44.6
2606,C3,2026-06-09,Shared document request,E0206,Marketing,under_1y,easy_report_prompt,0,0,0,no_action,,
2607,C3,2026-06-09,Shared document request,E0207,Operations,over_3y,warning_banner,1,1,0,clicked_only,9.7,
2608,C3,2026-06-09,Shared document request,E0208,Engineering,1_to_3y,social_norm,1,1,0,clicked_only,2.2,
2609,C3,2026-06-09,Shared document request,E0209,IT & Security,1_to_3y,easy_report_prompt,1,1,0,clicked_only,5.4,
2610,C3,2026-06-09,Shared document request,E0210,Operations,under_1y,loss_framing,1,0,0,no_action,,
2611,C3,2026-06-09,Shared document request,E0211,IT & Security,over_3y,just_in_time_tip,0,0,0,no_action,,
2612,C3,2026-06-09,Shared document request,E0212,Finance,over_3y,social_norm,1,0,1,reported_only,,7.8
2613,C3,2026-06-09,Shared document request,E0213,Operations,1_to_3y,social_norm,1,1,0,clicked_only,5.7,
2614,C3,2026-06-09,Shared document request,E0214,Operations,1_to_3y,easy_report_prompt,1,0,0,no_action,,
2615,C3,2026-06-09,Shared document request,E0215,HR,1_to_3y,social_norm,0,0,1,reported_only,,2.9
2616,C3,2026-06-09,Shared document request,E0216,Operations,under_1y,just_in_time_tip,1,1,0,clicked_only,26.6,
2617,C3,2026-06-09,Shared document request,E0217,Engineering,1_to_3y,warning_banner,1,0,0,no_action,,
2618,C3,2026-06-09,Shared document request,E0218,Engineering,over_3y,easy_report_prompt,0,0,0,no_action,,
2619,C3,2026-06-09,Shared document request,E0219,Finance,under_1y,warning_banner,0,1,0,clicked_only,0.4,
2620,C3,2026-06-09,Shared document request,E0220,HR,over_3y,easy_report_prompt,1,1,0,clicked_only,3.8,
2621,C3,2026-06-09,Shared document request,E0221,Operations,under_1y,loss_framing,0,0,0,no_action,,
2622,C3,2026-06-09,Shared document request,E0222,Sales,1_to_3y,easy_report_prompt,0,0,1,reported_only,,79.7
2623,C3,2026-06-09,Shared document request,E0223,Sales,over_3y,social_norm,0,1,0,clicked_only,13.0,
2624,C3,2026-06-09,Shared document request,E0224,Marketing,1_to_3y,none,0,0,0,no_action,,
2625,C3,2026-06-09,Shared document request,E0225,Engineering,over_3y,just_in_time_tip,0,0,0,no_action,,
2626,C3,2026-06-09,Shared document request,E0226,Engineering,over_3y,warning_banner,1,0,0,no_action,,
2627,C3,2026-06-09,Shared document request,E0227,IT & Security,over_3y,social_norm,0,0,1,reported_only,,1.2
2628,C3,2026-06-09,Shared document request,E0228,Engineering,1_to_3y,warning_banner,0,0,0,no_action,,
2629,C3,2026-06-09,Shared document request,E0229,Operations,under_1y,just_in_time_tip,0,0,0,no_action,,
2630,C3,2026-06-09,Shared document request,E0230,Customer Support,1_to_3y,loss_framing,0,1,0,clicked_only,28.7,
2631,C3,2026-06-09,Shared document request,E0231,IT & Security,under_1y,warning_banner,0,0,1,reported_only,,17.8
2632,C3,2026-06-09,Shared document request,E0232,Executive Office,over_3y,none,0,1,0,clicked_only,22.1,
2633,C3,2026-06-09,Shared document request,E0233,Sales,over_3y,warning_banner,1,0,0,no_action,,
2634,C3,2026-06-09,Shared document request,E0234,Finance,1_to_3y,social_norm,1,0,0,no_action,,
2635,C3,2026-06-09,Shared document request,E0235,Engineering,over_3y,warning_banner,0,0,1,reported_only,,6.9
2636,C3,2026-06-09,Shared document request,E0236,IT & Security,over_3y,easy_report_prompt,1,0,1,reported_only,,11.0
2637,C3,2026-06-09,Shared document request,E0237,Legal & Compliance,1_to_3y,just_in_time_tip,0,0,0,no_action,,
2638,C3,2026-06-09,Shared document request,E0238,HR,under_1y,loss_framing,0,1,0,clicked_only,17.5,
2639,C3,2026-06-09,Shared document request,E0239,Sales,1_to_3y,none,1,1,0,clicked_only,3.8,
2640,C3,2026-06-09,Shared document request,E0240,Engineering,1_to_3y,warning_banner,0,0,0,no_action,,
2641,C3,2026-06-09,Shared document request,E0241,Operations,over_3y,loss_framing,1,0,0,no_action,,
2642,C3,2026-06-09,Shared document request,E0242,Marketing,over_3y,easy_report_prompt,2,1,0,clicked_only,2.2,
2643,C3,2026-06-09,Shared document request,E0243,Operations,under_1y,none,0,1,0,clicked_only,51.5,
2644,C3,2026-06-09,Shared document request,E0244,HR,over_3y,none,0,0,0,no_action,,
2645,C3,2026-06-09,Shared document request,E0245,Engineering,under_1y,none,1,1,0,clicked_only,112.7,
2646,C3,2026-06-09,Shared document request,E0246,Engineering,1_to_3y,warning_banner,0,0,1,reported_only,,9.5
2647,C3,2026-06-09,Shared document request,E0247,Engineering,under_1y,loss_framing,1,0,1,reported_only,,60.0
2648,C3,2026-06-09,Shared document request,E0248,Sales,1_to_3y,easy_report_prompt,1,0,1,reported_only,,10.9
2649,C3,2026-06-09,Shared document request,E0249,Engineering,over_3y,social_norm,1,0,0,no_action,,
2650,C3,2026-06-09,Shared document request,E0250,Sales,over_3y,warning_banner,0,0,0,no_action,,
2651,C3,2026-06-09,Shared document request,E0251,Operations,1_to_3y,just_in_time_tip,0,0,0,no_action,,
2652,C3,2026-06-09,Shared document request,E0252,Sales,over_3y,just_in_time_tip,0,1,0,clicked_only,4.0,
2653,C3,2026-06-09,Shared document request,E0253,Legal & Compliance,over_3y,none,0,0,1,reported_only,,23.3
2654,C3,2026-06-09,Shared document request,E0254,Legal & Compliance,1_to_3y,loss_framing,1,0,1,reported_only,,14.7
2655,C3,2026-06-09,Shared document request,E0255,Legal & Compliance,over_3y,loss_framing,2,0,1,reported_only,,141.7
2656,C3,2026-06-09,Shared document request,E0256,Operations,over_3y,none,0,0,0,no_action,,
2657,C3,2026-06-09,Shared document request,E0257,Engineering,under_1y,none,0,1,0,clicked_only,6.6,
2658,C3,2026-06-09,Shared document request,E0258,Finance,1_to_3y,none,1,0,0,no_action,,
2659,C3,2026-06-09,Shared document request,E0259,IT & Security,over_3y,warning_banner,0,0,0,no_action,,
2660,C3,2026-06-09,Shared document request,E0260,Finance,1_to_3y,loss_framing,1,0,0,no_action,,
2661,C3,2026-06-09,Shared document request,E0261,Sales,1_to_3y,just_in_time_tip,1,0,0,no_action,,
2662,C3,2026-06-09,Shared document request,E0262,Finance,1_to_3y,loss_framing,0,0,0,no_action,,
2663,C3,2026-06-09,Shared document request,E0263,Engineering,over_3y,none,2,1,0,clicked_only,0.7,
2664,C3,2026-06-09,Shared document request,E0264,Engineering,over_3y,easy_report_prompt,1,0,1,reported_only,,64.0
2665,C3,2026-06-09,Shared document request,E0265,Operations,under_1y,none,0,0,0,no_action,,
2666,C3,2026-06-09,Shared document request,E0266,Finance,over_3y,warning_banner,0,1,0,clicked_only,8.1,
2667,C3,2026-06-09,Shared document request,E0267,IT & Security,over_3y,warning_banner,0,0,1,reported_only,,220.7
2668,C3,2026-06-09,Shared document request,E0268,Finance,1_to_3y,loss_framing,0,0,0,no_action,,
2669,C3,2026-06-09,Shared document request,E0269,HR,1_to_3y,easy_report_prompt,0,0,1,reported_only,,4.5
2670,C3,2026-06-09,Shared document request,E0270,Customer Support,1_to_3y,warning_banner,0,0,1,reported_only,,35.6
2671,C3,2026-06-09,Shared document request,E0271,Finance,over_3y,loss_framing,0,0,0,no_action,,
2672,C3,2026-06-09,Shared document request,E0272,Finance,1_to_3y,social_norm,0,0,0,no_action,,
2673,C3,2026-06-09,Shared document request,E0273,Sales,over_3y,social_norm,0,1,0,clicked_only,7.7,
2674,C3,2026-06-09,Shared document request,E0274,Operations,over_3y,loss_framing,1,0,0,no_action,,
2675,C3,2026-06-09,Shared document request,E0275,Engineering,over_3y,easy_report_prompt,1,1,0,clicked_only,71.6,
2676,C3,2026-06-09,Shared document request,E0276,Customer Support,over_3y,just_in_time_tip,0,0,0,no_action,,
2677,C3,2026-06-09,Shared document request,E0277,Engineering,under_1y,just_in_time_tip,1,1,0,clicked_only,21.7,
2678,C3,2026-06-09,Shared document request,E0278,Engineering,1_to_3y,easy_report_prompt,0,0,0,no_action,,
2679,C3,2026-06-09,Shared document request,E0279,Operations,1_to_3y,just_in_time_tip,0,0,0,no_action,,
2680,C3,2026-06-09,Shared document request,E0280,IT & Security,under_1y,social_norm,0,0,1,reported_only,,2.6
2681,C3,2026-06-09,Shared document request,E0281,Engineering,1_to_3y,easy_report_prompt,1,0,0,no_action,,
2682,C3,2026-06-09,Shared document request,E0282,Finance,1_to_3y,social_norm,1,1,1,clicked_and_reported,16.1,28.6
2683,C3,2026-06-09,Shared document request,E0283,Engineering,under_1y,social_norm,0,0,1,reported_only,,60.9
2684,C3,2026-06-09,Shared document request,E0284,Operations,under_1y,social_norm,0,0,0,no_action,,
2685,C3,2026-06-09,Shared document request,E0285,Marketing,under_1y,none,0,0,0,no_action,,
2686,C3,2026-06-09,Shared document request,E0286,Marketing,under_1y,loss_framing,0,1,0,clicked_only,9.2,
2687,C3,2026-06-09,Shared document request,E0287,Engineering,over_3y,social_norm,1,0,0,no_action,,
2688,C3,2026-06-09,Shared document request,E0288,IT & Security,1_to_3y,social_norm,0,0,0,no_action,,
2689,C3,2026-06-09,Shared document request,E0289,Customer Support,over_3y,loss_framing,1,0,0,no_action,,
2690,C3,2026-06-09,Shared document request,E0290,Legal & Compliance,under_1y,just_in_time_tip,0,1,0,clicked_only,11.3,
2691,C3,2026-06-09,Shared document request,E0291,Operations,over_3y,loss_framing,1,0,0,no_action,,
2692,C3,2026-06-09,Shared document request,E0292,Customer Support,1_to_3y,just_in_time_tip,0,0,0,no_action,,
2693,C3,2026-06-09,Shared document request,E0293,Engineering,over_3y,just_in_time_tip,0,0,0,no_action,,
2694,C3,2026-06-09,Shared document request,E0294,Sales,over_3y,warning_banner,0,1,0,clicked_only,29.4,
2695,C3,2026-06-09,Shared document request,E0295,IT & Security,1_to_3y,just_in_time_tip,1,0,0,no_action,,
2696,C3,2026-06-09,Shared document request,E0296,Sales,over_3y,loss_framing,0,0,0,no_action,,
2697,C3,2026-06-09,Shared document request,E0297,Marketing,under_1y,none,0,1,0,clicked_only,8.3,
2698,C3,2026-06-09,Shared document request,E0298,Engineering,over_3y,social_norm,0,0,1,reported_only,,14.1
2699,C3,2026-06-09,Shared document request,E0299,Marketing,1_to_3y,easy_report_prompt,0,0,0,no_action,,
2700,C3,2026-06-09,Shared document request,E0300,Sales,under_1y,social_norm,1,0,1,reported_only,,14.2
2701,C3,2026-06-09,Shared document request,E0301,Operations,1_to_3y,just_in_time_tip,1,0,0,no_action,,
2702,C3,2026-06-09,Shared document request,E0302,Sales,under_1y,warning_banner,1,0,0,no_action,,
2703,C3,2026-06-09,Shared document request,E0303,Customer Support,over_3y,warning_banner,0,0,0,no_action,,
2704,C3,2026-06-09,Shared document request,E0304,Sales,1_to_3y,loss_framing,0,0,0,no_action,,
2705,C3,2026-06-09,Shared document request,E0305,Sales,1_to_3y,just_in_time_tip,0,1,0,clicked_only,9.4,
2706,C3,2026-06-09,Shared document request,E0306,Operations,over_3y,none,0,0,0,no_action,,
2707,C3,2026-06-09,Shared document request,E0307,Sales,1_to_3y,none,1,0,0,no_action,,
2708,C3,2026-06-09,Shared document request,E0308,Sales,over_3y,none,0,1,0,clicked_only,35.6,
2709,C3,2026-06-09,Shared document request,E0309,IT & Security,over_3y,easy_report_prompt,1,0,0,no_action,,
2710,C3,2026-06-09,Shared document request,E0310,Engineering,over_3y,social_norm,0,0,1,reported_only,,34.1
2711,C3,2026-06-09,Shared document request,E0311,Customer Support,under_1y,just_in_time_tip,0,0,0,no_action,,
2712,C3,2026-06-09,Shared document request,E0312,Engineering,1_to_3y,warning_banner,0,0,0,no_action,,
2713,C3,2026-06-09,Shared document request,E0313,Operations,1_to_3y,warning_banner,1,0,0,no_action,,
2714,C3,2026-06-09,Shared document request,E0314,Marketing,over_3y,loss_framing,0,0,0,no_action,,
2715,C3,2026-06-09,Shared document request,E0315,Operations,under_1y,easy_report_prompt,2,0,0,no_action,,
2716,C3,2026-06-09,Shared document request,E0316,HR,under_1y,none,0,1,0,clicked_only,2.8,
2717,C3,2026-06-09,Shared document request,E0317,Engineering,over_3y,loss_framing,0,0,0,no_action,,
2718,C3,2026-06-09,Shared document request,E0318,Marketing,1_to_3y,none,0,0,0,no_action,,
2719,C3,2026-06-09,Shared document request,E0319,Finance,1_to_3y,loss_framing,0,0,0,no_action,,
2720,C3,2026-06-09,Shared document request,E0320,Operations,under_1y,social_norm,0,0,0,no_action,,
2721,C3,2026-06-09,Shared document request,E0321,Marketing,under_1y,none,0,1,0,clicked_only,4.4,
2722,C3,2026-06-09,Shared document request,E0322,Sales,1_to_3y,warning_banner,0,1,0,clicked_only,4.1,
2723,C3,2026-06-09,Shared document request,E0323,Sales,1_to_3y,loss_framing,0,0,0,no_action,,
2724,C3,2026-06-09,Shared document request,E0324,Sales,over_3y,warning_banner,0,1,0,clicked_only,3.2,
2725,C3,2026-06-09,Shared document request,E0325,HR,over_3y,warning_banner,1,0,0,no_action,,
2726,C3,2026-06-09,Shared document request,E0326,Finance,1_to_3y,none,0,0,0,no_action,,
2727,C3,2026-06-09,Shared document request,E0327,Engineering,over_3y,social_norm,0,0,0,no_action,,
2728,C3,2026-06-09,Shared document request,E0328,Operations,under_1y,loss_framing,0,0,0,no_action,,
2729,C3,2026-06-09,Shared document request,E0329,Marketing,over_3y,warning_banner,0,0,0,no_action,,
2730,C3,2026-06-09,Shared document request,E0330,Sales,1_to_3y,warning_banner,0,1,0,clicked_only,4.6,
2731,C3,2026-06-09,Shared document request,E0331,IT & Security,over_3y,just_in_time_tip,0,0,0,no_action,,
2732,C3,2026-06-09,Shared document request,E0332,HR,over_3y,social_norm,0,0,0,no_action,,
2733,C3,2026-06-09,Shared document request,E0333,Operations,over_3y,loss_framing,0,0,1,reported_only,,15.2
2734,C3,2026-06-09,Shared document request,E0334,Sales,1_to_3y,warning_banner,1,0,1,reported_only,,20.1
2735,C3,2026-06-09,Shared document request,E0335,Engineering,under_1y,warning_banner,1,0,0,no_action,,
2736,C3,2026-06-09,Shared document request,E0336,Operations,under_1y,easy_report_prompt,1,0,0,no_action,,
2737,C3,2026-06-09,Shared document request,E0337,Engineering,1_to_3y,easy_report_prompt,0,0,0,no_action,,
2738,C3,2026-06-09,Shared document request,E0338,IT & Security,under_1y,none,0,0,0,no_action,,
2739,C3,2026-06-09,Shared document request,E0339,Operations,1_to_3y,just_in_time_tip,0,0,0,no_action,,
2740,C3,2026-06-09,Shared document request,E0340,Sales,over_3y,easy_report_prompt,2,1,0,clicked_only,51.8,
2741,C3,2026-06-09,Shared document request,E0341,Operations,1_to_3y,none,0,0,0,no_action,,
2742,C3,2026-06-09,Shared document request,E0342,Engineering,1_to_3y,loss_framing,0,0,0,no_action,,
2743,C3,2026-06-09,Shared document request,E0343,Operations,over_3y,warning_banner,0,0,1,reported_only,,19.9
2744,C3,2026-06-09,Shared document request,E0344,Engineering,over_3y,easy_report_prompt,0,0,1,reported_only,,3.3
2745,C3,2026-06-09,Shared document request,E0345,Operations,1_to_3y,social_norm,0,0,0,no_action,,
2746,C3,2026-06-09,Shared document request,E0346,Operations,1_to_3y,none,0,0,0,no_action,,
2747,C3,2026-06-09,Shared document request,E0347,Operations,1_to_3y,social_norm,1,0,0,no_action,,
2748,C3,2026-06-09,Shared document request,E0348,Customer Support,over_3y,just_in_time_tip,1,0,1,reported_only,,14.0
2749,C3,2026-06-09,Shared document request,E0349,IT & Security,under_1y,social_norm,0,0,0,no_action,,
2750,C3,2026-06-09,Shared document request,E0350,Engineering,over_3y,none,0,0,0,no_action,,
2751,C3,2026-06-09,Shared document request,E0351,Customer Support,under_1y,warning_banner,1,0,0,no_action,,
2752,C3,2026-06-09,Shared document request,E0352,Engineering,1_to_3y,just_in_time_tip,0,0,0,no_action,,
2753,C3,2026-06-09,Shared document request,E0353,Engineering,over_3y,loss_framing,1,0,0,no_action,,
2754,C3,2026-06-09,Shared document request,E0354,Operations,under_1y,loss_framing,0,0,0,no_action,,
2755,C3,2026-06-09,Shared document request,E0355,Engineering,over_3y,social_norm,0,0,0,no_action,,
2756,C3,2026-06-09,Shared document request,E0356,Operations,1_to_3y,easy_report_prompt,0,0,0,no_action,,
2757,C3,2026-06-09,Shared document request,E0357,Finance,1_to_3y,none,0,0,0,no_action,,
2758,C3,2026-06-09,Shared document request,E0358,Marketing,1_to_3y,warning_banner,1,0,0,no_action,,
2759,C3,2026-06-09,Shared document request,E0359,Operations,under_1y,warning_banner,0,0,0,no_action,,
2760,C3,2026-06-09,Shared document request,E0360,Engineering,1_to_3y,loss_framing,0,0,0,no_action,,
2761,C3,2026-06-09,Shared document request,E0361,HR,1_to_3y,just_in_time_tip,0,0,0,no_action,,
2762,C3,2026-06-09,Shared document request,E0362,Finance,over_3y,easy_report_prompt,0,0,0,no_action,,
2763,C3,2026-06-09,Shared document request,E0363,Marketing,over_3y,none,0,0,0,no_action,,
2764,C3,2026-06-09,Shared document request,E0364,Operations,over_3y,none,0,0,0,no_action,,
2765,C3,2026-06-09,Shared document request,E0365,Operations,1_to_3y,warning_banner,0,0,0,no_action,,
2766,C3,2026-06-09,Shared document request,E0366,Operations,over_3y,loss_framing,1,0,0,no_action,,
2767,C3,2026-06-09,Shared document request,E0367,Sales,over_3y,social_norm,0,0,0,no_action,,
2768,C3,2026-06-09,Shared document request,E0368,Engineering,1_to_3y,none,0,0,0,no_action,,
2769,C3,2026-06-09,Shared document request,E0369,Finance,under_1y,easy_report_prompt,0,1,0,clicked_only,6.8,
2770,C3,2026-06-09,Shared document request,E0370,Customer Support,1_to_3y,none,0,0,0,no_action,,
2771,C3,2026-06-09,Shared document request,E0371,Sales,over_3y,social_norm,0,1,0,clicked_only,1.4,
2772,C3,2026-06-09,Shared document request,E0372,Operations,1_to_3y,warning_banner,0,0,0,no_action,,
2773,C3,2026-06-09,Shared document request,E0373,IT & Security,under_1y,loss_framing,0,0,1,reported_only,,1.1
2774,C3,2026-06-09,Shared document request,E0374,Legal & Compliance,over_3y,social_norm,1,0,0,no_action,,
2775,C3,2026-06-09,Shared document request,E0375,Finance,over_3y,warning_banner,0,0,0,no_action,,
2776,C3,2026-06-09,Shared document request,E0376,Customer Support,under_1y,none,0,1,0,clicked_only,0.7,
2777,C3,2026-06-09,Shared document request,E0377,Customer Support,over_3y,none,0,0,0,no_action,,
2778,C3,2026-06-09,Shared document request,E0378,Engineering,1_to_3y,loss_framing,0,0,0,no_action,,
2779,C3,2026-06-09,Shared document request,E0379,Engineering,1_to_3y,just_in_time_tip,0,0,0,no_action,,
2780,C3,2026-06-09,Shared document request,E0380,Sales,1_to_3y,loss_framing,0,0,0,no_action,,
2781,C3,2026-06-09,Shared document request,E0381,Finance,1_to_3y,loss_framing,0,1,0,clicked_only,2.0,
2782,C3,2026-06-09,Shared document request,E0382,Operations,over_3y,just_in_time_tip,0,0,0,no_action,,
2783,C3,2026-06-09,Shared document request,E0383,Customer Support,over_3y,easy_report_prompt,0,0,0,no_action,,
2784,C3,2026-06-09,Shared document request,E0384,Executive Office,1_to_3y,none,0,1,0,clicked_only,3.3,
2785,C3,2026-06-09,Shared document request,E0385,Legal & Compliance,1_to_3y,warning_banner,1,0,0,no_action,,
2786,C3,2026-06-09,Shared document request,E0386,Customer Support,under_1y,warning_banner,0,1,0,clicked_only,8.2,
2787,C3,2026-06-09,Shared document request,E0387,Executive Office,1_to_3y,warning_banner,0,0,0,no_action,,
2788,C3,2026-06-09,Shared document request,E0388,Finance,over_3y,just_in_time_tip,0,0,0,no_action,,
2789,C3,2026-06-09,Shared document request,E0389,HR,1_to_3y,easy_report_prompt,0,1,0,clicked_only,2.7,
2790,C3,2026-06-09,Shared document request,E0390,Finance,over_3y,warning_banner,0,0,1,reported_only,,8.5
2791,C3,2026-06-09,Shared document request,E0391,Customer Support,1_to_3y,just_in_time_tip,1,0,0,no_action,,
2792,C3,2026-06-09,Shared document request,E0392,Engineering,over_3y,none,0,0,0,no_action,,
2793,C3,2026-06-09,Shared document request,E0393,Sales,under_1y,just_in_time_tip,0,0,0,no_action,,
2794,C3,2026-06-09,Shared document request,E0394,Sales,under_1y,none,0,0,0,no_action,,
2795,C3,2026-06-09,Shared document request,E0395,Finance,1_to_3y,easy_report_prompt,0,0,0,no_action,,
2796,C3,2026-06-09,Shared document request,E0396,HR,over_3y,warning_banner,0,0,0,no_action,,
2797,C3,2026-06-09,Shared document request,E0397,HR,over_3y,easy_report_prompt,0,0,1,reported_only,,2.6
2798,C3,2026-06-09,Shared document request,E0398,IT & Security,1_to_3y,loss_framing,0,0,1,reported_only,,4.7
2799,C3,2026-06-09,Shared document request,E0399,Finance,1_to_3y,easy_report_prompt,0,0,1,reported_only,,74.2
2800,C3,2026-06-09,Shared document request,E0400,Customer Support,under_1y,social_norm,1,0,0,no_action,,
2801,C3,2026-06-09,Shared document request,E0401,Executive Office,over_3y,none,0,0,0,no_action,,
2802,C3,2026-06-09,Shared document request,E0402,Sales,over_3y,easy_report_prompt,0,0,0,no_action,,
2803,C3,2026-06-09,Shared document request,E0403,Engineering,over_3y,none,0,0,0,no_action,,
2804,C3,2026-06-09,Shared document request,E0404,Sales,over_3y,just_in_time_tip,0,1,0,clicked_only,3.7,
2805,C3,2026-06-09,Shared document request,E0405,Engineering,1_to_3y,warning_banner,2,0,1,reported_only,,3.2
2806,C3,2026-06-09,Shared document request,E0406,Legal & Compliance,over_3y,loss_framing,0,0,0,no_action,,
2807,C3,2026-06-09,Shared document request,E0407,Finance,1_to_3y,warning_banner,1,0,0,no_action,,
2808,C3,2026-06-09,Shared document request,E0408,Operations,over_3y,warning_banner,1,0,0,no_action,,
2809,C3,2026-06-09,Shared document request,E0409,Customer Support,1_to_3y,none,0,0,0,no_action,,
2810,C3,2026-06-09,Shared document request,E0410,Sales,over_3y,none,0,1,0,clicked_only,0.4,
2811,C3,2026-06-09,Shared document request,E0411,HR,1_to_3y,just_in_time_tip,0,0,1,reported_only,,14.9
2812,C3,2026-06-09,Shared document request,E0412,IT & Security,1_to_3y,loss_framing,0,0,1,reported_only,,19.1
2813,C3,2026-06-09,Shared document request,E0413,Legal & Compliance,1_to_3y,just_in_time_tip,0,0,0,no_action,,
2814,C3,2026-06-09,Shared document request,E0414,Marketing,1_to_3y,warning_banner,0,0,0,no_action,,
2815,C3,2026-06-09,Shared document request,E0415,Engineering,under_1y,loss_framing,1,0,0,no_action,,
2816,C3,2026-06-09,Shared document request,E0416,Sales,over_3y,none,0,1,0,clicked_only,6.2,
2817,C3,2026-06-09,Shared document request,E0417,Engineering,over_3y,easy_report_prompt,0,0,0,no_action,,
2818,C3,2026-06-09,Shared document request,E0418,Engineering,1_to_3y,loss_framing,0,0,0,no_action,,
2819,C3,2026-06-09,Shared document request,E0419,Executive Office,over_3y,easy_report_prompt,0,0,1,reported_only,,2.9
2820,C3,2026-06-09,Shared document request,E0420,Sales,over_3y,social_norm,0,0,0,no_action,,
2821,C3,2026-06-09,Shared document request,E0421,HR,over_3y,just_in_time_tip,0,0,0,no_action,,
2822,C3,2026-06-09,Shared document request,E0422,Customer Support,over_3y,social_norm,0,1,0,clicked_only,8.8,
2823,C3,2026-06-09,Shared document request,E0423,Customer Support,over_3y,just_in_time_tip,0,0,0,no_action,,
2824,C3,2026-06-09,Shared document request,E0424,Sales,over_3y,none,0,0,0,no_action,,
2825,C3,2026-06-09,Shared document request,E0425,Engineering,over_3y,none,1,1,0,clicked_only,4.4,
2826,C3,2026-06-09,Shared document request,E0426,Customer Support,over_3y,none,0,0,0,no_action,,
2827,C3,2026-06-09,Shared document request,E0427,Operations,over_3y,social_norm,0,0,0,no_action,,
2828,C3,2026-06-09,Shared document request,E0428,Sales,1_to_3y,just_in_time_tip,0,1,0,clicked_only,1.9,
2829,C3,2026-06-09,Shared document request,E0429,Marketing,under_1y,social_norm,0,0,0,no_action,,
2830,C3,2026-06-09,Shared document request,E0430,Sales,over_3y,easy_report_prompt,1,0,0,no_action,,
2831,C3,2026-06-09,Shared document request,E0431,Engineering,1_to_3y,loss_framing,0,0,1,reported_only,,39.9
2832,C3,2026-06-09,Shared document request,E0432,Finance,over_3y,easy_report_prompt,0,0,0,no_action,,
2833,C3,2026-06-09,Shared document request,E0433,Sales,over_3y,just_in_time_tip,0,0,0,no_action,,
2834,C3,2026-06-09,Shared document request,E0434,Operations,over_3y,easy_report_prompt,1,0,1,reported_only,,4.3
2835,C3,2026-06-09,Shared document request,E0435,Executive Office,1_to_3y,loss_framing,1,0,0,no_action,,
2836,C3,2026-06-09,Shared document request,E0436,Engineering,over_3y,loss_framing,1,0,1,reported_only,,9.1
2837,C3,2026-06-09,Shared document request,E0437,Customer Support,over_3y,warning_banner,0,0,0,no_action,,
2838,C3,2026-06-09,Shared document request,E0438,Finance,under_1y,none,1,1,0,clicked_only,1.0,
2839,C3,2026-06-09,Shared document request,E0439,Finance,over_3y,warning_banner,0,0,0,no_action,,
2840,C3,2026-06-09,Shared document request,E0440,Customer Support,over_3y,loss_framing,1,0,0,no_action,,
2841,C3,2026-06-09,Shared document request,E0441,Marketing,over_3y,easy_report_prompt,1,1,0,clicked_only,15.7,
2842,C3,2026-06-09,Shared document request,E0442,Customer Support,1_to_3y,none,1,0,1,reported_only,,231.8
2843,C3,2026-06-09,Shared document request,E0443,Customer Support,over_3y,loss_framing,1,0,0,no_action,,
2844,C3,2026-06-09,Shared document request,E0444,Customer Support,under_1y,none,0,0,1,reported_only,,42.7
2845,C3,2026-06-09,Shared document request,E0445,Engineering,over_3y,none,1,0,0,no_action,,
2846,C3,2026-06-09,Shared document request,E0446,IT & Security,over_3y,easy_report_prompt,0,0,1,reported_only,,8.2
2847,C3,2026-06-09,Shared document request,E0447,Engineering,1_to_3y,loss_framing,1,0,0,no_action,,
2848,C3,2026-06-09,Shared document request,E0448,Operations,under_1y,just_in_time_tip,0,0,0,no_action,,
2849,C3,2026-06-09,Shared document request,E0449,HR,over_3y,warning_banner,0,0,0,no_action,,
2850,C3,2026-06-09,Shared document request,E0450,Operations,1_to_3y,just_in_time_tip,0,0,1,reported_only,,34.4
2851,C3,2026-06-09,Shared document request,E0451,Legal & Compliance,1_to_3y,loss_framing,0,1,0,clicked_only,6.1,
2852,C3,2026-06-09,Shared document request,E0452,Finance,over_3y,loss_framing,0,0,0,no_action,,
2853,C3,2026-06-09,Shared document request,E0453,Operations,over_3y,loss_framing,0,0,0,no_action,,
2854,C3,2026-06-09,Shared document request,E0454,Sales,over_3y,none,2,0,0,no_action,,
2855,C3,2026-06-09,Shared document request,E0455,Operations,over_3y,just_in_time_tip,0,0,0,no_action,,
2856,C3,2026-06-09,Shared document request,E0456,Finance,under_1y,loss_framing,1,0,0,no_action,,
2857,C3,2026-06-09,Shared document request,E0457,Engineering,1_to_3y,none,1,0,0,no_action,,
2858,C3,2026-06-09,Shared document request,E0458,Engineering,1_to_3y,warning_banner,0,0,0,no_action,,
2859,C3,2026-06-09,Shared document request,E0459,Legal & Compliance,1_to_3y,none,1,0,0,no_action,,
2860,C3,2026-06-09,Shared document request,E0460,Operations,under_1y,just_in_time_tip,0,1,0,clicked_only,4.0,
2861,C3,2026-06-09,Shared document request,E0461,Engineering,1_to_3y,warning_banner,1,0,0,no_action,,
2862,C3,2026-06-09,Shared document request,E0462,IT & Security,1_to_3y,loss_framing,0,0,0,no_action,,
2863,C3,2026-06-09,Shared document request,E0463,HR,under_1y,warning_banner,0,0,0,no_action,,
2864,C3,2026-06-09,Shared document request,E0464,Sales,1_to_3y,easy_report_prompt,1,0,0,no_action,,
2865,C3,2026-06-09,Shared document request,E0465,Legal & Compliance,1_to_3y,warning_banner,1,1,0,clicked_only,80.5,
2866,C3,2026-06-09,Shared document request,E0466,Sales,over_3y,none,0,1,0,clicked_only,1.6,
2867,C3,2026-06-09,Shared document request,E0467,Engineering,1_to_3y,warning_banner,0,0,1,reported_only,,5.7
2868,C3,2026-06-09,Shared document request,E0468,Sales,1_to_3y,warning_banner,0,0,0,no_action,,
2869,C3,2026-06-09,Shared document request,E0469,IT & Security,under_1y,easy_report_prompt,0,0,1,reported_only,,20.5
2870,C3,2026-06-09,Shared document request,E0470,Engineering,1_to_3y,easy_report_prompt,0,0,1,reported_only,,1.2
2871,C3,2026-06-09,Shared document request,E0471,Legal & Compliance,1_to_3y,just_in_time_tip,0,0,1,reported_only,,77.3
2872,C3,2026-06-09,Shared document request,E0472,Engineering,under_1y,loss_framing,0,0,0,no_action,,
2873,C3,2026-06-09,Shared document request,E0473,Engineering,1_to_3y,just_in_time_tip,1,1,0,clicked_only,2.6,
2874,C3,2026-06-09,Shared document request,E0474,HR,1_to_3y,easy_report_prompt,1,1,0,clicked_only,8.5,
2875,C3,2026-06-09,Shared document request,E0475,Operations,1_to_3y,loss_framing,0,0,0,no_action,,
2876,C3,2026-06-09,Shared document request,E0476,Customer Support,1_to_3y,social_norm,1,0,0,no_action,,
2877,C3,2026-06-09,Shared document request,E0477,Marketing,over_3y,social_norm,1,0,0,no_action,,
2878,C3,2026-06-09,Shared document request,E0478,IT & Security,1_to_3y,loss_framing,0,0,0,no_action,,
2879,C3,2026-06-09,Shared document request,E0479,Finance,1_to_3y,social_norm,0,0,0,no_action,,
2880,C3,2026-06-09,Shared document request,E0480,IT & Security,over_3y,social_norm,0,0,1,reported_only,,0.7
2881,C3,2026-06-09,Shared document request,E0481,IT & Security,over_3y,none,0,0,0,no_action,,
2882,C3,2026-06-09,Shared document request,E0482,Sales,over_3y,just_in_time_tip,0,1,0,clicked_only,1.4,
2883,C3,2026-06-09,Shared document request,E0483,Marketing,1_to_3y,loss_framing,0,1,0,clicked_only,6.4,
2884,C3,2026-06-09,Shared document request,E0484,Sales,under_1y,loss_framing,0,0,0,no_action,,
2885,C3,2026-06-09,Shared document request,E0485,Finance,over_3y,warning_banner,0,0,0,no_action,,
2886,C3,2026-06-09,Shared document request,E0486,IT & Security,over_3y,just_in_time_tip,0,0,0,no_action,,
2887,C3,2026-06-09,Shared document request,E0487,Legal & Compliance,over_3y,social_norm,0,0,0,no_action,,
2888,C3,2026-06-09,Shared document request,E0488,Customer Support,under_1y,loss_framing,0,1,0,clicked_only,9.2,
2889,C3,2026-06-09,Shared document request,E0489,Customer Support,under_1y,warning_banner,0,0,0,no_action,,
2890,C3,2026-06-09,Shared document request,E0490,Finance,over_3y,social_norm,0,1,1,clicked_and_reported,12.5,21.5
2891,C3,2026-06-09,Shared document request,E0491,Finance,1_to_3y,easy_report_prompt,0,0,0,no_action,,
2892,C3,2026-06-09,Shared document request,E0492,Sales,over_3y,loss_framing,0,0,0,no_action,,
2893,C3,2026-06-09,Shared document request,E0493,Engineering,over_3y,just_in_time_tip,0,0,0,no_action,,
2894,C3,2026-06-09,Shared document request,E0494,Sales,1_to_3y,loss_framing,0,0,0,no_action,,
2895,C3,2026-06-09,Shared document request,E0495,Finance,over_3y,social_norm,1,0,0,no_action,,
2896,C3,2026-06-09,Shared document request,E0496,HR,1_to_3y,social_norm,0,0,0,no_action,,
2897,C3,2026-06-09,Shared document request,E0497,Engineering,over_3y,none,0,0,0,no_action,,
2898,C3,2026-06-09,Shared document request,E0498,Finance,over_3y,just_in_time_tip,0,0,0,no_action,,
2899,C3,2026-06-09,Shared document request,E0499,Sales,over_3y,loss_framing,0,0,0,no_action,,
2900,C3,2026-06-09,Shared document request,E0500,Finance,1_to_3y,easy_report_prompt,0,0,0,no_action,,
2901,C3,2026-06-09,Shared document request,E0501,Operations,under_1y,warning_banner,0,0,0,no_action,,
2902,C3,2026-06-09,Shared document request,E0502,Engineering,1_to_3y,just_in_time_tip,0,0,0,no_action,,
2903,C3,2026-06-09,Shared document request,E0503,Engineering,over_3y,social_norm,1,0,0,no_action,,
2904,C3,2026-06-09,Shared document request,E0504,IT & Security,over_3y,none,2,0,0,no_action,,
2905,C3,2026-06-09,Shared document request,E0505,Engineering,1_to_3y,easy_report_prompt,0,0,1,reported_only,,68.3
2906,C3,2026-06-09,Shared document request,E0506,Finance,1_to_3y,none,0,0,1,reported_only,,59.7
2907,C3,2026-06-09,Shared document request,E0507,Sales,over_3y,warning_banner,0,1,0,clicked_only,0.9,
2908,C3,2026-06-09,Shared document request,E0508,HR,1_to_3y,none,1,0,0,no_action,,
2909,C3,2026-06-09,Shared document request,E0509,Marketing,over_3y,loss_framing,0,1,0,clicked_only,17.5,
2910,C3,2026-06-09,Shared document request,E0510,IT & Security,over_3y,loss_framing,0,0,0,no_action,,
2911,C3,2026-06-09,Shared document request,E0511,HR,over_3y,loss_framing,0,0,0,no_action,,
2912,C3,2026-06-09,Shared document request,E0512,Engineering,under_1y,loss_framing,0,0,0,no_action,,
2913,C3,2026-06-09,Shared document request,E0513,Operations,over_3y,none,0,0,0,no_action,,
2914,C3,2026-06-09,Shared document request,E0514,Engineering,under_1y,just_in_time_tip,0,0,0,no_action,,
2915,C3,2026-06-09,Shared document request,E0515,Finance,1_to_3y,just_in_time_tip,0,0,0,no_action,,
2916,C3,2026-06-09,Shared document request,E0516,Sales,over_3y,just_in_time_tip,0,1,0,clicked_only,2.1,
2917,C3,2026-06-09,Shared document request,E0517,Executive Office,over_3y,social_norm,2,0,0,no_action,,
2918,C3,2026-06-09,Shared document request,E0518,Operations,under_1y,loss_framing,0,0,0,no_action,,
2919,C3,2026-06-09,Shared document request,E0519,Finance,over_3y,none,0,0,0,no_action,,
2920,C3,2026-06-09,Shared document request,E0520,Sales,1_to_3y,easy_report_prompt,0,0,0,no_action,,
2921,C3,2026-06-09,Shared document request,E0521,Marketing,over_3y,just_in_time_tip,0,0,0,no_action,,
2922,C3,2026-06-09,Shared document request,E0522,Engineering,over_3y,social_norm,0,0,1,reported_only,,9.4
2923,C3,2026-06-09,Shared document request,E0523,Executive Office,over_3y,warning_banner,1,0,0,no_action,,
2924,C3,2026-06-09,Shared document request,E0524,Legal & Compliance,over_3y,loss_framing,0,0,1,reported_only,,18.4
2925,C3,2026-06-09,Shared document request,E0525,Engineering,under_1y,social_norm,0,0,1,reported_only,,5.7
2926,C3,2026-06-09,Shared document request,E0526,Engineering,1_to_3y,social_norm,0,0,0,no_action,,
2927,C3,2026-06-09,Shared document request,E0527,Marketing,under_1y,none,0,0,1,reported_only,,6.7
2928,C3,2026-06-09,Shared document request,E0528,Executive Office,1_to_3y,easy_report_prompt,0,1,0,clicked_only,0.5,
2929,C3,2026-06-09,Shared document request,E0529,Sales,1_to_3y,social_norm,1,0,0,no_action,,
2930,C3,2026-06-09,Shared document request,E0530,Legal & Compliance,1_to_3y,none,0,0,0,no_action,,
2931,C3,2026-06-09,Shared document request,E0531,Operations,1_to_3y,just_in_time_tip,0,1,0,clicked_only,1.2,
2932,C3,2026-06-09,Shared document request,E0532,Operations,1_to_3y,warning_banner,0,0,0,no_action,,
2933,C3,2026-06-09,Shared document request,E0533,Engineering,over_3y,easy_report_prompt,0,0,1,reported_only,,27.0
2934,C3,2026-06-09,Shared document request,E0534,Operations,under_1y,none,0,0,0,no_action,,
2935,C3,2026-06-09,Shared document request,E0535,Engineering,1_to_3y,just_in_time_tip,0,0,0,no_action,,
2936,C3,2026-06-09,Shared document request,E0536,Engineering,over_3y,just_in_time_tip,1,1,1,clicked_and_reported,3.7,27.9
2937,C3,2026-06-09,Shared document request,E0537,Sales,under_1y,none,0,1,0,clicked_only,12.6,
2938,C3,2026-06-09,Shared document request,E0538,HR,1_to_3y,social_norm,0,0,0,no_action,,
2939,C3,2026-06-09,Shared document request,E0539,Operations,1_to_3y,warning_banner,0,0,1,reported_only,,11.6
2940,C3,2026-06-09,Shared document request,E0540,Sales,over_3y,loss_framing,0,0,0,no_action,,
2941,C3,2026-06-09,Shared document request,E0541,IT & Security,under_1y,social_norm,0,0,0,no_action,,
2942,C3,2026-06-09,Shared document request,E0542,Operations,under_1y,easy_report_prompt,0,0,0,no_action,,
2943,C3,2026-06-09,Shared document request,E0543,Customer Support,1_to_3y,easy_report_prompt,0,1,1,clicked_and_reported,13.2,20.5
2944,C3,2026-06-09,Shared document request,E0544,Customer Support,over_3y,loss_framing,0,0,0,no_action,,
2945,C3,2026-06-09,Shared document request,E0545,HR,over_3y,loss_framing,0,0,1,reported_only,,120.9
2946,C3,2026-06-09,Shared document request,E0546,Marketing,1_to_3y,none,1,1,0,clicked_only,0.3,
2947,C3,2026-06-09,Shared document request,E0547,IT & Security,over_3y,loss_framing,0,0,0,no_action,,
2948,C3,2026-06-09,Shared document request,E0548,Customer Support,over_3y,none,1,0,0,no_action,,
2949,C3,2026-06-09,Shared document request,E0549,Sales,over_3y,none,0,0,0,no_action,,
2950,C3,2026-06-09,Shared document request,E0550,Sales,over_3y,social_norm,0,0,1,reported_only,,6.7
2951,C3,2026-06-09,Shared document request,E0551,Executive Office,over_3y,easy_report_prompt,0,0,0,no_action,,
2952,C3,2026-06-09,Shared document request,E0552,Operations,under_1y,easy_report_prompt,0,0,0,no_action,,
2953,C3,2026-06-09,Shared document request,E0553,Customer Support,over_3y,none,1,1,0,clicked_only,27.8,
2954,C3,2026-06-09,Shared document request,E0554,Legal & Compliance,over_3y,none,0,0,0,no_action,,
2955,C3,2026-06-09,Shared document request,E0555,Marketing,under_1y,easy_report_prompt,0,1,1,clicked_and_reported,2.6,4.1
2956,C3,2026-06-09,Shared document request,E0556,IT & Security,under_1y,easy_report_prompt,1,1,0,clicked_only,17.1,
2957,C3,2026-06-09,Shared document request,E0557,Engineering,under_1y,social_norm,0,0,0,no_action,,
2958,C3,2026-06-09,Shared document request,E0558,Customer Support,1_to_3y,social_norm,0,1,0,clicked_only,4.2,
2959,C3,2026-06-09,Shared document request,E0559,IT & Security,under_1y,none,1,1,1,clicked_and_reported,9.1,15.3
2960,C3,2026-06-09,Shared document request,E0560,Engineering,1_to_3y,social_norm,0,0,0,no_action,,
2961,C3,2026-06-09,Shared document request,E0561,Finance,under_1y,just_in_time_tip,1,0,0,no_action,,
2962,C3,2026-06-09,Shared document request,E0562,Marketing,under_1y,just_in_time_tip,0,0,0,no_action,,
2963,C3,2026-06-09,Shared document request,E0563,Engineering,under_1y,loss_framing,0,0,0,no_action,,
2964,C3,2026-06-09,Shared document request,E0564,Legal & Compliance,under_1y,loss_framing,0,0,0,no_action,,
2965,C3,2026-06-09,Shared document request,E0565,HR,over_3y,none,0,1,0,clicked_only,2.9,
2966,C3,2026-06-09,Shared document request,E0566,Engineering,over_3y,easy_report_prompt,1,1,0,clicked_only,0.9,
2967,C3,2026-06-09,Shared document request,E0567,Customer Support,over_3y,warning_banner,1,0,0,no_action,,
2968,C3,2026-06-09,Shared document request,E0568,Engineering,over_3y,just_in_time_tip,0,0,0,no_action,,
2969,C3,2026-06-09,Shared document request,E0569,Operations,1_to_3y,social_norm,0,0,0,no_action,,
2970,C3,2026-06-09,Shared document request,E0570,Operations,over_3y,social_norm,0,0,0,no_action,,
2971,C3,2026-06-09,Shared document request,E0571,Engineering,over_3y,loss_framing,1,0,0,no_action,,
2972,C3,2026-06-09,Shared document request,E0572,Customer Support,1_to_3y,social_norm,0,0,0,no_action,,
2973,C3,2026-06-09,Shared document request,E0573,Customer Support,over_3y,loss_framing,0,0,0,no_action,,
2974,C3,2026-06-09,Shared document request,E0574,Operations,1_to_3y,loss_framing,0,0,0,no_action,,
2975,C3,2026-06-09,Shared document request,E0575,Engineering,under_1y,loss_framing,1,0,1,reported_only,,17.4
2976,C3,2026-06-09,Shared document request,E0576,Customer Support,under_1y,none,1,1,0,clicked_only,7.4,
2977,C3,2026-06-09,Shared document request,E0577,Operations,over_3y,none,1,0,0,no_action,,
2978,C3,2026-06-09,Shared document request,E0578,Customer Support,1_to_3y,easy_report_prompt,0,0,0,no_action,,
2979,C3,2026-06-09,Shared document request,E0579,Operations,over_3y,easy_report_prompt,0,0,0,no_action,,
2980,C3,2026-06-09,Shared document request,E0580,Finance,1_to_3y,social_norm,0,0,0,no_action,,
2981,C3,2026-06-09,Shared document request,E0581,Sales,under_1y,just_in_time_tip,0,1,0,clicked_only,49.4,
2982,C3,2026-06-09,Shared document request,E0582,Engineering,1_to_3y,easy_report_prompt,0,0,0,no_action,,
2983,C3,2026-06-09,Shared document request,E0583,Customer Support,under_1y,loss_framing,1,0,0,no_action,,
2984,C3,2026-06-09,Shared document request,E0584,Sales,over_3y,warning_banner,0,0,0,no_action,,
2985,C3,2026-06-09,Shared document request,E0585,IT & Security,1_to_3y,easy_report_prompt,2,0,1,reported_only,,11.0
2986,C3,2026-06-09,Shared document request,E0586,Engineering,over_3y,just_in_time_tip,1,0,0,no_action,,
2987,C3,2026-06-09,Shared document request,E0587,Engineering,under_1y,social_norm,0,0,1,reported_only,,9.3
2988,C3,2026-06-09,Shared document request,E0588,Engineering,under_1y,loss_framing,1,0,0,no_action,,
2989,C3,2026-06-09,Shared document request,E0589,Customer Support,under_1y,just_in_time_tip,0,0,0,no_action,,
2990,C3,2026-06-09,Shared document request,E0590,Finance,over_3y,just_in_time_tip,1,0,0,no_action,,
2991,C3,2026-06-09,Shared document request,E0591,Finance,1_to_3y,none,0,0,1,reported_only,,73.2
2992,C3,2026-06-09,Shared document request,E0592,Operations,1_to_3y,loss_framing,0,0,0,no_action,,
2993,C3,2026-06-09,Shared document request,E0593,Customer Support,1_to_3y,social_norm,0,0,0,no_action,,
2994,C3,2026-06-09,Shared document request,E0594,Executive Office,under_1y,just_in_time_tip,1,0,0,no_action,,
2995,C3,2026-06-09,Shared document request,E0595,Sales,under_1y,social_norm,0,0,0,no_action,,
2996,C3,2026-06-09,Shared document request,E0596,Operations,1_to_3y,none,1,1,0,clicked_only,44.0,
2997,C3,2026-06-09,Shared document request,E0597,Operations,1_to_3y,loss_framing,0,0,0,no_action,,
2998,C3,2026-06-09,Shared document request,E0598,Engineering,over_3y,easy_report_prompt,0,0,0,no_action,,
2999,C3,2026-06-09,Shared document request,E0599,Finance,over_3y,warning_banner,1,0,0,no_action,,
3000,C3,2026-06-09,Shared document request,E0600,IT & Security,over_3y,warning_banner,0,0,1,reported_only,,1.2
3001,C3,2026-06-09,Shared document request,E0601,Engineering,under_1y,none,0,0,1,reported_only,,10.9
3002,C3,2026-06-09,Shared document request,E0602,Finance,1_to_3y,none,1,1,0,clicked_only,58.5,
3003,C3,2026-06-09,Shared document request,E0603,Operations,under_1y,warning_banner,1,0,0,no_action,,
3004,C3,2026-06-09,Shared document request,E0604,Sales,over_3y,easy_report_prompt,1,1,0,clicked_only,0.8,
3005,C3,2026-06-09,Shared document request,E0605,Finance,1_to_3y,just_in_time_tip,0,0,0,no_action,,
3006,C3,2026-06-09,Shared document request,E0606,Engineering,1_to_3y,easy_report_prompt,0,1,0,clicked_only,1106.8,
3007,C3,2026-06-09,Shared document request,E0607,Engineering,1_to_3y,social_norm,0,0,1,reported_only,,85.1
3008,C3,2026-06-09,Shared document request,E0608,Sales,under_1y,loss_framing,0,0,1,reported_only,,63.8
3009,C3,2026-06-09,Shared document request,E0609,Legal & Compliance,over_3y,social_norm,1,0,1,reported_only,,12.2
3010,C3,2026-06-09,Shared document request,E0610,Customer Support,1_to_3y,loss_framing,0,1,0,clicked_only,30.4,
3011,C3,2026-06-09,Shared document request,E0611,Engineering,1_to_3y,loss_framing,0,0,0,no_action,,
3012,C3,2026-06-09,Shared document request,E0612,Executive Office,over_3y,warning_banner,0,0,0,no_action,,
3013,C3,2026-06-09,Shared document request,E0613,Customer Support,1_to_3y,easy_report_prompt,0,0,0,no_action,,
3014,C3,2026-06-09,Shared document request,E0614,HR,over_3y,easy_report_prompt,0,1,1,clicked_and_reported,35.2,40.6
3015,C3,2026-06-09,Shared document request,E0615,IT & Security,over_3y,social_norm,0,0,1,reported_only,,3.0
3016,C3,2026-06-09,Shared document request,E0616,Operations,under_1y,none,0,0,0,no_action,,
3017,C3,2026-06-09,Shared document request,E0617,Engineering,1_to_3y,just_in_time_tip,0,0,0,no_action,,
3018,C3,2026-06-09,Shared document request,E0618,Marketing,under_1y,none,0,1,0,clicked_only,14.9,
3019,C3,2026-06-09,Shared document request,E0619,Marketing,1_to_3y,just_in_time_tip,1,0,0,no_action,,
3020,C3,2026-06-09,Shared document request,E0620,Sales,1_to_3y,loss_framing,0,1,0,clicked_only,0.2,
3021,C3,2026-06-09,Shared document request,E0621,HR,over_3y,none,0,0,0,no_action,,
3022,C3,2026-06-09,Shared document request,E0622,Marketing,1_to_3y,easy_report_prompt,1,0,0,no_action,,
3023,C3,2026-06-09,Shared document request,E0623,Sales,1_to_3y,loss_framing,1,0,1,reported_only,,1.0
3024,C3,2026-06-09,Shared document request,E0624,Customer Support,1_to_3y,just_in_time_tip,0,0,0,no_action,,
3025,C3,2026-06-09,Shared document request,E0625,Finance,over_3y,none,0,0,0,no_action,,
3026,C3,2026-06-09,Shared document request,E0626,IT & Security,over_3y,none,1,0,0,no_action,,
3027,C3,2026-06-09,Shared document request,E0627,IT & Security,under_1y,warning_banner,1,0,0,no_action,,
3028,C3,2026-06-09,Shared document request,E0628,Sales,over_3y,loss_framing,0,0,0,no_action,,
3029,C3,2026-06-09,Shared document request,E0629,Customer Support,under_1y,social_norm,0,0,0,no_action,,
3030,C3,2026-06-09,Shared document request,E0630,Finance,over_3y,just_in_time_tip,0,0,0,no_action,,
3031,C3,2026-06-09,Shared document request,E0631,IT & Security,under_1y,warning_banner,0,0,0,no_action,,
3032,C3,2026-06-09,Shared document request,E0632,Operations,under_1y,none,2,1,0,clicked_only,0.3,
3033,C3,2026-06-09,Shared document request,E0633,HR,over_3y,social_norm,0,0,0,no_action,,
3034,C3,2026-06-09,Shared document request,E0634,Engineering,over_3y,none,1,1,1,clicked_and_reported,20.2,22.6
3035,C3,2026-06-09,Shared document request,E0635,Sales,1_to_3y,warning_banner,1,1,0,clicked_only,3.3,
3036,C3,2026-06-09,Shared document request,E0636,Operations,under_1y,none,0,0,0,no_action,,
3037,C3,2026-06-09,Shared document request,E0637,Operations,1_to_3y,easy_report_prompt,0,0,0,no_action,,
3038,C3,2026-06-09,Shared document request,E0638,Marketing,1_to_3y,none,1,0,0,no_action,,
3039,C3,2026-06-09,Shared document request,E0639,HR,1_to_3y,warning_banner,1,0,0,no_action,,
3040,C3,2026-06-09,Shared document request,E0640,Customer Support,under_1y,social_norm,1,1,1,clicked_and_reported,2.1,12.6
3041,C3,2026-06-09,Shared document request,E0641,Engineering,1_to_3y,warning_banner,0,0,0,no_action,,
3042,C3,2026-06-09,Shared document request,E0642,Operations,under_1y,loss_framing,0,0,0,no_action,,
3043,C3,2026-06-09,Shared document request,E0643,Operations,under_1y,easy_report_prompt,0,0,0,no_action,,
3044,C3,2026-06-09,Shared document request,E0644,Customer Support,over_3y,social_norm,0,0,0,no_action,,
3045,C3,2026-06-09,Shared document request,E0645,Sales,over_3y,just_in_time_tip,0,1,0,clicked_only,10.0,
3046,C3,2026-06-09,Shared document request,E0646,Finance,over_3y,warning_banner,0,1,0,clicked_only,1.6,
3047,C3,2026-06-09,Shared document request,E0647,Customer Support,over_3y,warning_banner,0,0,0,no_action,,
3048,C3,2026-06-09,Shared document request,E0648,Executive Office,1_to_3y,social_norm,0,0,0,no_action,,
3049,C3,2026-06-09,Shared document request,E0649,Engineering,over_3y,just_in_time_tip,0,1,0,clicked_only,10.4,
3050,C3,2026-06-09,Shared document request,E0650,Sales,over_3y,warning_banner,1,1,0,clicked_only,46.4,
3051,C3,2026-06-09,Shared document request,E0651,Sales,over_3y,loss_framing,0,1,0,clicked_only,17.9,
3052,C3,2026-06-09,Shared document request,E0652,Finance,1_to_3y,none,0,0,0,no_action,,
3053,C3,2026-06-09,Shared document request,E0653,HR,over_3y,none,0,1,0,clicked_only,4.2,
3054,C3,2026-06-09,Shared document request,E0654,Executive Office,over_3y,just_in_time_tip,0,0,0,no_action,,
3055,C3,2026-06-09,Shared document request,E0655,HR,under_1y,none,0,0,0,no_action,,
3056,C3,2026-06-09,Shared document request,E0656,Engineering,1_to_3y,social_norm,0,0,0,no_action,,
3057,C3,2026-06-09,Shared document request,E0657,Engineering,1_to_3y,loss_framing,0,0,1,reported_only,,9.7
3058,C3,2026-06-09,Shared document request,E0658,Engineering,under_1y,none,0,0,0,no_action,,
3059,C3,2026-06-09,Shared document request,E0659,Sales,1_to_3y,loss_framing,0,1,0,clicked_only,16.3,
3060,C3,2026-06-09,Shared document request,E0660,Operations,over_3y,loss_framing,0,0,1,reported_only,,8.2
3061,C3,2026-06-09,Shared document request,E0661,Finance,under_1y,none,0,0,0,no_action,,
3062,C3,2026-06-09,Shared document request,E0662,Sales,1_to_3y,none,1,1,0,clicked_only,22.3,
3063,C3,2026-06-09,Shared document request,E0663,IT & Security,1_to_3y,loss_framing,0,0,0,no_action,,
3064,C3,2026-06-09,Shared document request,E0664,IT & Security,1_to_3y,warning_banner,0,0,0,no_action,,
3065,C3,2026-06-09,Shared document request,E0665,Engineering,over_3y,warning_banner,1,0,1,reported_only,,15.3
3066,C3,2026-06-09,Shared document request,E0666,Operations,1_to_3y,social_norm,0,0,0,no_action,,
3067,C3,2026-06-09,Shared document request,E0667,Customer Support,1_to_3y,warning_banner,1,1,0,clicked_only,36.3,
3068,C3,2026-06-09,Shared document request,E0668,Sales,over_3y,none,1,1,0,clicked_only,2.8,
3069,C3,2026-06-09,Shared document request,E0669,Finance,over_3y,none,0,0,1,reported_only,,9.4
3070,C3,2026-06-09,Shared document request,E0670,IT & Security,under_1y,social_norm,0,0,1,reported_only,,4.0
3071,C3,2026-06-09,Shared document request,E0671,Operations,1_to_3y,none,0,0,0,no_action,,
3072,C3,2026-06-09,Shared document request,E0672,Operations,1_to_3y,just_in_time_tip,1,0,1,reported_only,,8.8
3073,C3,2026-06-09,Shared document request,E0673,Engineering,1_to_3y,warning_banner,0,0,1,reported_only,,131.0
3074,C3,2026-06-09,Shared document request,E0674,Engineering,1_to_3y,just_in_time_tip,0,0,0,no_action,,
3075,C3,2026-06-09,Shared document request,E0675,Engineering,over_3y,none,0,0,1,reported_only,,6.2
3076,C3,2026-06-09,Shared document request,E0676,Customer Support,1_to_3y,easy_report_prompt,0,0,1,reported_only,,30.5
3077,C3,2026-06-09,Shared document request,E0677,Engineering,under_1y,easy_report_prompt,0,0,0,no_action,,
3078,C3,2026-06-09,Shared document request,E0678,Finance,under_1y,none,0,1,0,clicked_only,1.4,
3079,C3,2026-06-09,Shared document request,E0679,Sales,1_to_3y,none,0,1,0,clicked_only,12.4,
3080,C3,2026-06-09,Shared document request,E0680,IT & Security,over_3y,easy_report_prompt,0,0,0,no_action,,
3081,C3,2026-06-09,Shared document request,E0681,Customer Support,under_1y,social_norm,0,0,0,no_action,,
3082,C3,2026-06-09,Shared document request,E0682,Customer Support,under_1y,just_in_time_tip,0,0,0,no_action,,
3083,C3,2026-06-09,Shared document request,E0683,Operations,over_3y,loss_framing,0,0,1,reported_only,,17.1
3084,C3,2026-06-09,Shared document request,E0684,Marketing,under_1y,just_in_time_tip,0,1,0,clicked_only,0.9,
3085,C3,2026-06-09,Shared document request,E0685,Engineering,over_3y,warning_banner,0,0,0,no_action,,
3086,C3,2026-06-09,Shared document request,E0686,Marketing,under_1y,social_norm,1,0,0,no_action,,
3087,C3,2026-06-09,Shared document request,E0687,Marketing,over_3y,loss_framing,0,0,0,no_action,,
3088,C3,2026-06-09,Shared document request,E0688,Sales,1_to_3y,warning_banner,0,0,0,no_action,,
3089,C3,2026-06-09,Shared document request,E0689,Operations,under_1y,loss_framing,0,1,0,clicked_only,9.5,
3090,C3,2026-06-09,Shared document request,E0690,Customer Support,over_3y,easy_report_prompt,1,0,0,no_action,,
3091,C3,2026-06-09,Shared document request,E0691,HR,under_1y,warning_banner,0,0,1,reported_only,,23.1
3092,C3,2026-06-09,Shared document request,E0692,IT & Security,over_3y,easy_report_prompt,0,0,0,no_action,,
3093,C3,2026-06-09,Shared document request,E0693,Engineering,over_3y,none,0,0,1,reported_only,,22.7
3094,C3,2026-06-09,Shared document request,E0694,Sales,under_1y,easy_report_prompt,1,1,0,clicked_only,1.9,
3095,C3,2026-06-09,Shared document request,E0695,Engineering,1_to_3y,loss_framing,0,0,1,reported_only,,21.9
3096,C3,2026-06-09,Shared document request,E0696,Operations,over_3y,warning_banner,0,0,1,reported_only,,9.7
3097,C3,2026-06-09,Shared document request,E0697,Finance,1_to_3y,loss_framing,0,1,0,clicked_only,30.2,
3098,C3,2026-06-09,Shared document request,E0698,Sales,1_to_3y,none,0,1,0,clicked_only,76.7,
3099,C3,2026-06-09,Shared document request,E0699,Sales,under_1y,just_in_time_tip,0,0,0,no_action,,
3100,C3,2026-06-09,Shared document request,E0700,Marketing,1_to_3y,social_norm,0,0,0,no_action,,
3101,C3,2026-06-09,Shared document request,E0701,Operations,1_to_3y,social_norm,1,0,1,reported_only,,4.9
3102,C3,2026-06-09,Shared document request,E0702,Marketing,over_3y,just_in_time_tip,0,0,0,no_action,,
3103,C3,2026-06-09,Shared document request,E0703,Marketing,over_3y,social_norm,1,0,0,no_action,,
3104,C3,2026-06-09,Shared document request,E0704,Marketing,over_3y,warning_banner,1,0,1,reported_only,,11.9
3105,C3,2026-06-09,Shared document request,E0705,Finance,over_3y,easy_report_prompt,1,0,0,no_action,,
3106,C3,2026-06-09,Shared document request,E0706,Sales,over_3y,loss_framing,0,0,1,reported_only,,10.8
3107,C3,2026-06-09,Shared document request,E0707,Operations,under_1y,just_in_time_tip,0,0,1,reported_only,,12.1
3108,C3,2026-06-09,Shared document request,E0708,Customer Support,over_3y,warning_banner,0,0,0,no_action,,
3109,C3,2026-06-09,Shared document request,E0709,Sales,1_to_3y,loss_framing,0,1,0,clicked_only,7.5,
3110,C3,2026-06-09,Shared document request,E0710,Engineering,1_to_3y,none,0,0,1,reported_only,,16.5
3111,C3,2026-06-09,Shared document request,E0711,Operations,over_3y,just_in_time_tip,0,1,1,clicked_and_reported,30.4,31.0
3112,C3,2026-06-09,Shared document request,E0712,Finance,1_to_3y,easy_report_prompt,1,0,0,no_action,,
3113,C3,2026-06-09,Shared document request,E0713,Engineering,1_to_3y,loss_framing,0,0,1,reported_only,,45.5
3114,C3,2026-06-09,Shared document request,E0714,Marketing,under_1y,warning_banner,0,0,0,no_action,,
3115,C3,2026-06-09,Shared document request,E0715,Legal & Compliance,over_3y,easy_report_prompt,0,0,0,no_action,,
3116,C3,2026-06-09,Shared document request,E0716,IT & Security,over_3y,social_norm,0,0,1,reported_only,,19.2
3117,C3,2026-06-09,Shared document request,E0717,Engineering,over_3y,easy_report_prompt,0,0,1,reported_only,,8.0
3118,C3,2026-06-09,Shared document request,E0718,Marketing,over_3y,just_in_time_tip,1,0,0,no_action,,
3119,C3,2026-06-09,Shared document request,E0719,Marketing,under_1y,none,0,1,0,clicked_only,8.4,
3120,C3,2026-06-09,Shared document request,E0720,Engineering,1_to_3y,warning_banner,0,0,0,no_action,,
3121,C3,2026-06-09,Shared document request,E0721,Sales,1_to_3y,none,0,1,0,clicked_only,0.9,
3122,C3,2026-06-09,Shared document request,E0722,Marketing,over_3y,none,0,1,0,clicked_only,14.9,
3123,C3,2026-06-09,Shared document request,E0723,Engineering,under_1y,easy_report_prompt,0,0,0,no_action,,
3124,C3,2026-06-09,Shared document request,E0724,IT & Security,under_1y,social_norm,0,0,0,no_action,,
3125,C3,2026-06-09,Shared document request,E0725,Marketing,over_3y,social_norm,1,0,0,no_action,,
3126,C3,2026-06-09,Shared document request,E0726,Operations,under_1y,warning_banner,0,0,0,no_action,,
3127,C3,2026-06-09,Shared document request,E0727,HR,over_3y,just_in_time_tip,0,0,0,no_action,,
3128,C3,2026-06-09,Shared document request,E0728,Executive Office,1_to_3y,warning_banner,0,0,0,no_action,,
3129,C3,2026-06-09,Shared document request,E0729,Marketing,over_3y,just_in_time_tip,1,0,0,no_action,,
3130,C3,2026-06-09,Shared document request,E0730,Marketing,under_1y,just_in_time_tip,0,0,0,no_action,,
3131,C3,2026-06-09,Shared document request,E0731,Marketing,over_3y,none,0,0,0,no_action,,
3132,C3,2026-06-09,Shared document request,E0732,Operations,over_3y,social_norm,0,0,0,no_action,,
3133,C3,2026-06-09,Shared document request,E0733,Marketing,over_3y,just_in_time_tip,0,1,0,clicked_only,8.7,
3134,C3,2026-06-09,Shared document request,E0734,Operations,1_to_3y,social_norm,0,0,1,reported_only,,48.5
3135,C3,2026-06-09,Shared document request,E0735,Customer Support,over_3y,warning_banner,0,0,0,no_action,,
3136,C3,2026-06-09,Shared document request,E0736,Engineering,over_3y,just_in_time_tip,0,0,1,reported_only,,9.8
3137,C3,2026-06-09,Shared document request,E0737,Customer Support,over_3y,just_in_time_tip,0,0,0,no_action,,
3138,C3,2026-06-09,Shared document request,E0738,Operations,1_to_3y,loss_framing,0,1,0,clicked_only,33.3,
3139,C3,2026-06-09,Shared document request,E0739,Sales,over_3y,warning_banner,0,0,0,no_action,,
3140,C3,2026-06-09,Shared document request,E0740,Operations,over_3y,none,0,0,0,no_action,,
3141,C3,2026-06-09,Shared document request,E0741,Engineering,over_3y,easy_report_prompt,1,0,0,no_action,,
3142,C3,2026-06-09,Shared document request,E0742,Sales,1_to_3y,none,1,0,1,reported_only,,9.7
3143,C3,2026-06-09,Shared document request,E0743,Engineering,over_3y,social_norm,0,0,1,reported_only,,1.1
3144,C3,2026-06-09,Shared document request,E0744,Sales,under_1y,social_norm,0,0,0,no_action,,
3145,C3,2026-06-09,Shared document request,E0745,Sales,1_to_3y,easy_report_prompt,0,1,0,clicked_only,5.2,
3146,C3,2026-06-09,Shared document request,E0746,Sales,over_3y,warning_banner,0,1,0,clicked_only,31.7,
3147,C3,2026-06-09,Shared document request,E0747,Engineering,over_3y,social_norm,0,0,1,reported_only,,42.7
3148,C3,2026-06-09,Shared document request,E0748,Finance,under_1y,loss_framing,2,1,0,clicked_only,5.6,
3149,C3,2026-06-09,Shared document request,E0749,Engineering,1_to_3y,social_norm,0,0,1,reported_only,,81.0
3150,C3,2026-06-09,Shared document request,E0750,Operations,over_3y,warning_banner,0,0,1,reported_only,,170.1
3151,C3,2026-06-09,Shared document request,E0751,Operations,over_3y,social_norm,0,1,0,clicked_only,53.5,
3152,C3,2026-06-09,Shared document request,E0752,Sales,1_to_3y,social_norm,0,0,0,no_action,,
3153,C3,2026-06-09,Shared document request,E0753,Finance,1_to_3y,social_norm,0,0,1,reported_only,,55.8
3154,C3,2026-06-09,Shared document request,E0754,Engineering,1_to_3y,social_norm,0,0,0,no_action,,
3155,C3,2026-06-09,Shared document request,E0755,Executive Office,under_1y,loss_framing,0,1,0,clicked_only,5.6,
3156,C3,2026-06-09,Shared document request,E0756,Operations,under_1y,just_in_time_tip,1,0,1,reported_only,,30.5
3157,C3,2026-06-09,Shared document request,E0757,Engineering,1_to_3y,warning_banner,0,0,0,no_action,,
3158,C3,2026-06-09,Shared document request,E0758,Customer Support,over_3y,none,0,0,0,no_action,,
3159,C3,2026-06-09,Shared document request,E0759,Engineering,1_to_3y,just_in_time_tip,0,0,1,reported_only,,14.5
3160,C3,2026-06-09,Shared document request,E0760,Marketing,1_to_3y,social_norm,1,1,0,clicked_only,7.2,
3161,C3,2026-06-09,Shared document request,E0761,Executive Office,over_3y,none,0,0,0,no_action,,
3162,C3,2026-06-09,Shared document request,E0762,Sales,1_to_3y,easy_report_prompt,0,1,0,clicked_only,1.4,
3163,C3,2026-06-09,Shared document request,E0763,IT & Security,under_1y,easy_report_prompt,1,0,0,no_action,,
3164,C3,2026-06-09,Shared document request,E0764,IT & Security,over_3y,social_norm,0,1,0,clicked_only,5.5,
3165,C3,2026-06-09,Shared document request,E0765,Engineering,under_1y,warning_banner,0,0,0,no_action,,
3166,C3,2026-06-09,Shared document request,E0766,Operations,under_1y,none,0,0,0,no_action,,
3167,C3,2026-06-09,Shared document request,E0767,Marketing,over_3y,just_in_time_tip,1,0,0,no_action,,
3168,C3,2026-06-09,Shared document request,E0768,IT & Security,1_to_3y,just_in_time_tip,0,0,1,reported_only,,7.3
3169,C3,2026-06-09,Shared document request,E0769,Engineering,over_3y,easy_report_prompt,0,0,0,no_action,,
3170,C3,2026-06-09,Shared document request,E0770,Operations,1_to_3y,social_norm,0,0,0,no_action,,
3171,C3,2026-06-09,Shared document request,E0771,Operations,over_3y,none,0,1,0,clicked_only,0.4,
3172,C3,2026-06-09,Shared document request,E0772,Customer Support,under_1y,easy_report_prompt,1,0,0,no_action,,
3173,C3,2026-06-09,Shared document request,E0773,Legal & Compliance,over_3y,none,0,0,0,no_action,,
3174,C3,2026-06-09,Shared document request,E0774,Sales,over_3y,loss_framing,0,1,0,clicked_only,11.3,
3175,C3,2026-06-09,Shared document request,E0775,Customer Support,over_3y,just_in_time_tip,1,1,0,clicked_only,6.6,
3176,C3,2026-06-09,Shared document request,E0776,Operations,under_1y,just_in_time_tip,0,0,0,no_action,,
3177,C3,2026-06-09,Shared document request,E0777,IT & Security,1_to_3y,loss_framing,1,0,0,no_action,,
3178,C3,2026-06-09,Shared document request,E0778,Customer Support,under_1y,warning_banner,1,1,0,clicked_only,2.3,
3179,C3,2026-06-09,Shared document request,E0779,Marketing,over_3y,loss_framing,0,0,0,no_action,,
3180,C3,2026-06-09,Shared document request,E0780,Engineering,1_to_3y,just_in_time_tip,0,0,1,reported_only,,2.1
3181,C3,2026-06-09,Shared document request,E0781,Engineering,1_to_3y,social_norm,0,0,0,no_action,,
3182,C3,2026-06-09,Shared document request,E0782,Finance,1_to_3y,easy_report_prompt,0,1,0,clicked_only,11.1,
3183,C3,2026-06-09,Shared document request,E0783,Sales,over_3y,social_norm,0,1,0,clicked_only,6.1,
3184,C3,2026-06-09,Shared document request,E0784,Operations,1_to_3y,warning_banner,1,0,0,no_action,,
3185,C3,2026-06-09,Shared document request,E0785,Customer Support,under_1y,just_in_time_tip,0,1,0,clicked_only,8.8,
3186,C3,2026-06-09,Shared document request,E0786,Sales,1_to_3y,easy_report_prompt,0,1,0,clicked_only,1.4,
3187,C3,2026-06-09,Shared document request,E0787,Customer Support,over_3y,loss_framing,0,1,0,clicked_only,20.2,
3188,C3,2026-06-09,Shared document request,E0788,Customer Support,1_to_3y,loss_framing,1,0,0,no_action,,
3189,C3,2026-06-09,Shared document request,E0789,Customer Support,under_1y,loss_framing,0,1,0,clicked_only,23.8,
3190,C3,2026-06-09,Shared document request,E0790,Engineering,1_to_3y,warning_banner,2,0,0,no_action,,
3191,C3,2026-06-09,Shared document request,E0791,Finance,1_to_3y,easy_report_prompt,0,0,0,no_action,,
3192,C3,2026-06-09,Shared document request,E0792,Sales,under_1y,social_norm,0,1,0,clicked_only,1.6,
3193,C3,2026-06-09,Shared document request,E0793,Operations,over_3y,warning_banner,1,0,0,no_action,,
3194,C3,2026-06-09,Shared document request,E0794,Engineering,over_3y,easy_report_prompt,0,0,0,no_action,,
3195,C3,2026-06-09,Shared document request,E0795,Marketing,under_1y,loss_framing,1,1,0,clicked_only,5.7,
3196,C3,2026-06-09,Shared document request,E0796,Sales,over_3y,loss_framing,1,1,0,clicked_only,6.3,
3197,C3,2026-06-09,Shared document request,E0797,HR,1_to_3y,loss_framing,2,0,0,no_action,,
3198,C3,2026-06-09,Shared document request,E0798,Sales,1_to_3y,easy_report_prompt,0,0,0,no_action,,
3199,C3,2026-06-09,Shared document request,E0799,Operations,1_to_3y,social_norm,0,0,0,no_action,,
3200,C3,2026-06-09,Shared document request,E0800,IT & Security,under_1y,just_in_time_tip,0,0,1,reported_only,,2.1
3201,C3,2026-06-09,Shared document request,E0801,Legal & Compliance,1_to_3y,easy_report_prompt,0,0,1,reported_only,,4.5
3202,C3,2026-06-09,Shared document request,E0802,IT & Security,over_3y,warning_banner,0,0,0,no_action,,
3203,C3,2026-06-09,Shared document request,E0803,Marketing,1_to_3y,loss_framing,0,0,0,no_action,,
3204,C3,2026-06-09,Shared document request,E0804,IT & Security,over_3y,loss_framing,0,0,0,no_action,,
3205,C3,2026-06-09,Shared document request,E0805,Customer Support,1_to_3y,loss_framing,0,0,0,no_action,,
3206,C3,2026-06-09,Shared document request,E0806,Sales,1_to_3y,just_in_time_tip,1,0,0,no_action,,
3207,C3,2026-06-09,Shared document request,E0807,Operations,1_to_3y,social_norm,0,0,1,reported_only,,28.2
3208,C3,2026-06-09,Shared document request,E0808,Engineering,over_3y,social_norm,0,1,0,clicked_only,1.9,
3209,C3,2026-06-09,Shared document request,E0809,HR,over_3y,easy_report_prompt,0,0,0,no_action,,
3210,C3,2026-06-09,Shared document request,E0810,Marketing,1_to_3y,easy_report_prompt,0,0,0,no_action,,
3211,C3,2026-06-09,Shared document request,E0811,Marketing,under_1y,easy_report_prompt,0,1,0,clicked_only,8.1,
3212,C3,2026-06-09,Shared document request,E0812,Operations,1_to_3y,social_norm,0,0,0,no_action,,
3213,C3,2026-06-09,Shared document request,E0813,Operations,1_to_3y,easy_report_prompt,0,0,0,no_action,,
3214,C3,2026-06-09,Shared document request,E0814,IT & Security,under_1y,warning_banner,0,1,0,clicked_only,14.4,
3215,C3,2026-06-09,Shared document request,E0815,Customer Support,under_1y,none,1,0,0,no_action,,
3216,C3,2026-06-09,Shared document request,E0816,Engineering,over_3y,easy_report_prompt,0,1,0,clicked_only,10.7,
3217,C3,2026-06-09,Shared document request,E0817,Customer Support,1_to_3y,warning_banner,0,0,0,no_action,,
3218,C3,2026-06-09,Shared document request,E0818,Finance,over_3y,just_in_time_tip,0,0,0,no_action,,
3219,C3,2026-06-09,Shared document request,E0819,Customer Support,1_to_3y,social_norm,1,0,0,no_action,,
3220,C3,2026-06-09,Shared document request,E0820,Operations,under_1y,easy_report_prompt,0,0,0,no_action,,
3221,C3,2026-06-09,Shared document request,E0821,Finance,over_3y,social_norm,0,0,0,no_action,,
3222,C3,2026-06-09,Shared document request,E0822,Sales,under_1y,loss_framing,0,1,1,clicked_and_reported,4.6,14.9
3223,C3,2026-06-09,Shared document request,E0823,Finance,1_to_3y,loss_framing,0,0,0,no_action,,
3224,C3,2026-06-09,Shared document request,E0824,Sales,1_to_3y,easy_report_prompt,0,1,0,clicked_only,52.4,
3225,C3,2026-06-09,Shared document request,E0825,Sales,under_1y,social_norm,1,1,0,clicked_only,10.0,
3226,C3,2026-06-09,Shared document request,E0826,Operations,over_3y,none,1,0,1,reported_only,,57.6
3227,C3,2026-06-09,Shared document request,E0827,Engineering,1_to_3y,easy_report_prompt,0,1,0,clicked_only,6.7,
3228,C3,2026-06-09,Shared document request,E0828,Operations,over_3y,none,0,0,0,no_action,,
3229,C3,2026-06-09,Shared document request,E0829,Sales,1_to_3y,social_norm,0,0,1,reported_only,,87.6
3230,C3,2026-06-09,Shared document request,E0830,IT & Security,1_to_3y,loss_framing,0,0,1,reported_only,,108.3
3231,C3,2026-06-09,Shared document request,E0831,Customer Support,over_3y,none,0,0,0,no_action,,
3232,C3,2026-06-09,Shared document request,E0832,Marketing,under_1y,easy_report_prompt,1,0,0,no_action,,
3233,C3,2026-06-09,Shared document request,E0833,IT & Security,1_to_3y,just_in_time_tip,2,0,0,no_action,,
3234,C3,2026-06-09,Shared document request,E0834,Sales,1_to_3y,social_norm,0,0,0,no_action,,
3235,C3,2026-06-09,Shared document request,E0835,Engineering,under_1y,social_norm,1,1,0,clicked_only,7.8,
3236,C3,2026-06-09,Shared document request,E0836,Marketing,1_to_3y,easy_report_prompt,1,1,0,clicked_only,9.8,
3237,C3,2026-06-09,Shared document request,E0837,Sales,over_3y,warning_banner,0,1,0,clicked_only,0.8,
3238,C3,2026-06-09,Shared document request,E0838,IT & Security,over_3y,loss_framing,0,0,0,no_action,,
3239,C3,2026-06-09,Shared document request,E0839,Marketing,1_to_3y,just_in_time_tip,0,1,0,clicked_only,6.7,
3240,C3,2026-06-09,Shared document request,E0840,Sales,under_1y,loss_framing,0,0,0,no_action,,
3241,C3,2026-06-09,Shared document request,E0841,Customer Support,under_1y,warning_banner,0,0,0,no_action,,
3242,C3,2026-06-09,Shared document request,E0842,Legal & Compliance,over_3y,easy_report_prompt,0,0,0,no_action,,
3243,C3,2026-06-09,Shared document request,E0843,Engineering,over_3y,warning_banner,0,0,0,no_action,,
3244,C3,2026-06-09,Shared document request,E0844,Customer Support,over_3y,none,2,0,0,no_action,,
3245,C3,2026-06-09,Shared document request,E0845,Finance,1_to_3y,easy_report_prompt,0,1,0,clicked_only,9.5,
3246,C3,2026-06-09,Shared document request,E0846,Customer Support,under_1y,none,0,1,0,clicked_only,9.3,
3247,C3,2026-06-09,Shared document request,E0847,Engineering,1_to_3y,easy_report_prompt,1,0,0,no_action,,
3248,C3,2026-06-09,Shared document request,E0848,Customer Support,1_to_3y,easy_report_prompt,1,1,1,clicked_and_reported,26.5,29.2
3249,C3,2026-06-09,Shared document request,E0849,Finance,under_1y,loss_framing,2,0,0,no_action,,
3250,C3,2026-06-09,Shared document request,E0850,Sales,1_to_3y,warning_banner,0,0,0,no_action,,
3251,C3,2026-06-09,Shared document request,E0851,Sales,over_3y,loss_framing,0,0,0,no_action,,
3252,C3,2026-06-09,Shared document request,E0852,Engineering,under_1y,loss_framing,0,0,0,no_action,,
3253,C3,2026-06-09,Shared document request,E0853,Operations,1_to_3y,warning_banner,0,0,1,reported_only,,122.6
3254,C3,2026-06-09,Shared document request,E0854,HR,1_to_3y,just_in_time_tip,0,0,0,no_action,,
3255,C3,2026-06-09,Shared document request,E0855,Sales,over_3y,just_in_time_tip,1,1,0,clicked_only,5.7,
3256,C3,2026-06-09,Shared document request,E0856,Customer Support,1_to_3y,warning_banner,0,0,0,no_action,,
3257,C3,2026-06-09,Shared document request,E0857,Marketing,over_3y,social_norm,1,1,0,clicked_only,10.1,
3258,C3,2026-06-09,Shared document request,E0858,Engineering,1_to_3y,loss_framing,1,1,0,clicked_only,3.6,
3259,C3,2026-06-09,Shared document request,E0859,Customer Support,1_to_3y,loss_framing,0,0,0,no_action,,
3260,C3,2026-06-09,Shared document request,E0860,Customer Support,under_1y,easy_report_prompt,0,0,0,no_action,,
3261,C3,2026-06-09,Shared document request,E0861,HR,1_to_3y,warning_banner,0,1,0,clicked_only,7.6,
3262,C3,2026-06-09,Shared document request,E0862,Finance,over_3y,just_in_time_tip,1,0,0,no_action,,
3263,C3,2026-06-09,Shared document request,E0863,Engineering,over_3y,just_in_time_tip,1,0,0,no_action,,
3264,C3,2026-06-09,Shared document request,E0864,Operations,over_3y,social_norm,0,0,0,no_action,,
3265,C3,2026-06-09,Shared document request,E0865,Engineering,over_3y,easy_report_prompt,0,1,0,clicked_only,6.3,
3266,C3,2026-06-09,Shared document request,E0866,Legal & Compliance,under_1y,social_norm,0,0,0,no_action,,
3267,C3,2026-06-09,Shared document request,E0867,Customer Support,over_3y,loss_framing,1,0,0,no_action,,
3268,C3,2026-06-09,Shared document request,E0868,Sales,over_3y,just_in_time_tip,0,1,0,clicked_only,0.9,
3269,C3,2026-06-09,Shared document request,E0869,Customer Support,over_3y,warning_banner,1,1,1,clicked_and_reported,7.2,22.5
3270,C3,2026-06-09,Shared document request,E0870,IT & Security,over_3y,none,1,0,0,no_action,,
3271,C3,2026-06-09,Shared document request,E0871,Sales,under_1y,just_in_time_tip,1,0,0,no_action,,
3272,C3,2026-06-09,Shared document request,E0872,IT & Security,under_1y,none,1,0,0,no_action,,
3273,C3,2026-06-09,Shared document request,E0873,Marketing,over_3y,just_in_time_tip,0,0,0,no_action,,
3274,C3,2026-06-09,Shared document request,E0874,Customer Support,1_to_3y,loss_framing,0,1,0,clicked_only,10.4,
3275,C3,2026-06-09,Shared document request,E0875,Sales,over_3y,loss_framing,0,1,1,clicked_and_reported,1.2,3.2
3276,C3,2026-06-09,Shared document request,E0876,Finance,1_to_3y,social_norm,1,0,0,no_action,,
3277,C3,2026-06-09,Shared document request,E0877,Customer Support,1_to_3y,easy_report_prompt,1,0,0,no_action,,
3278,C3,2026-06-09,Shared document request,E0878,Sales,over_3y,loss_framing,0,1,0,clicked_only,0.7,
3279,C3,2026-06-09,Shared document request,E0879,Operations,1_to_3y,warning_banner,1,1,0,clicked_only,27.3,
3280,C3,2026-06-09,Shared document request,E0880,Executive Office,under_1y,easy_report_prompt,0,0,0,no_action,,
3281,C3,2026-06-09,Shared document request,E0881,Marketing,1_to_3y,none,0,0,0,no_action,,
3282,C3,2026-06-09,Shared document request,E0882,Operations,under_1y,none,0,1,0,clicked_only,18.2,
3283,C3,2026-06-09,Shared document request,E0883,Sales,over_3y,social_norm,0,0,0,no_action,,
3284,C3,2026-06-09,Shared document request,E0884,Finance,over_3y,just_in_time_tip,0,0,0,no_action,,
3285,C3,2026-06-09,Shared document request,E0885,IT & Security,under_1y,easy_report_prompt,1,0,1,reported_only,,2.9
3286,C3,2026-06-09,Shared document request,E0886,Operations,1_to_3y,easy_report_prompt,0,0,1,reported_only,,8.1
3287,C3,2026-06-09,Shared document request,E0887,Sales,over_3y,loss_framing,0,1,1,clicked_and_reported,6.1,10.5
3288,C3,2026-06-09,Shared document request,E0888,Customer Support,under_1y,none,0,0,0,no_action,,
3289,C3,2026-06-09,Shared document request,E0889,Operations,under_1y,warning_banner,0,0,0,no_action,,
3290,C3,2026-06-09,Shared document request,E0890,Customer Support,under_1y,just_in_time_tip,1,0,0,no_action,,
3291,C3,2026-06-09,Shared document request,E0891,Operations,over_3y,warning_banner,0,1,0,clicked_only,2.1,
3292,C3,2026-06-09,Shared document request,E0892,Executive Office,1_to_3y,social_norm,0,1,0,clicked_only,3.7,
3293,C3,2026-06-09,Shared document request,E0893,Finance,under_1y,loss_framing,0,0,0,no_action,,
3294,C3,2026-06-09,Shared document request,E0894,Operations,under_1y,easy_report_prompt,0,0,0,no_action,,
3295,C3,2026-06-09,Shared document request,E0895,Engineering,under_1y,none,0,0,0,no_action,,
3296,C3,2026-06-09,Shared document request,E0896,Marketing,1_to_3y,warning_banner,0,0,0,no_action,,
3297,C3,2026-06-09,Shared document request,E0897,Sales,under_1y,warning_banner,0,0,0,no_action,,
3298,C3,2026-06-09,Shared document request,E0898,Executive Office,over_3y,warning_banner,0,0,0,no_action,,
3299,C3,2026-06-09,Shared document request,E0899,IT & Security,over_3y,loss_framing,1,0,0,no_action,,
3300,C3,2026-06-09,Shared document request,E0900,Sales,over_3y,just_in_time_tip,1,0,1,reported_only,,15.5
3301,C3,2026-06-09,Shared document request,E0901,Operations,1_to_3y,loss_framing,0,0,0,no_action,,
3302,C3,2026-06-09,Shared document request,E0902,HR,under_1y,just_in_time_tip,1,0,0,no_action,,
3303,C3,2026-06-09,Shared document request,E0903,Engineering,1_to_3y,loss_framing,0,1,0,clicked_only,10.7,
3304,C3,2026-06-09,Shared document request,E0904,Operations,1_to_3y,none,0,0,0,no_action,,
3305,C3,2026-06-09,Shared document request,E0905,Customer Support,under_1y,warning_banner,1,1,0,clicked_only,2.8,
3306,C3,2026-06-09,Shared document request,E0906,Engineering,under_1y,warning_banner,1,1,0,clicked_only,1.5,
3307,C3,2026-06-09,Shared document request,E0907,Operations,over_3y,easy_report_prompt,0,1,0,clicked_only,5.3,
3308,C3,2026-06-09,Shared document request,E0908,Operations,1_to_3y,easy_report_prompt,0,0,0,no_action,,
3309,C3,2026-06-09,Shared document request,E0909,IT & Security,over_3y,easy_report_prompt,1,0,1,reported_only,,15.6
3310,C3,2026-06-09,Shared document request,E0910,Operations,1_to_3y,loss_framing,0,0,0,no_action,,
3311,C3,2026-06-09,Shared document request,E0911,IT & Security,1_to_3y,just_in_time_tip,0,0,1,reported_only,,5.7
3312,C3,2026-06-09,Shared document request,E0912,Operations,over_3y,easy_report_prompt,0,1,1,clicked_and_reported,1.0,5.6
3313,C3,2026-06-09,Shared document request,E0913,Legal & Compliance,1_to_3y,social_norm,0,0,1,reported_only,,47.2
3314,C3,2026-06-09,Shared document request,E0914,Finance,1_to_3y,just_in_time_tip,0,0,0,no_action,,
3315,C3,2026-06-09,Shared document request,E0915,Engineering,over_3y,just_in_time_tip,0,0,0,no_action,,
3316,C3,2026-06-09,Shared document request,E0916,Executive Office,over_3y,social_norm,1,1,0,clicked_only,10.3,
3317,C3,2026-06-09,Shared document request,E0917,HR,over_3y,just_in_time_tip,0,1,0,clicked_only,1.4,
3318,C3,2026-06-09,Shared document request,E0918,Customer Support,over_3y,social_norm,1,0,0,no_action,,
3319,C3,2026-06-09,Shared document request,E0919,Operations,1_to_3y,none,0,0,1,reported_only,,12.4
3320,C3,2026-06-09,Shared document request,E0920,Engineering,1_to_3y,easy_report_prompt,0,0,0,no_action,,
3321,C3,2026-06-09,Shared document request,E0921,Sales,over_3y,easy_report_prompt,0,1,0,clicked_only,0.4,
3322,C3,2026-06-09,Shared document request,E0922,Engineering,over_3y,easy_report_prompt,0,0,0,no_action,,
3323,C3,2026-06-09,Shared document request,E0923,Customer Support,under_1y,just_in_time_tip,0,0,0,no_action,,
3324,C3,2026-06-09,Shared document request,E0924,HR,over_3y,loss_framing,0,0,0,no_action,,
3325,C3,2026-06-09,Shared document request,E0925,Customer Support,over_3y,social_norm,0,0,0,no_action,,
3326,C3,2026-06-09,Shared document request,E0926,Customer Support,1_to_3y,easy_report_prompt,0,0,1,reported_only,,3.1
3327,C3,2026-06-09,Shared document request,E0927,Sales,1_to_3y,social_norm,2,0,0,no_action,,
3328,C3,2026-06-09,Shared document request,E0928,HR,1_to_3y,social_norm,0,1,0,clicked_only,4.8,
3329,C3,2026-06-09,Shared document request,E0929,Finance,1_to_3y,easy_report_prompt,0,0,0,no_action,,
3330,C3,2026-06-09,Shared document request,E0930,Sales,1_to_3y,social_norm,0,0,0,no_action,,
3331,C3,2026-06-09,Shared document request,E0931,Sales,under_1y,none,0,1,0,clicked_only,8.1,
3332,C3,2026-06-09,Shared document request,E0932,HR,over_3y,loss_framing,0,1,0,clicked_only,2.2,
3333,C3,2026-06-09,Shared document request,E0933,Engineering,over_3y,warning_banner,0,0,0,no_action,,
3334,C3,2026-06-09,Shared document request,E0934,Operations,over_3y,loss_framing,1,0,0,no_action,,
3335,C3,2026-06-09,Shared document request,E0935,Finance,over_3y,social_norm,1,0,1,reported_only,,41.7
3336,C3,2026-06-09,Shared document request,E0936,Marketing,1_to_3y,warning_banner,0,1,0,clicked_only,21.8,
3337,C3,2026-06-09,Shared document request,E0937,Sales,over_3y,just_in_time_tip,0,0,0,no_action,,
3338,C3,2026-06-09,Shared document request,E0938,Finance,1_to_3y,loss_framing,0,0,0,no_action,,
3339,C3,2026-06-09,Shared document request,E0939,Finance,over_3y,loss_framing,0,0,0,no_action,,
3340,C3,2026-06-09,Shared document request,E0940,Operations,1_to_3y,warning_banner,0,0,0,no_action,,
3341,C3,2026-06-09,Shared document request,E0941,Finance,1_to_3y,social_norm,1,0,0,no_action,,
3342,C3,2026-06-09,Shared document request,E0942,Sales,over_3y,easy_report_prompt,1,1,1,clicked_and_reported,2.9,10.6
3343,C3,2026-06-09,Shared document request,E0943,Operations,1_to_3y,social_norm,0,1,0,clicked_only,19.5,
3344,C3,2026-06-09,Shared document request,E0944,Sales,1_to_3y,social_norm,0,1,0,clicked_only,42.0,
3345,C3,2026-06-09,Shared document request,E0945,Engineering,1_to_3y,none,0,1,0,clicked_only,5.0,
3346,C3,2026-06-09,Shared document request,E0946,Customer Support,under_1y,easy_report_prompt,1,0,0,no_action,,
3347,C3,2026-06-09,Shared document request,E0947,HR,1_to_3y,warning_banner,0,1,0,clicked_only,9.3,
3348,C3,2026-06-09,Shared document request,E0948,Operations,1_to_3y,easy_report_prompt,0,0,0,no_action,,
3349,C3,2026-06-09,Shared document request,E0949,IT & Security,1_to_3y,just_in_time_tip,1,0,0,no_action,,
3350,C3,2026-06-09,Shared document request,E0950,Finance,1_to_3y,just_in_time_tip,0,0,0,no_action,,
3351,C3,2026-06-09,Shared document request,E0951,Engineering,under_1y,warning_banner,2,0,0,no_action,,
3352,C3,2026-06-09,Shared document request,E0952,Customer Support,1_to_3y,social_norm,0,0,0,no_action,,
3353,C3,2026-06-09,Shared document request,E0953,Operations,over_3y,none,1,1,0,clicked_only,7.7,
3354,C3,2026-06-09,Shared document request,E0954,IT & Security,1_to_3y,loss_framing,0,0,0,no_action,,
3355,C3,2026-06-09,Shared document request,E0955,Finance,under_1y,loss_framing,0,0,0,no_action,,
3356,C3,2026-06-09,Shared document request,E0956,Operations,under_1y,warning_banner,0,0,0,no_action,,
3357,C3,2026-06-09,Shared document request,E0957,Engineering,1_to_3y,none,0,0,1,reported_only,,25.3
3358,C3,2026-06-09,Shared document request,E0958,Operations,1_to_3y,just_in_time_tip,1,0,0,no_action,,
3359,C3,2026-06-09,Shared document request,E0959,Finance,1_to_3y,warning_banner,1,0,0,no_action,,
3360,C3,2026-06-09,Shared document request,E0960,Operations,1_to_3y,loss_framing,0,0,0,no_action,,
3361,C3,2026-06-09,Shared document request,E0961,HR,1_to_3y,social_norm,1,0,0,no_action,,
3362,C3,2026-06-09,Shared document request,E0962,Sales,1_to_3y,easy_report_prompt,0,1,0,clicked_only,58.9,
3363,C3,2026-06-09,Shared document request,E0963,Finance,1_to_3y,warning_banner,0,0,0,no_action,,
3364,C3,2026-06-09,Shared document request,E0964,Engineering,over_3y,easy_report_prompt,0,0,1,reported_only,,28.3
3365,C3,2026-06-09,Shared document request,E0965,IT & Security,under_1y,just_in_time_tip,0,0,1,reported_only,,19.8
3366,C3,2026-06-09,Shared document request,E0966,Marketing,over_3y,loss_framing,0,0,0,no_action,,
3367,C3,2026-06-09,Shared document request,E0967,Operations,over_3y,easy_report_prompt,0,0,0,no_action,,
3368,C3,2026-06-09,Shared document request,E0968,Sales,1_to_3y,none,0,1,0,clicked_only,4.6,
3369,C3,2026-06-09,Shared document request,E0969,IT & Security,under_1y,just_in_time_tip,1,0,1,reported_only,,9.9
3370,C3,2026-06-09,Shared document request,E0970,Customer Support,over_3y,social_norm,0,0,0,no_action,,
3371,C3,2026-06-09,Shared document request,E0971,Sales,over_3y,easy_report_prompt,0,0,0,no_action,,
3372,C3,2026-06-09,Shared document request,E0972,Customer Support,over_3y,loss_framing,0,0,0,no_action,,
3373,C3,2026-06-09,Shared document request,E0973,IT & Security,under_1y,warning_banner,0,0,1,reported_only,,30.2
3374,C3,2026-06-09,Shared document request,E0974,Sales,1_to_3y,social_norm,1,0,0,no_action,,
3375,C3,2026-06-09,Shared document request,E0975,IT & Security,1_to_3y,loss_framing,0,0,1,reported_only,,5.9
3376,C3,2026-06-09,Shared document request,E0976,Customer Support,under_1y,warning_banner,0,0,0,no_action,,
3377,C3,2026-06-09,Shared document request,E0977,Operations,over_3y,easy_report_prompt,1,0,1,reported_only,,4.1
3378,C3,2026-06-09,Shared document request,E0978,Customer Support,1_to_3y,just_in_time_tip,0,0,0,no_action,,
3379,C3,2026-06-09,Shared document request,E0979,Sales,over_3y,none,1,1,0,clicked_only,4.7,
3380,C3,2026-06-09,Shared document request,E0980,Operations,1_to_3y,loss_framing,0,1,1,clicked_and_reported,7.1,8.3
3381,C3,2026-06-09,Shared document request,E0981,Customer Support,1_to_3y,social_norm,0,0,0,no_action,,
3382,C3,2026-06-09,Shared document request,E0982,Sales,1_to_3y,none,0,0,0,no_action,,
3383,C3,2026-06-09,Shared document request,E0983,IT & Security,1_to_3y,easy_report_prompt,0,0,0,no_action,,
3384,C3,2026-06-09,Shared document request,E0984,HR,1_to_3y,warning_banner,0,0,0,no_action,,
3385,C3,2026-06-09,Shared document request,E0985,Marketing,under_1y,none,0,1,0,clicked_only,12.2,
3386,C3,2026-06-09,Shared document request,E0986,HR,over_3y,loss_framing,1,0,1,reported_only,,5.2
3387,C3,2026-06-09,Shared document request,E0987,IT & Security,over_3y,social_norm,0,0,0,no_action,,
3388,C3,2026-06-09,Shared document request,E0988,Engineering,over_3y,just_in_time_tip,0,0,0,no_action,,
3389,C3,2026-06-09,Shared document request,E0989,Customer Support,1_to_3y,just_in_time_tip,1,1,0,clicked_only,35.9,
3390,C3,2026-06-09,Shared document request,E0990,HR,1_to_3y,social_norm,1,0,0,no_action,,
3391,C3,2026-06-09,Shared document request,E0991,Engineering,over_3y,just_in_time_tip,0,0,1,reported_only,,321.0
3392,C3,2026-06-09,Shared document request,E0992,Marketing,over_3y,social_norm,0,0,0,no_action,,
3393,C3,2026-06-09,Shared document request,E0993,Sales,over_3y,easy_report_prompt,1,0,0,no_action,,
3394,C3,2026-06-09,Shared document request,E0994,Sales,under_1y,warning_banner,0,0,0,no_action,,
3395,C3,2026-06-09,Shared document request,E0995,Sales,over_3y,none,0,1,0,clicked_only,5.4,
3396,C3,2026-06-09,Shared document request,E0996,Executive Office,1_to_3y,easy_report_prompt,1,1,0,clicked_only,0.9,
3397,C3,2026-06-09,Shared document request,E0997,Marketing,under_1y,just_in_time_tip,0,0,0,no_action,,
3398,C3,2026-06-09,Shared document request,E0998,Sales,1_to_3y,just_in_time_tip,0,0,0,no_action,,
3399,C3,2026-06-09,Shared document request,E0999,Engineering,over_3y,just_in_time_tip,0,0,0,no_action,,
3400,C3,2026-06-09,Shared document request,E1000,Operations,1_to_3y,just_in_time_tip,0,0,0,no_action,,
3401,C3,2026-06-09,Shared document request,E1001,Sales,over_3y,none,1,1,0,clicked_only,0.9,
3402,C3,2026-06-09,Shared document request,E1002,Customer Support,1_to_3y,social_norm,1,0,1,reported_only,,42.0
3403,C3,2026-06-09,Shared document request,E1003,Sales,under_1y,warning_banner,1,1,0,clicked_only,6.4,
3404,C3,2026-06-09,Shared document request,E1004,Operations,over_3y,none,1,0,0,no_action,,
3405,C3,2026-06-09,Shared document request,E1005,IT & Security,1_to_3y,just_in_time_tip,0,0,1,reported_only,,4.1
3406,C3,2026-06-09,Shared document request,E1006,Operations,under_1y,none,0,1,0,clicked_only,2.0,
3407,C3,2026-06-09,Shared document request,E1007,Sales,over_3y,warning_banner,1,1,0,clicked_only,15.8,
3408,C3,2026-06-09,Shared document request,E1008,HR,over_3y,warning_banner,0,1,0,clicked_only,34.7,
3409,C3,2026-06-09,Shared document request,E1009,Engineering,1_to_3y,loss_framing,0,0,0,no_action,,
3410,C3,2026-06-09,Shared document request,E1010,Legal & Compliance,under_1y,warning_banner,0,0,0,no_action,,
3411,C3,2026-06-09,Shared document request,E1011,Customer Support,over_3y,easy_report_prompt,0,0,0,no_action,,
3412,C3,2026-06-09,Shared document request,E1012,Sales,over_3y,just_in_time_tip,0,1,0,clicked_only,15.2,
3413,C3,2026-06-09,Shared document request,E1013,Executive Office,under_1y,none,0,0,0,no_action,,
3414,C3,2026-06-09,Shared document request,E1014,Sales,over_3y,social_norm,1,0,0,no_action,,
3415,C3,2026-06-09,Shared document request,E1015,Operations,1_to_3y,none,0,0,0,no_action,,
3416,C3,2026-06-09,Shared document request,E1016,Sales,over_3y,social_norm,1,0,1,reported_only,,43.3
3417,C3,2026-06-09,Shared document request,E1017,IT & Security,over_3y,warning_banner,0,0,0,no_action,,
3418,C3,2026-06-09,Shared document request,E1018,Engineering,under_1y,loss_framing,0,0,0,no_action,,
3419,C3,2026-06-09,Shared document request,E1019,HR,1_to_3y,social_norm,0,0,1,reported_only,,34.9
3420,C3,2026-06-09,Shared document request,E1020,HR,over_3y,social_norm,0,1,0,clicked_only,31.1,
3421,C3,2026-06-09,Shared document request,E1021,Engineering,over_3y,none,0,0,1,reported_only,,108.0
3422,C3,2026-06-09,Shared document request,E1022,Finance,over_3y,loss_framing,0,0,0,no_action,,
3423,C3,2026-06-09,Shared document request,E1023,HR,over_3y,just_in_time_tip,0,0,0,no_action,,
3424,C3,2026-06-09,Shared document request,E1024,Engineering,over_3y,easy_report_prompt,0,0,0,no_action,,
3425,C3,2026-06-09,Shared document request,E1025,Legal & Compliance,under_1y,loss_framing,0,0,1,reported_only,,5.4
3426,C3,2026-06-09,Shared document request,E1026,Finance,over_3y,just_in_time_tip,0,1,0,clicked_only,27.5,
3427,C3,2026-06-09,Shared document request,E1027,Operations,over_3y,easy_report_prompt,0,0,0,no_action,,
3428,C3,2026-06-09,Shared document request,E1028,Finance,1_to_3y,warning_banner,0,1,0,clicked_only,15.0,
3429,C3,2026-06-09,Shared document request,E1029,Sales,1_to_3y,just_in_time_tip,0,0,0,no_action,,
3430,C3,2026-06-09,Shared document request,E1030,IT & Security,1_to_3y,just_in_time_tip,0,0,0,no_action,,
3431,C3,2026-06-09,Shared document request,E1031,Customer Support,under_1y,loss_framing,0,1,0,clicked_only,2.0,
3432,C3,2026-06-09,Shared document request,E1032,Sales,1_to_3y,warning_banner,1,0,1,reported_only,,7.2
3433,C3,2026-06-09,Shared document request,E1033,Finance,under_1y,easy_report_prompt,0,1,0,clicked_only,4.5,
3434,C3,2026-06-09,Shared document request,E1034,Operations,over_3y,loss_framing,0,1,0,clicked_only,7.8,
3435,C3,2026-06-09,Shared document request,E1035,Operations,over_3y,social_norm,0,0,1,reported_only,,102.5
3436,C3,2026-06-09,Shared document request,E1036,IT & Security,under_1y,social_norm,0,0,1,reported_only,,22.1
3437,C3,2026-06-09,Shared document request,E1037,Engineering,over_3y,just_in_time_tip,1,1,0,clicked_only,2.4,
3438,C3,2026-06-09,Shared document request,E1038,Sales,1_to_3y,warning_banner,0,0,0,no_action,,
3439,C3,2026-06-09,Shared document request,E1039,Customer Support,under_1y,just_in_time_tip,1,0,0,no_action,,
3440,C3,2026-06-09,Shared document request,E1040,Operations,1_to_3y,social_norm,0,0,0,no_action,,
3441,C3,2026-06-09,Shared document request,E1041,Operations,1_to_3y,warning_banner,0,0,0,no_action,,
3442,C3,2026-06-09,Shared document request,E1042,IT & Security,over_3y,warning_banner,0,0,1,reported_only,,3.4
3443,C3,2026-06-09,Shared document request,E1043,HR,1_to_3y,just_in_time_tip,1,0,0,no_action,,
3444,C3,2026-06-09,Shared document request,E1044,Marketing,under_1y,social_norm,0,0,0,no_action,,
3445,C3,2026-06-09,Shared document request,E1045,IT & Security,under_1y,warning_banner,0,0,0,no_action,,
3446,C3,2026-06-09,Shared document request,E1046,Customer Support,over_3y,social_norm,0,1,1,clicked_and_reported,1.1,9.2
3447,C3,2026-06-09,Shared document request,E1047,Engineering,1_to_3y,social_norm,1,0,0,no_action,,
3448,C3,2026-06-09,Shared document request,E1048,Customer Support,over_3y,just_in_time_tip,2,0,0,no_action,,
3449,C3,2026-06-09,Shared document request,E1049,Finance,under_1y,social_norm,0,1,0,clicked_only,18.2,
3450,C3,2026-06-09,Shared document request,E1050,Customer Support,1_to_3y,social_norm,0,1,0,clicked_only,3.7,
3451,C3,2026-06-09,Shared document request,E1051,HR,1_to_3y,none,0,0,0,no_action,,
3452,C3,2026-06-09,Shared document request,E1052,Operations,under_1y,warning_banner,0,0,0,no_action,,
3453,C3,2026-06-09,Shared document request,E1053,Legal & Compliance,1_to_3y,just_in_time_tip,0,0,1,reported_only,,1.0
3454,C3,2026-06-09,Shared document request,E1054,Engineering,1_to_3y,warning_banner,0,0,0,no_action,,
3455,C3,2026-06-09,Shared document request,E1055,Engineering,1_to_3y,loss_framing,0,0,0,no_action,,
3456,C3,2026-06-09,Shared document request,E1056,IT & Security,1_to_3y,social_norm,0,0,0,no_action,,
3457,C3,2026-06-09,Shared document request,E1057,Engineering,1_to_3y,none,1,0,0,no_action,,
3458,C3,2026-06-09,Shared document request,E1058,Sales,1_to_3y,easy_report_prompt,0,1,0,clicked_only,65.5,
3459,C3,2026-06-09,Shared document request,E1059,Customer Support,1_to_3y,just_in_time_tip,0,0,0,no_action,,
3460,C3,2026-06-09,Shared document request,E1060,Marketing,over_3y,social_norm,0,0,1,reported_only,,3.5
3461,C3,2026-06-09,Shared document request,E1061,Sales,over_3y,loss_framing,0,0,0,no_action,,
3462,C3,2026-06-09,Shared document request,E1062,Engineering,1_to_3y,none,1,0,0,no_action,,
3463,C3,2026-06-09,Shared document request,E1063,Sales,under_1y,loss_framing,1,0,0,no_action,,
3464,C3,2026-06-09,Shared document request,E1064,Engineering,1_to_3y,easy_report_prompt,0,1,0,clicked_only,3.3,
3465,C3,2026-06-09,Shared document request,E1065,Finance,over_3y,warning_banner,0,0,1,reported_only,,39.8
3466,C3,2026-06-09,Shared document request,E1066,Sales,1_to_3y,easy_report_prompt,0,0,0,no_action,,
3467,C3,2026-06-09,Shared document request,E1067,HR,over_3y,social_norm,0,0,1,reported_only,,28.1
3468,C3,2026-06-09,Shared document request,E1068,Operations,under_1y,just_in_time_tip,0,0,0,no_action,,
3469,C3,2026-06-09,Shared document request,E1069,HR,under_1y,loss_framing,0,0,0,no_action,,
3470,C3,2026-06-09,Shared document request,E1070,Marketing,over_3y,warning_banner,0,0,0,no_action,,
3471,C3,2026-06-09,Shared document request,E1071,Customer Support,over_3y,none,1,0,0,no_action,,
3472,C3,2026-06-09,Shared document request,E1072,Customer Support,under_1y,just_in_time_tip,0,1,0,clicked_only,2.8,
3473,C3,2026-06-09,Shared document request,E1073,Operations,over_3y,social_norm,0,0,0,no_action,,
3474,C3,2026-06-09,Shared document request,E1074,Executive Office,over_3y,social_norm,0,0,0,no_action,,
3475,C3,2026-06-09,Shared document request,E1075,Legal & Compliance,1_to_3y,warning_banner,0,0,1,reported_only,,13.1
3476,C3,2026-06-09,Shared document request,E1076,Sales,1_to_3y,social_norm,0,0,0,no_action,,
3477,C3,2026-06-09,Shared document request,E1077,Engineering,1_to_3y,social_norm,0,0,0,no_action,,
3478,C3,2026-06-09,Shared document request,E1078,IT & Security,1_to_3y,easy_report_prompt,0,0,1,reported_only,,4.4
3479,C3,2026-06-09,Shared document request,E1079,Marketing,over_3y,just_in_time_tip,0,1,0,clicked_only,15.7,
3480,C3,2026-06-09,Shared document request,E1080,IT & Security,under_1y,just_in_time_tip,0,0,1,reported_only,,6.4
3481,C3,2026-06-09,Shared document request,E1081,Engineering,over_3y,none,0,0,1,reported_only,,2.4
3482,C3,2026-06-09,Shared document request,E1082,Executive Office,over_3y,loss_framing,0,0,0,no_action,,
3483,C3,2026-06-09,Shared document request,E1083,Operations,over_3y,just_in_time_tip,1,0,0,no_action,,
3484,C3,2026-06-09,Shared document request,E1084,Engineering,under_1y,warning_banner,0,0,1,reported_only,,3.5
3485,C3,2026-06-09,Shared document request,E1085,Engineering,1_to_3y,easy_report_prompt,0,1,0,clicked_only,53.7,
3486,C3,2026-06-09,Shared document request,E1086,Engineering,under_1y,social_norm,1,0,0,no_action,,
3487,C3,2026-06-09,Shared document request,E1087,Operations,1_to_3y,loss_framing,1,0,0,no_action,,
3488,C3,2026-06-09,Shared document request,E1088,Sales,1_to_3y,just_in_time_tip,1,0,0,no_action,,
3489,C3,2026-06-09,Shared document request,E1089,Operations,1_to_3y,warning_banner,0,0,0,no_action,,
3490,C3,2026-06-09,Shared document request,E1090,Finance,under_1y,none,0,0,0,no_action,,
3491,C3,2026-06-09,Shared document request,E1091,HR,over_3y,social_norm,0,1,0,clicked_only,2.6,
3492,C3,2026-06-09,Shared document request,E1092,Sales,over_3y,loss_framing,1,0,0,no_action,,
3493,C3,2026-06-09,Shared document request,E1093,Operations,1_to_3y,just_in_time_tip,1,1,0,clicked_only,4.1,
3494,C3,2026-06-09,Shared document request,E1094,Sales,under_1y,none,0,1,0,clicked_only,38.6,
3495,C3,2026-06-09,Shared document request,E1095,Marketing,over_3y,social_norm,1,0,1,reported_only,,74.2
3496,C3,2026-06-09,Shared document request,E1096,Finance,over_3y,warning_banner,0,0,0,no_action,,
3497,C3,2026-06-09,Shared document request,E1097,Operations,over_3y,warning_banner,0,0,0,no_action,,
3498,C3,2026-06-09,Shared document request,E1098,Marketing,over_3y,loss_framing,0,1,0,clicked_only,1.0,
3499,C3,2026-06-09,Shared document request,E1099,Sales,over_3y,loss_framing,1,0,0,no_action,,
3500,C3,2026-06-09,Shared document request,E1100,Operations,over_3y,social_norm,0,0,0,no_action,,
3501,C3,2026-06-09,Shared document request,E1101,Customer Support,under_1y,loss_framing,0,0,0,no_action,,
3502,C3,2026-06-09,Shared document request,E1102,Operations,over_3y,easy_report_prompt,0,0,0,no_action,,
3503,C3,2026-06-09,Shared document request,E1103,HR,under_1y,easy_report_prompt,0,1,0,clicked_only,10.0,
3504,C3,2026-06-09,Shared document request,E1104,Sales,1_to_3y,easy_report_prompt,1,0,0,no_action,,
3505,C3,2026-06-09,Shared document request,E1105,Sales,over_3y,none,0,0,0,no_action,,
3506,C3,2026-06-09,Shared document request,E1106,Engineering,over_3y,loss_framing,2,0,0,no_action,,
3507,C3,2026-06-09,Shared document request,E1107,Operations,1_to_3y,just_in_time_tip,0,1,0,clicked_only,7.8,
3508,C3,2026-06-09,Shared document request,E1108,Engineering,over_3y,none,0,0,1,reported_only,,31.3
3509,C3,2026-06-09,Shared document request,E1109,Sales,under_1y,none,0,0,0,no_action,,
3510,C3,2026-06-09,Shared document request,E1110,IT & Security,1_to_3y,loss_framing,0,0,1,reported_only,,1.3
3511,C3,2026-06-09,Shared document request,E1111,Finance,under_1y,none,0,0,0,no_action,,
3512,C3,2026-06-09,Shared document request,E1112,Customer Support,over_3y,easy_report_prompt,1,0,0,no_action,,
3513,C3,2026-06-09,Shared document request,E1113,Sales,under_1y,social_norm,0,0,0,no_action,,
3514,C3,2026-06-09,Shared document request,E1114,Engineering,1_to_3y,social_norm,1,0,0,no_action,,
3515,C3,2026-06-09,Shared document request,E1115,Legal & Compliance,1_to_3y,warning_banner,1,0,0,no_action,,
3516,C3,2026-06-09,Shared document request,E1116,Operations,1_to_3y,just_in_time_tip,0,0,0,no_action,,
3517,C3,2026-06-09,Shared document request,E1117,Operations,over_3y,just_in_time_tip,1,0,1,reported_only,,59.9
3518,C3,2026-06-09,Shared document request,E1118,Operations,over_3y,loss_framing,1,0,0,no_action,,
3519,C3,2026-06-09,Shared document request,E1119,Engineering,1_to_3y,loss_framing,0,0,0,no_action,,
3520,C3,2026-06-09,Shared document request,E1120,IT & Security,under_1y,none,1,0,0,no_action,,
3521,C3,2026-06-09,Shared document request,E1121,Legal & Compliance,over_3y,social_norm,0,0,1,reported_only,,60.3
3522,C3,2026-06-09,Shared document request,E1122,Engineering,over_3y,social_norm,0,0,0,no_action,,
3523,C3,2026-06-09,Shared document request,E1123,Sales,over_3y,warning_banner,0,0,0,no_action,,
3524,C3,2026-06-09,Shared document request,E1124,Engineering,under_1y,loss_framing,0,0,0,no_action,,
3525,C3,2026-06-09,Shared document request,E1125,Finance,over_3y,just_in_time_tip,1,0,0,no_action,,
3526,C3,2026-06-09,Shared document request,E1126,Legal & Compliance,over_3y,none,0,0,0,no_action,,
3527,C3,2026-06-09,Shared document request,E1127,Customer Support,over_3y,easy_report_prompt,1,0,1,reported_only,,4.4
3528,C3,2026-06-09,Shared document request,E1128,Executive Office,1_to_3y,loss_framing,0,0,1,reported_only,,10.4
3529,C3,2026-06-09,Shared document request,E1129,Sales,over_3y,just_in_time_tip,0,0,0,no_action,,
3530,C3,2026-06-09,Shared document request,E1130,Customer Support,1_to_3y,easy_report_prompt,0,0,1,reported_only,,10.5
3531,C3,2026-06-09,Shared document request,E1131,Marketing,over_3y,easy_report_prompt,0,0,1,reported_only,,20.6
3532,C3,2026-06-09,Shared document request,E1132,Executive Office,1_to_3y,just_in_time_tip,1,0,0,no_action,,
3533,C3,2026-06-09,Shared document request,E1133,Operations,over_3y,easy_report_prompt,1,0,0,no_action,,
3534,C3,2026-06-09,Shared document request,E1134,Sales,under_1y,just_in_time_tip,1,0,0,no_action,,
3535,C3,2026-06-09,Shared document request,E1135,Operations,1_to_3y,social_norm,0,0,1,reported_only,,21.0
3536,C3,2026-06-09,Shared document request,E1136,Engineering,1_to_3y,just_in_time_tip,1,0,0,no_action,,
3537,C3,2026-06-09,Shared document request,E1137,Engineering,under_1y,easy_report_prompt,0,1,0,clicked_only,0.4,
3538,C3,2026-06-09,Shared document request,E1138,Sales,1_to_3y,none,1,1,0,clicked_only,2.1,
3539,C3,2026-06-09,Shared document request,E1139,Sales,over_3y,social_norm,0,0,0,no_action,,
3540,C3,2026-06-09,Shared document request,E1140,Marketing,over_3y,loss_framing,0,0,0,no_action,,
3541,C3,2026-06-09,Shared document request,E1141,Sales,over_3y,easy_report_prompt,0,0,0,no_action,,
3542,C3,2026-06-09,Shared document request,E1142,Engineering,over_3y,none,1,0,0,no_action,,
3543,C3,2026-06-09,Shared document request,E1143,HR,1_to_3y,loss_framing,0,0,0,no_action,,
3544,C3,2026-06-09,Shared document request,E1144,Engineering,over_3y,just_in_time_tip,1,0,0,no_action,,
3545,C3,2026-06-09,Shared document request,E1145,Operations,under_1y,easy_report_prompt,0,0,0,no_action,,
3546,C3,2026-06-09,Shared document request,E1146,Sales,over_3y,just_in_time_tip,1,0,0,no_action,,
3547,C3,2026-06-09,Shared document request,E1147,Finance,under_1y,warning_banner,0,1,0,clicked_only,8.8,
3548,C3,2026-06-09,Shared document request,E1148,IT & Security,under_1y,loss_framing,0,0,0,no_action,,
3549,C3,2026-06-09,Shared document request,E1149,Engineering,over_3y,none,0,0,0,no_action,,
3550,C3,2026-06-09,Shared document request,E1150,Marketing,over_3y,easy_report_prompt,0,1,0,clicked_only,1.4,
3551,C3,2026-06-09,Shared document request,E1151,Marketing,1_to_3y,loss_framing,0,1,0,clicked_only,23.3,
3552,C3,2026-06-09,Shared document request,E1152,IT & Security,over_3y,easy_report_prompt,0,0,1,reported_only,,7.6
3553,C3,2026-06-09,Shared document request,E1153,Marketing,1_to_3y,warning_banner,1,0,0,no_action,,
3554,C3,2026-06-09,Shared document request,E1154,Sales,1_to_3y,none,0,0,0,no_action,,
3555,C3,2026-06-09,Shared document request,E1155,IT & Security,over_3y,warning_banner,0,0,0,no_action,,
3556,C3,2026-06-09,Shared document request,E1156,Customer Support,under_1y,social_norm,0,0,0,no_action,,
3557,C3,2026-06-09,Shared document request,E1157,Marketing,1_to_3y,warning_banner,1,0,0,no_action,,
3558,C3,2026-06-09,Shared document request,E1158,HR,1_to_3y,easy_report_prompt,2,1,0,clicked_only,8.3,
3559,C3,2026-06-09,Shared document request,E1159,Finance,over_3y,none,0,0,0,no_action,,
3560,C3,2026-06-09,Shared document request,E1160,Finance,under_1y,none,0,0,0,no_action,,
3561,C3,2026-06-09,Shared document request,E1161,Sales,over_3y,loss_framing,0,0,0,no_action,,
3562,C3,2026-06-09,Shared document request,E1162,Engineering,over_3y,none,1,1,1,clicked_and_reported,3.1,12.4
3563,C3,2026-06-09,Shared document request,E1163,Sales,1_to_3y,easy_report_prompt,0,0,1,reported_only,,14.6
3564,C3,2026-06-09,Shared document request,E1164,HR,1_to_3y,easy_report_prompt,0,0,0,no_action,,
3565,C3,2026-06-09,Shared document request,E1165,Finance,under_1y,loss_framing,0,0,0,no_action,,
3566,C3,2026-06-09,Shared document request,E1166,Marketing,1_to_3y,loss_framing,1,0,0,no_action,,
3567,C3,2026-06-09,Shared document request,E1167,Sales,1_to_3y,social_norm,1,1,0,clicked_only,1.7,
3568,C3,2026-06-09,Shared document request,E1168,Operations,over_3y,none,0,0,1,reported_only,,3.1
3569,C3,2026-06-09,Shared document request,E1169,Legal & Compliance,1_to_3y,social_norm,0,0,0,no_action,,
3570,C3,2026-06-09,Shared document request,E1170,Engineering,over_3y,social_norm,1,0,0,no_action,,
3571,C3,2026-06-09,Shared document request,E1171,Sales,over_3y,social_norm,0,1,0,clicked_only,17.8,
3572,C3,2026-06-09,Shared document request,E1172,Operations,under_1y,loss_framing,0,1,0,clicked_only,0.9,
3573,C3,2026-06-09,Shared document request,E1173,Finance,1_to_3y,social_norm,0,1,0,clicked_only,2.0,
3574,C3,2026-06-09,Shared document request,E1174,Engineering,over_3y,warning_banner,0,0,1,reported_only,,28.4
3575,C3,2026-06-09,Shared document request,E1175,Executive Office,1_to_3y,just_in_time_tip,0,1,0,clicked_only,4.2,
3576,C3,2026-06-09,Shared document request,E1176,Operations,1_to_3y,loss_framing,0,0,0,no_action,,
3577,C3,2026-06-09,Shared document request,E1177,Operations,under_1y,warning_banner,0,0,0,no_action,,
3578,C3,2026-06-09,Shared document request,E1178,Legal & Compliance,over_3y,just_in_time_tip,1,0,0,no_action,,
3579,C3,2026-06-09,Shared document request,E1179,Operations,under_1y,warning_banner,0,0,0,no_action,,
3580,C3,2026-06-09,Shared document request,E1180,IT & Security,1_to_3y,none,0,0,0,no_action,,
3581,C3,2026-06-09,Shared document request,E1181,Sales,over_3y,social_norm,0,1,0,clicked_only,7.8,
3582,C3,2026-06-09,Shared document request,E1182,Operations,over_3y,just_in_time_tip,0,0,0,no_action,,
3583,C3,2026-06-09,Shared document request,E1183,Engineering,under_1y,just_in_time_tip,0,0,0,no_action,,
3584,C3,2026-06-09,Shared document request,E1184,Engineering,over_3y,none,0,1,0,clicked_only,11.7,
3585,C3,2026-06-09,Shared document request,E1185,IT & Security,over_3y,easy_report_prompt,0,0,1,reported_only,,1.8
3586,C3,2026-06-09,Shared document request,E1186,Engineering,over_3y,social_norm,2,0,0,no_action,,
3587,C3,2026-06-09,Shared document request,E1187,Finance,1_to_3y,just_in_time_tip,1,1,0,clicked_only,2.6,
3588,C3,2026-06-09,Shared document request,E1188,IT & Security,over_3y,none,0,0,0,no_action,,
3589,C3,2026-06-09,Shared document request,E1189,Customer Support,over_3y,none,0,0,0,no_action,,
3590,C3,2026-06-09,Shared document request,E1190,Sales,1_to_3y,social_norm,0,0,0,no_action,,
3591,C3,2026-06-09,Shared document request,E1191,Operations,1_to_3y,easy_report_prompt,2,0,0,no_action,,
3592,C3,2026-06-09,Shared document request,E1192,Finance,under_1y,just_in_time_tip,0,1,0,clicked_only,44.8,
3593,C3,2026-06-09,Shared document request,E1193,Engineering,under_1y,just_in_time_tip,0,0,0,no_action,,
3594,C3,2026-06-09,Shared document request,E1194,Operations,under_1y,social_norm,0,0,1,reported_only,,53.1
3595,C3,2026-06-09,Shared document request,E1195,Operations,under_1y,just_in_time_tip,1,0,0,no_action,,
3596,C3,2026-06-09,Shared document request,E1196,Legal & Compliance,over_3y,social_norm,0,0,1,reported_only,,14.8
3597,C3,2026-06-09,Shared document request,E1197,Engineering,over_3y,warning_banner,0,1,0,clicked_only,23.8,
3598,C3,2026-06-09,Shared document request,E1198,Engineering,1_to_3y,social_norm,0,0,0,no_action,,
3599,C3,2026-06-09,Shared document request,E1199,Customer Support,1_to_3y,loss_framing,0,1,0,clicked_only,17.6,
3600,C3,2026-06-09,Shared document request,E1200,Engineering,over_3y,easy_report_prompt,1,0,0,no_action,,
3601,C4,2026-07-14,HR policy update,E0001,Engineering,1_to_3y,easy_report_prompt,0,0,0,no_action,,
3602,C4,2026-07-14,HR policy update,E0002,Sales,1_to_3y,loss_framing,0,0,0,no_action,,
3603,C4,2026-07-14,HR policy update,E0003,Executive Office,over_3y,warning_banner,0,0,0,no_action,,
3604,C4,2026-07-14,HR policy update,E0004,Operations,over_3y,social_norm,0,1,0,clicked_only,0.6,
3605,C4,2026-07-14,HR policy update,E0005,Sales,over_3y,social_norm,0,0,0,no_action,,
3606,C4,2026-07-14,HR policy update,E0006,Customer Support,under_1y,just_in_time_tip,0,1,0,clicked_only,3.8,
3607,C4,2026-07-14,HR policy update,E0007,Customer Support,1_to_3y,none,0,0,0,no_action,,
3608,C4,2026-07-14,HR policy update,E0008,Sales,1_to_3y,warning_banner,0,0,1,reported_only,,74.8
3609,C4,2026-07-14,HR policy update,E0009,Engineering,1_to_3y,easy_report_prompt,1,0,0,no_action,,
3610,C4,2026-07-14,HR policy update,E0010,Operations,over_3y,loss_framing,0,0,0,no_action,,
3611,C4,2026-07-14,HR policy update,E0011,Customer Support,1_to_3y,warning_banner,0,0,0,no_action,,
3612,C4,2026-07-14,HR policy update,E0012,Legal & Compliance,1_to_3y,social_norm,1,0,1,reported_only,,10.2
3613,C4,2026-07-14,HR policy update,E0013,Finance,over_3y,warning_banner,1,0,1,reported_only,,49.1
3614,C4,2026-07-14,HR policy update,E0014,Engineering,1_to_3y,social_norm,0,0,1,reported_only,,16.9
3615,C4,2026-07-14,HR policy update,E0015,Marketing,over_3y,just_in_time_tip,0,0,0,no_action,,
3616,C4,2026-07-14,HR policy update,E0016,Customer Support,over_3y,easy_report_prompt,1,0,0,no_action,,
3617,C4,2026-07-14,HR policy update,E0017,Operations,over_3y,none,0,0,0,no_action,,
3618,C4,2026-07-14,HR policy update,E0018,Customer Support,over_3y,easy_report_prompt,1,0,0,no_action,,
3619,C4,2026-07-14,HR policy update,E0019,HR,over_3y,easy_report_prompt,0,1,0,clicked_only,2.3,
3620,C4,2026-07-14,HR policy update,E0020,Operations,over_3y,none,1,0,0,no_action,,
3621,C4,2026-07-14,HR policy update,E0021,Sales,over_3y,loss_framing,0,0,0,no_action,,
3622,C4,2026-07-14,HR policy update,E0022,Sales,over_3y,just_in_time_tip,0,0,0,no_action,,
3623,C4,2026-07-14,HR policy update,E0023,Sales,over_3y,social_norm,1,0,0,no_action,,
3624,C4,2026-07-14,HR policy update,E0024,Customer Support,1_to_3y,social_norm,0,0,1,reported_only,,94.4
3625,C4,2026-07-14,HR policy update,E0025,Sales,1_to_3y,social_norm,1,0,0,no_action,,
3626,C4,2026-07-14,HR policy update,E0026,Sales,under_1y,none,1,1,0,clicked_only,8.2,
3627,C4,2026-07-14,HR policy update,E0027,Engineering,over_3y,loss_framing,0,0,0,no_action,,
3628,C4,2026-07-14,HR policy update,E0028,Engineering,under_1y,just_in_time_tip,0,0,1,reported_only,,44.4
3629,C4,2026-07-14,HR policy update,E0029,Engineering,over_3y,social_norm,0,0,1,reported_only,,31.0
3630,C4,2026-07-14,HR policy update,E0030,Finance,1_to_3y,easy_report_prompt,0,0,0,no_action,,
3631,C4,2026-07-14,HR policy update,E0031,Sales,over_3y,social_norm,0,0,0,no_action,,
3632,C4,2026-07-14,HR policy update,E0032,Operations,under_1y,social_norm,0,0,1,reported_only,,26.2
3633,C4,2026-07-14,HR policy update,E0033,Engineering,1_to_3y,just_in_time_tip,0,0,0,no_action,,
3634,C4,2026-07-14,HR policy update,E0034,Customer Support,over_3y,just_in_time_tip,1,0,0,no_action,,
3635,C4,2026-07-14,HR policy update,E0035,Engineering,1_to_3y,social_norm,0,1,0,clicked_only,36.7,
3636,C4,2026-07-14,HR policy update,E0036,Engineering,1_to_3y,none,2,1,0,clicked_only,5.9,
3637,C4,2026-07-14,HR policy update,E0037,Operations,under_1y,warning_banner,0,0,0,no_action,,
3638,C4,2026-07-14,HR policy update,E0038,Engineering,under_1y,loss_framing,0,0,1,reported_only,,22.4
3639,C4,2026-07-14,HR policy update,E0039,Finance,over_3y,loss_framing,0,1,0,clicked_only,56.2,
3640,C4,2026-07-14,HR policy update,E0040,Customer Support,1_to_3y,loss_framing,2,0,0,no_action,,
3641,C4,2026-07-14,HR policy update,E0041,Sales,over_3y,none,0,0,0,no_action,,
3642,C4,2026-07-14,HR policy update,E0042,Legal & Compliance,1_to_3y,none,0,0,0,no_action,,
3643,C4,2026-07-14,HR policy update,E0043,Operations,1_to_3y,just_in_time_tip,0,0,0,no_action,,
3644,C4,2026-07-14,HR policy update,E0044,Customer Support,over_3y,loss_framing,1,0,0,no_action,,
3645,C4,2026-07-14,HR policy update,E0045,Engineering,over_3y,social_norm,0,0,0,no_action,,
3646,C4,2026-07-14,HR policy update,E0046,Sales,1_to_3y,social_norm,0,0,0,no_action,,
3647,C4,2026-07-14,HR policy update,E0047,IT & Security,over_3y,just_in_time_tip,1,0,1,reported_only,,5.2
3648,C4,2026-07-14,HR policy update,E0048,Customer Support,under_1y,social_norm,0,0,0,no_action,,
3649,C4,2026-07-14,HR policy update,E0049,Engineering,1_to_3y,just_in_time_tip,0,0,0,no_action,,
3650,C4,2026-07-14,HR policy update,E0050,Executive Office,1_to_3y,easy_report_prompt,0,0,0,no_action,,
3651,C4,2026-07-14,HR policy update,E0051,Legal & Compliance,1_to_3y,none,0,0,0,no_action,,
3652,C4,2026-07-14,HR policy update,E0052,Engineering,1_to_3y,none,1,0,0,no_action,,
3653,C4,2026-07-14,HR policy update,E0053,Marketing,over_3y,loss_framing,0,0,0,no_action,,
3654,C4,2026-07-14,HR policy update,E0054,Legal & Compliance,1_to_3y,warning_banner,0,0,0,no_action,,
3655,C4,2026-07-14,HR policy update,E0055,IT & Security,over_3y,social_norm,0,0,1,reported_only,,6.8
3656,C4,2026-07-14,HR policy update,E0056,Engineering,under_1y,just_in_time_tip,2,0,0,no_action,,
3657,C4,2026-07-14,HR policy update,E0057,Customer Support,over_3y,none,1,1,0,clicked_only,1.0,
3658,C4,2026-07-14,HR policy update,E0058,Customer Support,1_to_3y,easy_report_prompt,1,0,0,no_action,,
3659,C4,2026-07-14,HR policy update,E0059,Engineering,over_3y,just_in_time_tip,0,0,0,no_action,,
3660,C4,2026-07-14,HR policy update,E0060,Operations,1_to_3y,easy_report_prompt,0,1,0,clicked_only,20.3,
3661,C4,2026-07-14,HR policy update,E0061,Operations,1_to_3y,social_norm,2,0,1,reported_only,,153.7
3662,C4,2026-07-14,HR policy update,E0062,Finance,over_3y,just_in_time_tip,0,0,0,no_action,,
3663,C4,2026-07-14,HR policy update,E0063,Customer Support,over_3y,warning_banner,2,0,0,no_action,,
3664,C4,2026-07-14,HR policy update,E0064,Executive Office,over_3y,easy_report_prompt,0,1,0,clicked_only,15.3,
3665,C4,2026-07-14,HR policy update,E0065,Sales,under_1y,none,0,0,0,no_action,,
3666,C4,2026-07-14,HR policy update,E0066,Customer Support,under_1y,loss_framing,2,0,0,no_action,,
3667,C4,2026-07-14,HR policy update,E0067,Operations,under_1y,warning_banner,0,0,0,no_action,,
3668,C4,2026-07-14,HR policy update,E0068,Operations,1_to_3y,loss_framing,0,0,1,reported_only,,10.0
3669,C4,2026-07-14,HR policy update,E0069,Finance,under_1y,easy_report_prompt,0,1,0,clicked_only,4.5,
3670,C4,2026-07-14,HR policy update,E0070,Sales,over_3y,social_norm,2,0,0,no_action,,
3671,C4,2026-07-14,HR policy update,E0071,Customer Support,1_to_3y,just_in_time_tip,1,0,0,no_action,,
3672,C4,2026-07-14,HR policy update,E0072,Operations,1_to_3y,none,1,1,0,clicked_only,9.8,
3673,C4,2026-07-14,HR policy update,E0073,Marketing,under_1y,none,1,1,0,clicked_only,30.5,
3674,C4,2026-07-14,HR policy update,E0074,Engineering,1_to_3y,warning_banner,0,0,1,reported_only,,2.8
3675,C4,2026-07-14,HR policy update,E0075,Operations,1_to_3y,social_norm,2,0,0,no_action,,
3676,C4,2026-07-14,HR policy update,E0076,Marketing,1_to_3y,warning_banner,0,0,0,no_action,,
3677,C4,2026-07-14,HR policy update,E0077,Customer Support,under_1y,just_in_time_tip,2,0,0,no_action,,
3678,C4,2026-07-14,HR policy update,E0078,HR,over_3y,loss_framing,0,1,0,clicked_only,8.8,
3679,C4,2026-07-14,HR policy update,E0079,Engineering,over_3y,easy_report_prompt,2,0,0,no_action,,
3680,C4,2026-07-14,HR policy update,E0080,Engineering,1_to_3y,social_norm,0,0,0,no_action,,
3681,C4,2026-07-14,HR policy update,E0081,Sales,1_to_3y,just_in_time_tip,1,0,0,no_action,,
3682,C4,2026-07-14,HR policy update,E0082,IT & Security,over_3y,loss_framing,0,0,1,reported_only,,12.1
3683,C4,2026-07-14,HR policy update,E0083,Customer Support,1_to_3y,just_in_time_tip,1,1,0,clicked_only,7.4,
3684,C4,2026-07-14,HR policy update,E0084,Operations,under_1y,warning_banner,0,0,0,no_action,,
3685,C4,2026-07-14,HR policy update,E0085,Finance,under_1y,loss_framing,0,1,0,clicked_only,3.6,
3686,C4,2026-07-14,HR policy update,E0086,Sales,over_3y,easy_report_prompt,0,0,0,no_action,,
3687,C4,2026-07-14,HR policy update,E0087,Operations,over_3y,just_in_time_tip,0,0,0,no_action,,
3688,C4,2026-07-14,HR policy update,E0088,HR,1_to_3y,easy_report_prompt,0,0,0,no_action,,
3689,C4,2026-07-14,HR policy update,E0089,IT & Security,under_1y,loss_framing,1,0,1,reported_only,,5.4
3690,C4,2026-07-14,HR policy update,E0090,Legal & Compliance,over_3y,just_in_time_tip,0,0,0,no_action,,
3691,C4,2026-07-14,HR policy update,E0091,Engineering,1_to_3y,social_norm,0,0,1,reported_only,,3.0
3692,C4,2026-07-14,HR policy update,E0092,Customer Support,1_to_3y,social_norm,1,1,1,clicked_and_reported,40.5,82.2
3693,C4,2026-07-14,HR policy update,E0093,HR,over_3y,social_norm,0,0,0,no_action,,
3694,C4,2026-07-14,HR policy update,E0094,Marketing,over_3y,none,0,0,0,no_action,,
3695,C4,2026-07-14,HR policy update,E0095,Engineering,under_1y,social_norm,2,0,0,no_action,,
3696,C4,2026-07-14,HR policy update,E0096,Customer Support,1_to_3y,none,0,0,1,reported_only,,33.0
3697,C4,2026-07-14,HR policy update,E0097,Legal & Compliance,1_to_3y,warning_banner,0,0,0,no_action,,
3698,C4,2026-07-14,HR policy update,E0098,Operations,over_3y,social_norm,0,1,0,clicked_only,13.5,
3699,C4,2026-07-14,HR policy update,E0099,Finance,1_to_3y,social_norm,0,0,0,no_action,,
3700,C4,2026-07-14,HR policy update,E0100,Engineering,1_to_3y,loss_framing,2,0,1,reported_only,,63.4
3701,C4,2026-07-14,HR policy update,E0101,Operations,over_3y,warning_banner,1,0,0,no_action,,
3702,C4,2026-07-14,HR policy update,E0102,Marketing,over_3y,loss_framing,0,0,0,no_action,,
3703,C4,2026-07-14,HR policy update,E0103,IT & Security,over_3y,none,0,0,1,reported_only,,5.8
3704,C4,2026-07-14,HR policy update,E0104,Finance,1_to_3y,none,2,0,0,no_action,,
3705,C4,2026-07-14,HR policy update,E0105,Engineering,under_1y,loss_framing,1,0,0,no_action,,
3706,C4,2026-07-14,HR policy update,E0106,Engineering,1_to_3y,loss_framing,1,0,0,no_action,,
3707,C4,2026-07-14,HR policy update,E0107,Engineering,over_3y,none,0,0,0,no_action,,
3708,C4,2026-07-14,HR policy update,E0108,HR,under_1y,easy_report_prompt,0,0,0,no_action,,
3709,C4,2026-07-14,HR policy update,E0109,Executive Office,over_3y,warning_banner,0,1,0,clicked_only,1.7,
3710,C4,2026-07-14,HR policy update,E0110,Legal & Compliance,over_3y,loss_framing,0,0,0,no_action,,
3711,C4,2026-07-14,HR policy update,E0111,Finance,over_3y,loss_framing,0,0,0,no_action,,
3712,C4,2026-07-14,HR policy update,E0112,Finance,1_to_3y,loss_framing,2,0,1,reported_only,,50.3
3713,C4,2026-07-14,HR policy update,E0113,IT & Security,over_3y,warning_banner,0,0,1,reported_only,,80.7
3714,C4,2026-07-14,HR policy update,E0114,Operations,over_3y,easy_report_prompt,0,0,1,reported_only,,35.8
3715,C4,2026-07-14,HR policy update,E0115,IT & Security,over_3y,none,1,0,0,no_action,,
3716,C4,2026-07-14,HR policy update,E0116,Engineering,under_1y,none,0,0,0,no_action,,
3717,C4,2026-07-14,HR policy update,E0117,Sales,over_3y,none,0,1,0,clicked_only,1.2,
3718,C4,2026-07-14,HR policy update,E0118,Customer Support,over_3y,warning_banner,0,0,0,no_action,,
3719,C4,2026-07-14,HR policy update,E0119,Marketing,1_to_3y,just_in_time_tip,1,0,0,no_action,,
3720,C4,2026-07-14,HR policy update,E0120,Sales,1_to_3y,just_in_time_tip,1,0,1,reported_only,,12.2
3721,C4,2026-07-14,HR policy update,E0121,Finance,1_to_3y,just_in_time_tip,0,1,0,clicked_only,18.5,
3722,C4,2026-07-14,HR policy update,E0122,Engineering,over_3y,warning_banner,0,0,1,reported_only,,13.0
3723,C4,2026-07-14,HR policy update,E0123,Sales,under_1y,warning_banner,0,0,0,no_action,,
3724,C4,2026-07-14,HR policy update,E0124,Operations,over_3y,social_norm,0,0,0,no_action,,
3725,C4,2026-07-14,HR policy update,E0125,Sales,1_to_3y,warning_banner,0,0,1,reported_only,,4.3
3726,C4,2026-07-14,HR policy update,E0126,IT & Security,over_3y,just_in_time_tip,0,0,0,no_action,,
3727,C4,2026-07-14,HR policy update,E0127,Sales,under_1y,easy_report_prompt,1,1,0,clicked_only,3.1,
3728,C4,2026-07-14,HR policy update,E0128,HR,over_3y,none,0,0,0,no_action,,
3729,C4,2026-07-14,HR policy update,E0129,Finance,under_1y,loss_framing,0,0,0,no_action,,
3730,C4,2026-07-14,HR policy update,E0130,Engineering,over_3y,easy_report_prompt,0,0,0,no_action,,
3731,C4,2026-07-14,HR policy update,E0131,Operations,under_1y,easy_report_prompt,1,0,0,no_action,,
3732,C4,2026-07-14,HR policy update,E0132,HR,over_3y,none,0,0,0,no_action,,
3733,C4,2026-07-14,HR policy update,E0133,Executive Office,1_to_3y,loss_framing,0,0,0,no_action,,
3734,C4,2026-07-14,HR policy update,E0134,Marketing,1_to_3y,none,0,1,0,clicked_only,5.3,
3735,C4,2026-07-14,HR policy update,E0135,IT & Security,over_3y,easy_report_prompt,1,0,1,reported_only,,4.1
3736,C4,2026-07-14,HR policy update,E0136,Operations,1_to_3y,social_norm,1,0,0,no_action,,
3737,C4,2026-07-14,HR policy update,E0137,HR,1_to_3y,warning_banner,0,0,0,no_action,,
3738,C4,2026-07-14,HR policy update,E0138,Engineering,over_3y,warning_banner,1,0,1,reported_only,,303.4
3739,C4,2026-07-14,HR policy update,E0139,Operations,under_1y,easy_report_prompt,0,0,1,reported_only,,22.0
3740,C4,2026-07-14,HR policy update,E0140,Sales,over_3y,loss_framing,1,0,0,no_action,,
3741,C4,2026-07-14,HR policy update,E0141,Engineering,over_3y,social_norm,0,0,0,no_action,,
3742,C4,2026-07-14,HR policy update,E0142,Engineering,1_to_3y,warning_banner,1,0,1,reported_only,,34.3
3743,C4,2026-07-14,HR policy update,E0143,Executive Office,over_3y,none,1,0,0,no_action,,
3744,C4,2026-07-14,HR policy update,E0144,HR,1_to_3y,none,1,0,0,no_action,,
3745,C4,2026-07-14,HR policy update,E0145,Operations,1_to_3y,none,0,0,0,no_action,,
3746,C4,2026-07-14,HR policy update,E0146,Marketing,1_to_3y,just_in_time_tip,2,0,0,no_action,,
3747,C4,2026-07-14,HR policy update,E0147,Sales,under_1y,social_norm,1,0,0,no_action,,
3748,C4,2026-07-14,HR policy update,E0148,Customer Support,over_3y,loss_framing,0,0,0,no_action,,
3749,C4,2026-07-14,HR policy update,E0149,Engineering,under_1y,just_in_time_tip,0,0,0,no_action,,
3750,C4,2026-07-14,HR policy update,E0150,Legal & Compliance,over_3y,easy_report_prompt,1,0,0,no_action,,
3751,C4,2026-07-14,HR policy update,E0151,Customer Support,over_3y,just_in_time_tip,0,0,0,no_action,,
3752,C4,2026-07-14,HR policy update,E0152,HR,1_to_3y,easy_report_prompt,0,0,0,no_action,,
3753,C4,2026-07-14,HR policy update,E0153,IT & Security,over_3y,just_in_time_tip,1,0,1,reported_only,,5.7
3754,C4,2026-07-14,HR policy update,E0154,Engineering,under_1y,none,0,1,0,clicked_only,2.1,
3755,C4,2026-07-14,HR policy update,E0155,Customer Support,over_3y,loss_framing,1,0,0,no_action,,
3756,C4,2026-07-14,HR policy update,E0156,Operations,over_3y,none,1,0,0,no_action,,
3757,C4,2026-07-14,HR policy update,E0157,Customer Support,over_3y,easy_report_prompt,2,0,0,no_action,,
3758,C4,2026-07-14,HR policy update,E0158,Customer Support,under_1y,social_norm,0,0,0,no_action,,
3759,C4,2026-07-14,HR policy update,E0159,Marketing,under_1y,just_in_time_tip,0,0,1,reported_only,,36.7
3760,C4,2026-07-14,HR policy update,E0160,HR,over_3y,warning_banner,2,0,0,no_action,,
3761,C4,2026-07-14,HR policy update,E0161,Engineering,1_to_3y,just_in_time_tip,0,0,0,no_action,,
3762,C4,2026-07-14,HR policy update,E0162,Marketing,over_3y,loss_framing,1,0,0,no_action,,
3763,C4,2026-07-14,HR policy update,E0163,Operations,1_to_3y,just_in_time_tip,0,0,0,no_action,,
3764,C4,2026-07-14,HR policy update,E0164,IT & Security,1_to_3y,warning_banner,1,0,1,reported_only,,10.9
3765,C4,2026-07-14,HR policy update,E0165,HR,over_3y,easy_report_prompt,1,1,0,clicked_only,18.6,
3766,C4,2026-07-14,HR policy update,E0166,Operations,over_3y,none,1,0,0,no_action,,
3767,C4,2026-07-14,HR policy update,E0167,Operations,1_to_3y,just_in_time_tip,0,0,0,no_action,,
3768,C4,2026-07-14,HR policy update,E0168,IT & Security,1_to_3y,none,1,0,1,reported_only,,11.2
3769,C4,2026-07-14,HR policy update,E0169,Marketing,under_1y,loss_framing,2,0,0,no_action,,
3770,C4,2026-07-14,HR policy update,E0170,Sales,over_3y,just_in_time_tip,0,0,1,reported_only,,28.1
3771,C4,2026-07-14,HR policy update,E0171,Operations,over_3y,warning_banner,1,0,0,no_action,,
3772,C4,2026-07-14,HR policy update,E0172,Operations,under_1y,social_norm,1,0,0,no_action,,
3773,C4,2026-07-14,HR policy update,E0173,Engineering,1_to_3y,warning_banner,0,0,1,reported_only,,10.3
3774,C4,2026-07-14,HR policy update,E0174,Operations,over_3y,warning_banner,1,1,0,clicked_only,0.9,
3775,C4,2026-07-14,HR policy update,E0175,Legal & Compliance,1_to_3y,none,0,0,0,no_action,,
3776,C4,2026-07-14,HR policy update,E0176,Customer Support,1_to_3y,social_norm,1,0,0,no_action,,
3777,C4,2026-07-14,HR policy update,E0177,Sales,1_to_3y,none,0,1,0,clicked_only,24.1,
3778,C4,2026-07-14,HR policy update,E0178,Engineering,over_3y,warning_banner,1,0,1,reported_only,,111.4
3779,C4,2026-07-14,HR policy update,E0179,Sales,over_3y,social_norm,0,0,0,no_action,,
3780,C4,2026-07-14,HR policy update,E0180,Engineering,under_1y,just_in_time_tip,0,0,0,no_action,,
3781,C4,2026-07-14,HR policy update,E0181,Customer Support,1_to_3y,easy_report_prompt,1,1,0,clicked_only,3.5,
3782,C4,2026-07-14,HR policy update,E0182,IT & Security,over_3y,warning_banner,0,0,0,no_action,,
3783,C4,2026-07-14,HR policy update,E0183,IT & Security,over_3y,just_in_time_tip,0,0,1,reported_only,,15.5
3784,C4,2026-07-14,HR policy update,E0184,Operations,over_3y,easy_report_prompt,0,0,1,reported_only,,1.7
3785,C4,2026-07-14,HR policy update,E0185,Marketing,over_3y,loss_framing,0,1,0,clicked_only,2.9,
3786,C4,2026-07-14,HR policy update,E0186,Marketing,over_3y,easy_report_prompt,0,0,0,no_action,,
3787,C4,2026-07-14,HR policy update,E0187,Finance,over_3y,none,0,1,0,clicked_only,1.7,
3788,C4,2026-07-14,HR policy update,E0188,Engineering,1_to_3y,warning_banner,0,0,0,no_action,,
3789,C4,2026-07-14,HR policy update,E0189,Customer Support,under_1y,none,0,0,0,no_action,,
3790,C4,2026-07-14,HR policy update,E0190,Operations,under_1y,none,2,1,0,clicked_only,16.9,
3791,C4,2026-07-14,HR policy update,E0191,Operations,1_to_3y,none,1,0,0,no_action,,
3792,C4,2026-07-14,HR policy update,E0192,Finance,under_1y,warning_banner,0,0,0,no_action,,
3793,C4,2026-07-14,HR policy update,E0193,Operations,over_3y,just_in_time_tip,1,0,0,no_action,,
3794,C4,2026-07-14,HR policy update,E0194,IT & Security,under_1y,just_in_time_tip,0,0,1,reported_only,,19.6
3795,C4,2026-07-14,HR policy update,E0195,Finance,over_3y,just_in_time_tip,0,0,0,no_action,,
3796,C4,2026-07-14,HR policy update,E0196,Legal & Compliance,1_to_3y,social_norm,0,0,0,no_action,,
3797,C4,2026-07-14,HR policy update,E0197,Sales,under_1y,none,0,1,0,clicked_only,3.5,
3798,C4,2026-07-14,HR policy update,E0198,Operations,1_to_3y,loss_framing,0,1,0,clicked_only,10.6,
3799,C4,2026-07-14,HR policy update,E0199,Executive Office,under_1y,just_in_time_tip,2,0,0,no_action,,
3800,C4,2026-07-14,HR policy update,E0200,Engineering,under_1y,none,1,0,0,no_action,,
3801,C4,2026-07-14,HR policy update,E0201,Sales,under_1y,warning_banner,0,0,0,no_action,,
3802,C4,2026-07-14,HR policy update,E0202,Operations,over_3y,just_in_time_tip,0,0,0,no_action,,
3803,C4,2026-07-14,HR policy update,E0203,Operations,1_to_3y,warning_banner,2,0,0,no_action,,
3804,C4,2026-07-14,HR policy update,E0204,Sales,1_to_3y,warning_banner,0,0,0,no_action,,
3805,C4,2026-07-14,HR policy update,E0205,Engineering,under_1y,social_norm,0,0,1,reported_only,,11.1
3806,C4,2026-07-14,HR policy update,E0206,Marketing,under_1y,warning_banner,1,0,0,no_action,,
3807,C4,2026-07-14,HR policy update,E0207,Operations,over_3y,just_in_time_tip,1,0,0,no_action,,
3808,C4,2026-07-14,HR policy update,E0208,Engineering,1_to_3y,just_in_time_tip,0,0,0,no_action,,
3809,C4,2026-07-14,HR policy update,E0209,IT & Security,1_to_3y,loss_framing,0,0,0,no_action,,
3810,C4,2026-07-14,HR policy update,E0210,Operations,under_1y,just_in_time_tip,0,0,1,reported_only,,28.5
3811,C4,2026-07-14,HR policy update,E0211,IT & Security,over_3y,just_in_time_tip,1,0,1,reported_only,,6.3
3812,C4,2026-07-14,HR policy update,E0212,Finance,over_3y,just_in_time_tip,0,0,0,no_action,,
3813,C4,2026-07-14,HR policy update,E0213,Operations,1_to_3y,easy_report_prompt,0,0,0,no_action,,
3814,C4,2026-07-14,HR policy update,E0214,Operations,1_to_3y,just_in_time_tip,0,0,0,no_action,,
3815,C4,2026-07-14,HR policy update,E0215,HR,1_to_3y,social_norm,1,0,0,no_action,,
3816,C4,2026-07-14,HR policy update,E0216,Operations,under_1y,easy_report_prompt,0,0,0,no_action,,
3817,C4,2026-07-14,HR policy update,E0217,Engineering,1_to_3y,loss_framing,0,0,0,no_action,,
3818,C4,2026-07-14,HR policy update,E0218,Engineering,over_3y,easy_report_prompt,1,0,0,no_action,,
3819,C4,2026-07-14,HR policy update,E0219,Finance,under_1y,easy_report_prompt,0,0,0,no_action,,
3820,C4,2026-07-14,HR policy update,E0220,HR,over_3y,warning_banner,1,0,0,no_action,,
3821,C4,2026-07-14,HR policy update,E0221,Operations,under_1y,just_in_time_tip,0,0,1,reported_only,,10.6
3822,C4,2026-07-14,HR policy update,E0222,Sales,1_to_3y,easy_report_prompt,1,0,0,no_action,,
3823,C4,2026-07-14,HR policy update,E0223,Sales,over_3y,easy_report_prompt,0,1,1,clicked_and_reported,1.6,7.7
3824,C4,2026-07-14,HR policy update,E0224,Marketing,1_to_3y,none,1,0,0,no_action,,
3825,C4,2026-07-14,HR policy update,E0225,Engineering,over_3y,just_in_time_tip,1,0,0,no_action,,
3826,C4,2026-07-14,HR policy update,E0226,Engineering,over_3y,none,0,0,0,no_action,,
3827,C4,2026-07-14,HR policy update,E0227,IT & Security,over_3y,social_norm,1,0,0,no_action,,
3828,C4,2026-07-14,HR policy update,E0228,Engineering,1_to_3y,warning_banner,1,0,0,no_action,,
3829,C4,2026-07-14,HR policy update,E0229,Operations,under_1y,social_norm,0,0,0,no_action,,
3830,C4,2026-07-14,HR policy update,E0230,Customer Support,1_to_3y,social_norm,0,1,0,clicked_only,1.0,
3831,C4,2026-07-14,HR policy update,E0231,IT & Security,under_1y,none,0,0,0,no_action,,
3832,C4,2026-07-14,HR policy update,E0232,Executive Office,over_3y,social_norm,1,0,0,no_action,,
3833,C4,2026-07-14,HR policy update,E0233,Sales,over_3y,just_in_time_tip,0,0,0,no_action,,
3834,C4,2026-07-14,HR policy update,E0234,Finance,1_to_3y,none,0,0,0,no_action,,
3835,C4,2026-07-14,HR policy update,E0235,Engineering,over_3y,loss_framing,0,0,0,no_action,,
3836,C4,2026-07-14,HR policy update,E0236,IT & Security,over_3y,social_norm,1,1,0,clicked_only,5.5,
3837,C4,2026-07-14,HR policy update,E0237,Legal & Compliance,1_to_3y,social_norm,0,0,1,reported_only,,6.3
3838,C4,2026-07-14,HR policy update,E0238,HR,under_1y,none,1,0,0,no_action,,
3839,C4,2026-07-14,HR policy update,E0239,Sales,1_to_3y,just_in_time_tip,0,0,0,no_action,,
3840,C4,2026-07-14,HR policy update,E0240,Engineering,1_to_3y,easy_report_prompt,0,0,0,no_action,,
3841,C4,2026-07-14,HR policy update,E0241,Operations,over_3y,social_norm,0,0,1,reported_only,,60.8
3842,C4,2026-07-14,HR policy update,E0242,Marketing,over_3y,none,0,0,0,no_action,,
3843,C4,2026-07-14,HR policy update,E0243,Operations,under_1y,easy_report_prompt,0,1,0,clicked_only,3.5,
3844,C4,2026-07-14,HR policy update,E0244,HR,over_3y,just_in_time_tip,0,0,0,no_action,,
3845,C4,2026-07-14,HR policy update,E0245,Engineering,under_1y,none,2,1,0,clicked_only,1.9,
3846,C4,2026-07-14,HR policy update,E0246,Engineering,1_to_3y,social_norm,0,0,0,no_action,,
3847,C4,2026-07-14,HR policy update,E0247,Engineering,under_1y,just_in_time_tip,0,0,0,no_action,,
3848,C4,2026-07-14,HR policy update,E0248,Sales,1_to_3y,loss_framing,0,0,1,reported_only,,4.8
3849,C4,2026-07-14,HR policy update,E0249,Engineering,over_3y,none,0,0,1,reported_only,,10.0
3850,C4,2026-07-14,HR policy update,E0250,Sales,over_3y,loss_framing,0,0,0,no_action,,
3851,C4,2026-07-14,HR policy update,E0251,Operations,1_to_3y,just_in_time_tip,1,0,1,reported_only,,148.2
3852,C4,2026-07-14,HR policy update,E0252,Sales,over_3y,loss_framing,1,0,0,no_action,,
3853,C4,2026-07-14,HR policy update,E0253,Legal & Compliance,over_3y,loss_framing,0,0,1,reported_only,,2.5
3854,C4,2026-07-14,HR policy update,E0254,Legal & Compliance,1_to_3y,warning_banner,1,0,0,no_action,,
3855,C4,2026-07-14,HR policy update,E0255,Legal & Compliance,over_3y,warning_banner,0,0,0,no_action,,
3856,C4,2026-07-14,HR policy update,E0256,Operations,over_3y,loss_framing,1,0,0,no_action,,
3857,C4,2026-07-14,HR policy update,E0257,Engineering,under_1y,just_in_time_tip,1,1,0,clicked_only,11.1,
3858,C4,2026-07-14,HR policy update,E0258,Finance,1_to_3y,warning_banner,1,0,1,reported_only,,30.7
3859,C4,2026-07-14,HR policy update,E0259,IT & Security,over_3y,easy_report_prompt,0,0,0,no_action,,
3860,C4,2026-07-14,HR policy update,E0260,Finance,1_to_3y,loss_framing,2,1,1,clicked_and_reported,1.4,12.9
3861,C4,2026-07-14,HR policy update,E0261,Sales,1_to_3y,social_norm,0,0,0,no_action,,
3862,C4,2026-07-14,HR policy update,E0262,Finance,1_to_3y,easy_report_prompt,1,0,0,no_action,,
3863,C4,2026-07-14,HR policy update,E0263,Engineering,over_3y,warning_banner,0,0,0,no_action,,
3864,C4,2026-07-14,HR policy update,E0264,Engineering,over_3y,social_norm,0,0,0,no_action,,
3865,C4,2026-07-14,HR policy update,E0265,Operations,under_1y,easy_report_prompt,0,0,0,no_action,,
3866,C4,2026-07-14,HR policy update,E0266,Finance,over_3y,just_in_time_tip,1,0,0,no_action,,
3867,C4,2026-07-14,HR policy update,E0267,IT & Security,over_3y,none,1,0,0,no_action,,
3868,C4,2026-07-14,HR policy update,E0268,Finance,1_to_3y,easy_report_prompt,0,0,1,reported_only,,0.8
3869,C4,2026-07-14,HR policy update,E0269,HR,1_to_3y,just_in_time_tip,0,0,0,no_action,,
3870,C4,2026-07-14,HR policy update,E0270,Customer Support,1_to_3y,easy_report_prompt,0,0,0,no_action,,
3871,C4,2026-07-14,HR policy update,E0271,Finance,over_3y,just_in_time_tip,0,0,0,no_action,,
3872,C4,2026-07-14,HR policy update,E0272,Finance,1_to_3y,warning_banner,0,0,0,no_action,,
3873,C4,2026-07-14,HR policy update,E0273,Sales,over_3y,just_in_time_tip,0,0,0,no_action,,
3874,C4,2026-07-14,HR policy update,E0274,Operations,over_3y,social_norm,0,0,0,no_action,,
3875,C4,2026-07-14,HR policy update,E0275,Engineering,over_3y,warning_banner,0,0,1,reported_only,,17.6
3876,C4,2026-07-14,HR policy update,E0276,Customer Support,over_3y,just_in_time_tip,1,1,0,clicked_only,0.6,
3877,C4,2026-07-14,HR policy update,E0277,Engineering,under_1y,none,0,1,0,clicked_only,2.7,
3878,C4,2026-07-14,HR policy update,E0278,Engineering,1_to_3y,none,2,0,1,reported_only,,24.2
3879,C4,2026-07-14,HR policy update,E0279,Operations,1_to_3y,easy_report_prompt,1,0,0,no_action,,
3880,C4,2026-07-14,HR policy update,E0280,IT & Security,under_1y,social_norm,1,0,0,no_action,,
3881,C4,2026-07-14,HR policy update,E0281,Engineering,1_to_3y,warning_banner,0,0,0,no_action,,
3882,C4,2026-07-14,HR policy update,E0282,Finance,1_to_3y,none,0,0,0,no_action,,
3883,C4,2026-07-14,HR policy update,E0283,Engineering,under_1y,loss_framing,1,0,0,no_action,,
3884,C4,2026-07-14,HR policy update,E0284,Operations,under_1y,warning_banner,1,0,0,no_action,,
3885,C4,2026-07-14,HR policy update,E0285,Marketing,under_1y,easy_report_prompt,0,1,0,clicked_only,0.8,
3886,C4,2026-07-14,HR policy update,E0286,Marketing,under_1y,loss_framing,1,0,0,no_action,,
3887,C4,2026-07-14,HR policy update,E0287,Engineering,over_3y,easy_report_prompt,0,0,1,reported_only,,14.4
3888,C4,2026-07-14,HR policy update,E0288,IT & Security,1_to_3y,just_in_time_tip,1,0,0,no_action,,
3889,C4,2026-07-14,HR policy update,E0289,Customer Support,over_3y,none,0,0,0,no_action,,
3890,C4,2026-07-14,HR policy update,E0290,Legal & Compliance,under_1y,warning_banner,0,0,0,no_action,,
3891,C4,2026-07-14,HR policy update,E0291,Operations,over_3y,easy_report_prompt,0,0,0,no_action,,
3892,C4,2026-07-14,HR policy update,E0292,Customer Support,1_to_3y,just_in_time_tip,1,0,0,no_action,,
3893,C4,2026-07-14,HR policy update,E0293,Engineering,over_3y,loss_framing,1,0,0,no_action,,
3894,C4,2026-07-14,HR policy update,E0294,Sales,over_3y,none,0,0,0,no_action,,
3895,C4,2026-07-14,HR policy update,E0295,IT & Security,1_to_3y,just_in_time_tip,2,0,1,reported_only,,20.6
3896,C4,2026-07-14,HR policy update,E0296,Sales,over_3y,social_norm,0,0,0,no_action,,
3897,C4,2026-07-14,HR policy update,E0297,Marketing,under_1y,easy_report_prompt,0,0,0,no_action,,
3898,C4,2026-07-14,HR policy update,E0298,Engineering,over_3y,social_norm,1,0,0,no_action,,
3899,C4,2026-07-14,HR policy update,E0299,Marketing,1_to_3y,none,2,0,0,no_action,,
3900,C4,2026-07-14,HR policy update,E0300,Sales,under_1y,none,0,0,0,no_action,,
3901,C4,2026-07-14,HR policy update,E0301,Operations,1_to_3y,none,1,0,0,no_action,,
3902,C4,2026-07-14,HR policy update,E0302,Sales,under_1y,easy_report_prompt,0,0,0,no_action,,
3903,C4,2026-07-14,HR policy update,E0303,Customer Support,over_3y,warning_banner,1,0,0,no_action,,
3904,C4,2026-07-14,HR policy update,E0304,Sales,1_to_3y,loss_framing,1,1,0,clicked_only,4.8,
3905,C4,2026-07-14,HR policy update,E0305,Sales,1_to_3y,loss_framing,0,0,0,no_action,,
3906,C4,2026-07-14,HR policy update,E0306,Operations,over_3y,social_norm,1,0,0,no_action,,
3907,C4,2026-07-14,HR policy update,E0307,Sales,1_to_3y,loss_framing,0,0,0,no_action,,
3908,C4,2026-07-14,HR policy update,E0308,Sales,over_3y,none,1,0,0,no_action,,
3909,C4,2026-07-14,HR policy update,E0309,IT & Security,over_3y,warning_banner,1,1,1,clicked_and_reported,13.5,19.3
3910,C4,2026-07-14,HR policy update,E0310,Engineering,over_3y,warning_banner,0,0,0,no_action,,
3911,C4,2026-07-14,HR policy update,E0311,Customer Support,under_1y,none,0,1,0,clicked_only,21.6,
3912,C4,2026-07-14,HR policy update,E0312,Engineering,1_to_3y,none,0,0,0,no_action,,
3913,C4,2026-07-14,HR policy update,E0313,Operations,1_to_3y,loss_framing,0,0,0,no_action,,
3914,C4,2026-07-14,HR policy update,E0314,Marketing,over_3y,social_norm,0,0,0,no_action,,
3915,C4,2026-07-14,HR policy update,E0315,Operations,under_1y,just_in_time_tip,0,0,0,no_action,,
3916,C4,2026-07-14,HR policy update,E0316,HR,under_1y,none,1,1,0,clicked_only,464.2,
3917,C4,2026-07-14,HR policy update,E0317,Engineering,over_3y,social_norm,0,1,0,clicked_only,15.2,
3918,C4,2026-07-14,HR policy update,E0318,Marketing,1_to_3y,none,1,0,0,no_action,,
3919,C4,2026-07-14,HR policy update,E0319,Finance,1_to_3y,social_norm,0,0,0,no_action,,
3920,C4,2026-07-14,HR policy update,E0320,Operations,under_1y,easy_report_prompt,0,1,0,clicked_only,1.2,
3921,C4,2026-07-14,HR policy update,E0321,Marketing,under_1y,just_in_time_tip,0,0,0,no_action,,
3922,C4,2026-07-14,HR policy update,E0322,Sales,1_to_3y,easy_report_prompt,0,0,0,no_action,,
3923,C4,2026-07-14,HR policy update,E0323,Sales,1_to_3y,loss_framing,1,0,0,no_action,,
3924,C4,2026-07-14,HR policy update,E0324,Sales,over_3y,social_norm,1,0,0,no_action,,
3925,C4,2026-07-14,HR policy update,E0325,HR,over_3y,loss_framing,0,0,0,no_action,,
3926,C4,2026-07-14,HR policy update,E0326,Finance,1_to_3y,none,1,0,0,no_action,,
3927,C4,2026-07-14,HR policy update,E0327,Engineering,over_3y,loss_framing,0,0,0,no_action,,
3928,C4,2026-07-14,HR policy update,E0328,Operations,under_1y,just_in_time_tip,0,0,0,no_action,,
3929,C4,2026-07-14,HR policy update,E0329,Marketing,over_3y,social_norm,0,1,0,clicked_only,1.1,
3930,C4,2026-07-14,HR policy update,E0330,Sales,1_to_3y,social_norm,1,0,0,no_action,,
3931,C4,2026-07-14,HR policy update,E0331,IT & Security,over_3y,easy_report_prompt,1,0,0,no_action,,
3932,C4,2026-07-14,HR policy update,E0332,HR,over_3y,warning_banner,1,1,0,clicked_only,12.8,
3933,C4,2026-07-14,HR policy update,E0333,Operations,over_3y,social_norm,0,0,0,no_action,,
3934,C4,2026-07-14,HR policy update,E0334,Sales,1_to_3y,just_in_time_tip,0,0,1,reported_only,,7.4
3935,C4,2026-07-14,HR policy update,E0335,Engineering,under_1y,just_in_time_tip,0,0,0,no_action,,
3936,C4,2026-07-14,HR policy update,E0336,Operations,under_1y,warning_banner,0,0,0,no_action,,
3937,C4,2026-07-14,HR policy update,E0337,Engineering,1_to_3y,easy_report_prompt,1,0,0,no_action,,
3938,C4,2026-07-14,HR policy update,E0338,IT & Security,under_1y,warning_banner,1,0,0,no_action,,
3939,C4,2026-07-14,HR policy update,E0339,Operations,1_to_3y,social_norm,0,1,0,clicked_only,0.8,
3940,C4,2026-07-14,HR policy update,E0340,Sales,over_3y,just_in_time_tip,0,0,0,no_action,,
3941,C4,2026-07-14,HR policy update,E0341,Operations,1_to_3y,easy_report_prompt,0,0,0,no_action,,
3942,C4,2026-07-14,HR policy update,E0342,Engineering,1_to_3y,loss_framing,1,0,0,no_action,,
3943,C4,2026-07-14,HR policy update,E0343,Operations,over_3y,social_norm,1,0,0,no_action,,
3944,C4,2026-07-14,HR policy update,E0344,Engineering,over_3y,warning_banner,1,0,0,no_action,,
3945,C4,2026-07-14,HR policy update,E0345,Operations,1_to_3y,easy_report_prompt,0,0,0,no_action,,
3946,C4,2026-07-14,HR policy update,E0346,Operations,1_to_3y,none,1,0,0,no_action,,
3947,C4,2026-07-14,HR policy update,E0347,Operations,1_to_3y,just_in_time_tip,1,0,0,no_action,,
3948,C4,2026-07-14,HR policy update,E0348,Customer Support,over_3y,just_in_time_tip,2,0,1,reported_only,,111.0
3949,C4,2026-07-14,HR policy update,E0349,IT & Security,under_1y,easy_report_prompt,0,0,0,no_action,,
3950,C4,2026-07-14,HR policy update,E0350,Engineering,over_3y,none,1,1,0,clicked_only,40.3,
3951,C4,2026-07-14,HR policy update,E0351,Customer Support,under_1y,social_norm,1,0,0,no_action,,
3952,C4,2026-07-14,HR policy update,E0352,Engineering,1_to_3y,social_norm,2,0,1,reported_only,,2.1
3953,C4,2026-07-14,HR policy update,E0353,Engineering,over_3y,just_in_time_tip,0,0,0,no_action,,
3954,C4,2026-07-14,HR policy update,E0354,Operations,under_1y,none,0,0,1,reported_only,,51.8
3955,C4,2026-07-14,HR policy update,E0355,Engineering,over_3y,just_in_time_tip,0,0,0,no_action,,
3956,C4,2026-07-14,HR policy update,E0356,Operations,1_to_3y,easy_report_prompt,1,0,1,reported_only,,4.1
3957,C4,2026-07-14,HR policy update,E0357,Finance,1_to_3y,warning_banner,0,0,0,no_action,,
3958,C4,2026-07-14,HR policy update,E0358,Marketing,1_to_3y,social_norm,0,0,0,no_action,,
3959,C4,2026-07-14,HR policy update,E0359,Operations,under_1y,none,0,1,0,clicked_only,11.8,
3960,C4,2026-07-14,HR policy update,E0360,Engineering,1_to_3y,just_in_time_tip,1,1,0,clicked_only,18.5,
3961,C4,2026-07-14,HR policy update,E0361,HR,1_to_3y,social_norm,1,0,0,no_action,,
3962,C4,2026-07-14,HR policy update,E0362,Finance,over_3y,social_norm,1,0,0,no_action,,
3963,C4,2026-07-14,HR policy update,E0363,Marketing,over_3y,easy_report_prompt,1,1,0,clicked_only,15.4,
3964,C4,2026-07-14,HR policy update,E0364,Operations,over_3y,social_norm,2,1,0,clicked_only,18.1,
3965,C4,2026-07-14,HR policy update,E0365,Operations,1_to_3y,warning_banner,1,0,0,no_action,,
3966,C4,2026-07-14,HR policy update,E0366,Operations,over_3y,easy_report_prompt,0,0,0,no_action,,
3967,C4,2026-07-14,HR policy update,E0367,Sales,over_3y,just_in_time_tip,0,0,0,no_action,,
3968,C4,2026-07-14,HR policy update,E0368,Engineering,1_to_3y,none,1,0,0,no_action,,
3969,C4,2026-07-14,HR policy update,E0369,Finance,under_1y,social_norm,1,0,0,no_action,,
3970,C4,2026-07-14,HR policy update,E0370,Customer Support,1_to_3y,easy_report_prompt,1,1,0,clicked_only,6.9,
3971,C4,2026-07-14,HR policy update,E0371,Sales,over_3y,easy_report_prompt,0,0,0,no_action,,
3972,C4,2026-07-14,HR policy update,E0372,Operations,1_to_3y,none,0,0,0,no_action,,
3973,C4,2026-07-14,HR policy update,E0373,IT & Security,under_1y,none,0,0,0,no_action,,
3974,C4,2026-07-14,HR policy update,E0374,Legal & Compliance,over_3y,warning_banner,0,0,0,no_action,,
3975,C4,2026-07-14,HR policy update,E0375,Finance,over_3y,none,1,0,0,no_action,,
3976,C4,2026-07-14,HR policy update,E0376,Customer Support,under_1y,none,1,1,0,clicked_only,54.1,
3977,C4,2026-07-14,HR policy update,E0377,Customer Support,over_3y,just_in_time_tip,0,0,0,no_action,,
3978,C4,2026-07-14,HR policy update,E0378,Engineering,1_to_3y,easy_report_prompt,0,0,0,no_action,,
3979,C4,2026-07-14,HR policy update,E0379,Engineering,1_to_3y,easy_report_prompt,0,0,0,no_action,,
3980,C4,2026-07-14,HR policy update,E0380,Sales,1_to_3y,just_in_time_tip,0,0,0,no_action,,
3981,C4,2026-07-14,HR policy update,E0381,Finance,1_to_3y,easy_report_prompt,2,0,1,reported_only,,4.2
3982,C4,2026-07-14,HR policy update,E0382,Operations,over_3y,social_norm,1,0,0,no_action,,
3983,C4,2026-07-14,HR policy update,E0383,Customer Support,over_3y,none,0,0,0,no_action,,
3984,C4,2026-07-14,HR policy update,E0384,Executive Office,1_to_3y,loss_framing,0,0,0,no_action,,
3985,C4,2026-07-14,HR policy update,E0385,Legal & Compliance,1_to_3y,social_norm,0,1,0,clicked_only,28.7,
3986,C4,2026-07-14,HR policy update,E0386,Customer Support,under_1y,just_in_time_tip,0,1,0,clicked_only,8.7,
3987,C4,2026-07-14,HR policy update,E0387,Executive Office,1_to_3y,none,0,0,0,no_action,,
3988,C4,2026-07-14,HR policy update,E0388,Finance,over_3y,just_in_time_tip,1,0,0,no_action,,
3989,C4,2026-07-14,HR policy update,E0389,HR,1_to_3y,none,0,1,0,clicked_only,47.7,
3990,C4,2026-07-14,HR policy update,E0390,Finance,over_3y,warning_banner,1,0,0,no_action,,
3991,C4,2026-07-14,HR policy update,E0391,Customer Support,1_to_3y,social_norm,1,0,1,reported_only,,2.3
3992,C4,2026-07-14,HR policy update,E0392,Engineering,over_3y,warning_banner,0,0,0,no_action,,
3993,C4,2026-07-14,HR policy update,E0393,Sales,under_1y,loss_framing,1,0,0,no_action,,
3994,C4,2026-07-14,HR policy update,E0394,Sales,under_1y,just_in_time_tip,0,1,0,clicked_only,31.2,
3995,C4,2026-07-14,HR policy update,E0395,Finance,1_to_3y,social_norm,0,0,0,no_action,,
3996,C4,2026-07-14,HR policy update,E0396,HR,over_3y,social_norm,0,1,0,clicked_only,7.7,
3997,C4,2026-07-14,HR policy update,E0397,HR,over_3y,loss_framing,0,1,0,clicked_only,1.6,
3998,C4,2026-07-14,HR policy update,E0398,IT & Security,1_to_3y,warning_banner,2,0,0,no_action,,
3999,C4,2026-07-14,HR policy update,E0399,Finance,1_to_3y,warning_banner,0,0,0,no_action,,
4000,C4,2026-07-14,HR policy update,E0400,Customer Support,under_1y,loss_framing,0,1,0,clicked_only,3.6,
4001,C4,2026-07-14,HR policy update,E0401,Executive Office,over_3y,warning_banner,0,0,0,no_action,,
4002,C4,2026-07-14,HR policy update,E0402,Sales,over_3y,none,1,1,0,clicked_only,10.9,
4003,C4,2026-07-14,HR policy update,E0403,Engineering,over_3y,easy_report_prompt,0,0,0,no_action,,
4004,C4,2026-07-14,HR policy update,E0404,Sales,over_3y,just_in_time_tip,1,0,0,no_action,,
4005,C4,2026-07-14,HR policy update,E0405,Engineering,1_to_3y,none,0,0,0,no_action,,
4006,C4,2026-07-14,HR policy update,E0406,Legal & Compliance,over_3y,warning_banner,0,0,0,no_action,,
4007,C4,2026-07-14,HR policy update,E0407,Finance,1_to_3y,warning_banner,2,0,0,no_action,,
4008,C4,2026-07-14,HR policy update,E0408,Operations,over_3y,social_norm,0,0,0,no_action,,
4009,C4,2026-07-14,HR policy update,E0409,Customer Support,1_to_3y,just_in_time_tip,1,0,0,no_action,,
4010,C4,2026-07-14,HR policy update,E0410,Sales,over_3y,just_in_time_tip,1,0,0,no_action,,
4011,C4,2026-07-14,HR policy update,E0411,HR,1_to_3y,warning_banner,0,0,0,no_action,,
4012,C4,2026-07-14,HR policy update,E0412,IT & Security,1_to_3y,social_norm,0,0,1,reported_only,,48.1
4013,C4,2026-07-14,HR policy update,E0413,Legal & Compliance,1_to_3y,just_in_time_tip,1,0,0,no_action,,
4014,C4,2026-07-14,HR policy update,E0414,Marketing,1_to_3y,loss_framing,0,0,0,no_action,,
4015,C4,2026-07-14,HR policy update,E0415,Engineering,under_1y,none,0,0,0,no_action,,
4016,C4,2026-07-14,HR policy update,E0416,Sales,over_3y,just_in_time_tip,0,1,0,clicked_only,0.8,
4017,C4,2026-07-14,HR policy update,E0417,Engineering,over_3y,warning_banner,0,0,0,no_action,,
4018,C4,2026-07-14,HR policy update,E0418,Engineering,1_to_3y,none,0,0,0,no_action,,
4019,C4,2026-07-14,HR policy update,E0419,Executive Office,over_3y,loss_framing,0,0,0,no_action,,
4020,C4,2026-07-14,HR policy update,E0420,Sales,over_3y,just_in_time_tip,0,1,1,clicked_and_reported,13.6,15.0
4021,C4,2026-07-14,HR policy update,E0421,HR,over_3y,social_norm,1,0,0,no_action,,
4022,C4,2026-07-14,HR policy update,E0422,Customer Support,over_3y,loss_framing,1,0,0,no_action,,
4023,C4,2026-07-14,HR policy update,E0423,Customer Support,over_3y,warning_banner,1,0,1,reported_only,,66.2
4024,C4,2026-07-14,HR policy update,E0424,Sales,over_3y,none,1,0,0,no_action,,
4025,C4,2026-07-14,HR policy update,E0425,Engineering,over_3y,social_norm,1,0,0,no_action,,
4026,C4,2026-07-14,HR policy update,E0426,Customer Support,over_3y,warning_banner,0,0,0,no_action,,
4027,C4,2026-07-14,HR policy update,E0427,Operations,over_3y,just_in_time_tip,0,0,0,no_action,,
4028,C4,2026-07-14,HR policy update,E0428,Sales,1_to_3y,social_norm,0,1,0,clicked_only,12.9,
4029,C4,2026-07-14,HR policy update,E0429,Marketing,under_1y,easy_report_prompt,0,0,1,reported_only,,22.8
4030,C4,2026-07-14,HR policy update,E0430,Sales,over_3y,just_in_time_tip,1,0,0,no_action,,
4031,C4,2026-07-14,HR policy update,E0431,Engineering,1_to_3y,none,1,0,0,no_action,,
4032,C4,2026-07-14,HR policy update,E0432,Finance,over_3y,warning_banner,1,0,0,no_action,,
4033,C4,2026-07-14,HR policy update,E0433,Sales,over_3y,warning_banner,0,0,0,no_action,,
4034,C4,2026-07-14,HR policy update,E0434,Operations,over_3y,just_in_time_tip,0,0,0,no_action,,
4035,C4,2026-07-14,HR policy update,E0435,Executive Office,1_to_3y,easy_report_prompt,0,0,0,no_action,,
4036,C4,2026-07-14,HR policy update,E0436,Engineering,over_3y,just_in_time_tip,1,1,0,clicked_only,1.9,
4037,C4,2026-07-14,HR policy update,E0437,Customer Support,over_3y,easy_report_prompt,0,0,0,no_action,,
4038,C4,2026-07-14,HR policy update,E0438,Finance,under_1y,warning_banner,0,0,0,no_action,,
4039,C4,2026-07-14,HR policy update,E0439,Finance,over_3y,social_norm,0,1,0,clicked_only,15.7,
4040,C4,2026-07-14,HR policy update,E0440,Customer Support,over_3y,just_in_time_tip,0,0,0,no_action,,
4041,C4,2026-07-14,HR policy update,E0441,Marketing,over_3y,social_norm,0,1,0,clicked_only,1.6,
4042,C4,2026-07-14,HR policy update,E0442,Customer Support,1_to_3y,loss_framing,0,0,0,no_action,,
4043,C4,2026-07-14,HR policy update,E0443,Customer Support,over_3y,easy_report_prompt,0,1,0,clicked_only,17.2,
4044,C4,2026-07-14,HR policy update,E0444,Customer Support,under_1y,just_in_time_tip,1,0,0,no_action,,
4045,C4,2026-07-14,HR policy update,E0445,Engineering,over_3y,easy_report_prompt,0,0,0,no_action,,
4046,C4,2026-07-14,HR policy update,E0446,IT & Security,over_3y,easy_report_prompt,1,0,1,reported_only,,4.7
4047,C4,2026-07-14,HR policy update,E0447,Engineering,1_to_3y,easy_report_prompt,0,0,0,no_action,,
4048,C4,2026-07-14,HR policy update,E0448,Operations,under_1y,just_in_time_tip,1,0,0,no_action,,
4049,C4,2026-07-14,HR policy update,E0449,HR,over_3y,social_norm,0,1,0,clicked_only,12.2,
4050,C4,2026-07-14,HR policy update,E0450,Operations,1_to_3y,just_in_time_tip,1,0,0,no_action,,
4051,C4,2026-07-14,HR policy update,E0451,Legal & Compliance,1_to_3y,social_norm,2,0,0,no_action,,
4052,C4,2026-07-14,HR policy update,E0452,Finance,over_3y,just_in_time_tip,1,0,0,no_action,,
4053,C4,2026-07-14,HR policy update,E0453,Operations,over_3y,loss_framing,1,0,0,no_action,,
4054,C4,2026-07-14,HR policy update,E0454,Sales,over_3y,loss_framing,0,0,0,no_action,,
4055,C4,2026-07-14,HR policy update,E0455,Operations,over_3y,social_norm,1,0,0,no_action,,
4056,C4,2026-07-14,HR policy update,E0456,Finance,under_1y,loss_framing,2,0,0,no_action,,
4057,C4,2026-07-14,HR policy update,E0457,Engineering,1_to_3y,loss_framing,1,1,0,clicked_only,17.6,
4058,C4,2026-07-14,HR policy update,E0458,Engineering,1_to_3y,none,1,0,0,no_action,,
4059,C4,2026-07-14,HR policy update,E0459,Legal & Compliance,1_to_3y,just_in_time_tip,0,0,1,reported_only,,16.3
4060,C4,2026-07-14,HR policy update,E0460,Operations,under_1y,easy_report_prompt,0,1,0,clicked_only,21.9,
4061,C4,2026-07-14,HR policy update,E0461,Engineering,1_to_3y,social_norm,0,0,1,reported_only,,115.6
4062,C4,2026-07-14,HR policy update,E0462,IT & Security,1_to_3y,easy_report_prompt,1,0,0,no_action,,
4063,C4,2026-07-14,HR policy update,E0463,HR,under_1y,loss_framing,1,1,0,clicked_only,33.2,
4064,C4,2026-07-14,HR policy update,E0464,Sales,1_to_3y,easy_report_prompt,2,0,0,no_action,,
4065,C4,2026-07-14,HR policy update,E0465,Legal & Compliance,1_to_3y,loss_framing,0,0,0,no_action,,
4066,C4,2026-07-14,HR policy update,E0466,Sales,over_3y,loss_framing,0,1,0,clicked_only,14.6,
4067,C4,2026-07-14,HR policy update,E0467,Engineering,1_to_3y,loss_framing,0,0,0,no_action,,
4068,C4,2026-07-14,HR policy update,E0468,Sales,1_to_3y,just_in_time_tip,0,0,0,no_action,,
4069,C4,2026-07-14,HR policy update,E0469,IT & Security,under_1y,easy_report_prompt,1,0,1,reported_only,,12.8
4070,C4,2026-07-14,HR policy update,E0470,Engineering,1_to_3y,loss_framing,1,0,0,no_action,,
4071,C4,2026-07-14,HR policy update,E0471,Legal & Compliance,1_to_3y,easy_report_prompt,1,0,0,no_action,,
4072,C4,2026-07-14,HR policy update,E0472,Engineering,under_1y,just_in_time_tip,2,0,0,no_action,,
4073,C4,2026-07-14,HR policy update,E0473,Engineering,1_to_3y,just_in_time_tip,2,0,0,no_action,,
4074,C4,2026-07-14,HR policy update,E0474,HR,1_to_3y,none,0,0,0,no_action,,
4075,C4,2026-07-14,HR policy update,E0475,Operations,1_to_3y,loss_framing,1,0,0,no_action,,
4076,C4,2026-07-14,HR policy update,E0476,Customer Support,1_to_3y,just_in_time_tip,0,0,0,no_action,,
4077,C4,2026-07-14,HR policy update,E0477,Marketing,over_3y,warning_banner,0,0,0,no_action,,
4078,C4,2026-07-14,HR policy update,E0478,IT & Security,1_to_3y,loss_framing,1,0,1,reported_only,,7.9
4079,C4,2026-07-14,HR policy update,E0479,Finance,1_to_3y,loss_framing,0,0,0,no_action,,
4080,C4,2026-07-14,HR policy update,E0480,IT & Security,over_3y,social_norm,1,0,1,reported_only,,2.4
4081,C4,2026-07-14,HR policy update,E0481,IT & Security,over_3y,loss_framing,1,1,1,clicked_and_reported,2.5,36.8
4082,C4,2026-07-14,HR policy update,E0482,Sales,over_3y,none,0,0,0,no_action,,
4083,C4,2026-07-14,HR policy update,E0483,Marketing,1_to_3y,social_norm,0,1,0,clicked_only,38.9,
4084,C4,2026-07-14,HR policy update,E0484,Sales,under_1y,social_norm,0,0,0,no_action,,
4085,C4,2026-07-14,HR policy update,E0485,Finance,over_3y,easy_report_prompt,0,1,0,clicked_only,0.6,
4086,C4,2026-07-14,HR policy update,E0486,IT & Security,over_3y,easy_report_prompt,0,0,1,reported_only,,34.2
4087,C4,2026-07-14,HR policy update,E0487,Legal & Compliance,over_3y,easy_report_prompt,1,0,0,no_action,,
4088,C4,2026-07-14,HR policy update,E0488,Customer Support,under_1y,warning_banner,0,1,0,clicked_only,17.4,
4089,C4,2026-07-14,HR policy update,E0489,Customer Support,under_1y,easy_report_prompt,0,0,0,no_action,,
4090,C4,2026-07-14,HR policy update,E0490,Finance,over_3y,warning_banner,0,0,0,no_action,,
4091,C4,2026-07-14,HR policy update,E0491,Finance,1_to_3y,social_norm,1,1,0,clicked_only,14.3,
4092,C4,2026-07-14,HR policy update,E0492,Sales,over_3y,loss_framing,1,1,0,clicked_only,1.4,
4093,C4,2026-07-14,HR policy update,E0493,Engineering,over_3y,none,0,0,0,no_action,,
4094,C4,2026-07-14,HR policy update,E0494,Sales,1_to_3y,warning_banner,0,0,0,no_action,,
4095,C4,2026-07-14,HR policy update,E0495,Finance,over_3y,just_in_time_tip,0,0,0,no_action,,
4096,C4,2026-07-14,HR policy update,E0496,HR,1_to_3y,none,1,0,0,no_action,,
4097,C4,2026-07-14,HR policy update,E0497,Engineering,over_3y,none,1,0,0,no_action,,
4098,C4,2026-07-14,HR policy update,E0498,Finance,over_3y,warning_banner,0,0,0,no_action,,
4099,C4,2026-07-14,HR policy update,E0499,Sales,over_3y,easy_report_prompt,0,0,0,no_action,,
4100,C4,2026-07-14,HR policy update,E0500,Finance,1_to_3y,social_norm,0,0,1,reported_only,,7.7
4101,C4,2026-07-14,HR policy update,E0501,Operations,under_1y,just_in_time_tip,0,0,0,no_action,,
4102,C4,2026-07-14,HR policy update,E0502,Engineering,1_to_3y,loss_framing,0,0,0,no_action,,
4103,C4,2026-07-14,HR policy update,E0503,Engineering,over_3y,just_in_time_tip,0,0,0,no_action,,
4104,C4,2026-07-14,HR policy update,E0504,IT & Security,over_3y,social_norm,0,0,1,reported_only,,64.9
4105,C4,2026-07-14,HR policy update,E0505,Engineering,1_to_3y,just_in_time_tip,0,0,0,no_action,,
4106,C4,2026-07-14,HR policy update,E0506,Finance,1_to_3y,social_norm,0,0,0,no_action,,
4107,C4,2026-07-14,HR policy update,E0507,Sales,over_3y,none,0,0,0,no_action,,
4108,C4,2026-07-14,HR policy update,E0508,HR,1_to_3y,just_in_time_tip,0,0,0,no_action,,
4109,C4,2026-07-14,HR policy update,E0509,Marketing,over_3y,social_norm,1,1,0,clicked_only,4.2,
4110,C4,2026-07-14,HR policy update,E0510,IT & Security,over_3y,just_in_time_tip,0,0,1,reported_only,,32.8
4111,C4,2026-07-14,HR policy update,E0511,HR,over_3y,warning_banner,1,0,0,no_action,,
4112,C4,2026-07-14,HR policy update,E0512,Engineering,under_1y,social_norm,0,0,0,no_action,,
4113,C4,2026-07-14,HR policy update,E0513,Operations,over_3y,easy_report_prompt,2,0,0,no_action,,
4114,C4,2026-07-14,HR policy update,E0514,Engineering,under_1y,just_in_time_tip,1,0,0,no_action,,
4115,C4,2026-07-14,HR policy update,E0515,Finance,1_to_3y,loss_framing,1,0,0,no_action,,
4116,C4,2026-07-14,HR policy update,E0516,Sales,over_3y,just_in_time_tip,1,0,0,no_action,,
4117,C4,2026-07-14,HR policy update,E0517,Executive Office,over_3y,none,0,0,0,no_action,,
4118,C4,2026-07-14,HR policy update,E0518,Operations,under_1y,easy_report_prompt,0,1,1,clicked_and_reported,3.1,19.6
4119,C4,2026-07-14,HR policy update,E0519,Finance,over_3y,loss_framing,1,1,0,clicked_only,64.1,
4120,C4,2026-07-14,HR policy update,E0520,Sales,1_to_3y,social_norm,0,0,0,no_action,,
4121,C4,2026-07-14,HR policy update,E0521,Marketing,over_3y,warning_banner,0,0,1,reported_only,,31.3
4122,C4,2026-07-14,HR policy update,E0522,Engineering,over_3y,none,1,0,0,no_action,,
4123,C4,2026-07-14,HR policy update,E0523,Executive Office,over_3y,none,0,0,0,no_action,,
4124,C4,2026-07-14,HR policy update,E0524,Legal & Compliance,over_3y,just_in_time_tip,1,0,0,no_action,,
4125,C4,2026-07-14,HR policy update,E0525,Engineering,under_1y,none,0,0,0,no_action,,
4126,C4,2026-07-14,HR policy update,E0526,Engineering,1_to_3y,loss_framing,1,0,1,reported_only,,4.3
4127,C4,2026-07-14,HR policy update,E0527,Marketing,under_1y,loss_framing,0,1,0,clicked_only,1.8,
4128,C4,2026-07-14,HR policy update,E0528,Executive Office,1_to_3y,none,1,0,0,no_action,,
4129,C4,2026-07-14,HR policy update,E0529,Sales,1_to_3y,easy_report_prompt,1,0,1,reported_only,,4.9
4130,C4,2026-07-14,HR policy update,E0530,Legal & Compliance,1_to_3y,none,1,0,0,no_action,,
4131,C4,2026-07-14,HR policy update,E0531,Operations,1_to_3y,loss_framing,1,0,0,no_action,,
4132,C4,2026-07-14,HR policy update,E0532,Operations,1_to_3y,none,0,0,0,no_action,,
4133,C4,2026-07-14,HR policy update,E0533,Engineering,over_3y,warning_banner,0,0,1,reported_only,,12.3
4134,C4,2026-07-14,HR policy update,E0534,Operations,under_1y,warning_banner,1,0,0,no_action,,
4135,C4,2026-07-14,HR policy update,E0535,Engineering,1_to_3y,loss_framing,1,0,0,no_action,,
4136,C4,2026-07-14,HR policy update,E0536,Engineering,over_3y,easy_report_prompt,1,0,1,reported_only,,13.2
4137,C4,2026-07-14,HR policy update,E0537,Sales,under_1y,warning_banner,1,0,0,no_action,,
4138,C4,2026-07-14,HR policy update,E0538,HR,1_to_3y,warning_banner,2,1,0,clicked_only,6.8,
4139,C4,2026-07-14,HR policy update,E0539,Operations,1_to_3y,none,1,0,1,reported_only,,122.3
4140,C4,2026-07-14,HR policy update,E0540,Sales,over_3y,warning_banner,0,0,0,no_action,,
4141,C4,2026-07-14,HR policy update,E0541,IT & Security,under_1y,none,0,1,0,clicked_only,0.5,
4142,C4,2026-07-14,HR policy update,E0542,Operations,under_1y,just_in_time_tip,1,0,0,no_action,,
4143,C4,2026-07-14,HR policy update,E0543,Customer Support,1_to_3y,warning_banner,0,0,0,no_action,,
4144,C4,2026-07-14,HR policy update,E0544,Customer Support,over_3y,social_norm,1,0,0,no_action,,
4145,C4,2026-07-14,HR policy update,E0545,HR,over_3y,loss_framing,1,0,1,reported_only,,381.4
4146,C4,2026-07-14,HR policy update,E0546,Marketing,1_to_3y,none,2,1,0,clicked_only,1.2,
4147,C4,2026-07-14,HR policy update,E0547,IT & Security,over_3y,warning_banner,0,0,0,no_action,,
4148,C4,2026-07-14,HR policy update,E0548,Customer Support,over_3y,warning_banner,0,0,0,no_action,,
4149,C4,2026-07-14,HR policy update,E0549,Sales,over_3y,warning_banner,1,0,0,no_action,,
4150,C4,2026-07-14,HR policy update,E0550,Sales,over_3y,none,0,0,0,no_action,,
4151,C4,2026-07-14,HR policy update,E0551,Executive Office,over_3y,none,0,0,0,no_action,,
4152,C4,2026-07-14,HR policy update,E0552,Operations,under_1y,easy_report_prompt,1,0,0,no_action,,
4153,C4,2026-07-14,HR policy update,E0553,Customer Support,over_3y,none,2,0,0,no_action,,
4154,C4,2026-07-14,HR policy update,E0554,Legal & Compliance,over_3y,none,1,0,0,no_action,,
4155,C4,2026-07-14,HR policy update,E0555,Marketing,under_1y,social_norm,0,0,0,no_action,,
4156,C4,2026-07-14,HR policy update,E0556,IT & Security,under_1y,none,0,0,0,no_action,,
4157,C4,2026-07-14,HR policy update,E0557,Engineering,under_1y,none,1,0,0,no_action,,
4158,C4,2026-07-14,HR policy update,E0558,Customer Support,1_to_3y,warning_banner,1,0,0,no_action,,
4159,C4,2026-07-14,HR policy update,E0559,IT & Security,under_1y,warning_banner,0,0,1,reported_only,,4.2
4160,C4,2026-07-14,HR policy update,E0560,Engineering,1_to_3y,easy_report_prompt,0,0,0,no_action,,
4161,C4,2026-07-14,HR policy update,E0561,Finance,under_1y,loss_framing,0,0,0,no_action,,
4162,C4,2026-07-14,HR policy update,E0562,Marketing,under_1y,just_in_time_tip,1,0,0,no_action,,
4163,C4,2026-07-14,HR policy update,E0563,Engineering,under_1y,just_in_time_tip,0,1,0,clicked_only,0.6,
4164,C4,2026-07-14,HR policy update,E0564,Legal & Compliance,under_1y,just_in_time_tip,0,0,0,no_action,,
4165,C4,2026-07-14,HR policy update,E0565,HR,over_3y,just_in_time_tip,0,0,1,reported_only,,51.3
4166,C4,2026-07-14,HR policy update,E0566,Engineering,over_3y,social_norm,0,0,0,no_action,,
4167,C4,2026-07-14,HR policy update,E0567,Customer Support,over_3y,none,1,1,1,clicked_and_reported,2.0,7.2
4168,C4,2026-07-14,HR policy update,E0568,Engineering,over_3y,none,2,1,0,clicked_only,1.7,
4169,C4,2026-07-14,HR policy update,E0569,Operations,1_to_3y,social_norm,1,0,0,no_action,,
4170,C4,2026-07-14,HR policy update,E0570,Operations,over_3y,warning_banner,0,1,0,clicked_only,6.7,
4171,C4,2026-07-14,HR policy update,E0571,Engineering,over_3y,none,1,0,0,no_action,,
4172,C4,2026-07-14,HR policy update,E0572,Customer Support,1_to_3y,none,1,0,0,no_action,,
4173,C4,2026-07-14,HR policy update,E0573,Customer Support,over_3y,just_in_time_tip,0,0,0,no_action,,
4174,C4,2026-07-14,HR policy update,E0574,Operations,1_to_3y,easy_report_prompt,1,1,0,clicked_only,0.3,
4175,C4,2026-07-14,HR policy update,E0575,Engineering,under_1y,warning_banner,0,0,0,no_action,,
4176,C4,2026-07-14,HR policy update,E0576,Customer Support,under_1y,social_norm,0,0,0,no_action,,
4177,C4,2026-07-14,HR policy update,E0577,Operations,over_3y,just_in_time_tip,0,1,0,clicked_only,5.5,
4178,C4,2026-07-14,HR policy update,E0578,Customer Support,1_to_3y,loss_framing,0,0,0,no_action,,
4179,C4,2026-07-14,HR policy update,E0579,Operations,over_3y,loss_framing,0,0,0,no_action,,
4180,C4,2026-07-14,HR policy update,E0580,Finance,1_to_3y,easy_report_prompt,0,0,1,reported_only,,36.2
4181,C4,2026-07-14,HR policy update,E0581,Sales,under_1y,just_in_time_tip,1,0,0,no_action,,
4182,C4,2026-07-14,HR policy update,E0582,Engineering,1_to_3y,social_norm,0,0,0,no_action,,
4183,C4,2026-07-14,HR policy update,E0583,Customer Support,under_1y,warning_banner,0,1,0,clicked_only,4.4,
4184,C4,2026-07-14,HR policy update,E0584,Sales,over_3y,loss_framing,1,1,0,clicked_only,19.3,
4185,C4,2026-07-14,HR policy update,E0585,IT & Security,1_to_3y,just_in_time_tip,0,0,1,reported_only,,4.5
4186,C4,2026-07-14,HR policy update,E0586,Engineering,over_3y,warning_banner,0,0,0,no_action,,
4187,C4,2026-07-14,HR policy update,E0587,Engineering,under_1y,loss_framing,1,0,1,reported_only,,3.2
4188,C4,2026-07-14,HR policy update,E0588,Engineering,under_1y,social_norm,0,0,0,no_action,,
4189,C4,2026-07-14,HR policy update,E0589,Customer Support,under_1y,none,0,0,0,no_action,,
4190,C4,2026-07-14,HR policy update,E0590,Finance,over_3y,social_norm,1,0,0,no_action,,
4191,C4,2026-07-14,HR policy update,E0591,Finance,1_to_3y,none,1,0,0,no_action,,
4192,C4,2026-07-14,HR policy update,E0592,Operations,1_to_3y,easy_report_prompt,1,1,0,clicked_only,29.9,
4193,C4,2026-07-14,HR policy update,E0593,Customer Support,1_to_3y,loss_framing,2,0,0,no_action,,
4194,C4,2026-07-14,HR policy update,E0594,Executive Office,under_1y,just_in_time_tip,2,0,0,no_action,,
4195,C4,2026-07-14,HR policy update,E0595,Sales,under_1y,none,1,0,0,no_action,,
4196,C4,2026-07-14,HR policy update,E0596,Operations,1_to_3y,loss_framing,1,0,0,no_action,,
4197,C4,2026-07-14,HR policy update,E0597,Operations,1_to_3y,warning_banner,0,0,0,no_action,,
4198,C4,2026-07-14,HR policy update,E0598,Engineering,over_3y,social_norm,1,0,0,no_action,,
4199,C4,2026-07-14,HR policy update,E0599,Finance,over_3y,easy_report_prompt,1,0,0,no_action,,
4200,C4,2026-07-14,HR policy update,E0600,IT & Security,over_3y,easy_report_prompt,0,0,0,no_action,,
4201,C4,2026-07-14,HR policy update,E0601,Engineering,under_1y,loss_framing,0,1,0,clicked_only,4.9,
4202,C4,2026-07-14,HR policy update,E0602,Finance,1_to_3y,social_norm,0,0,0,no_action,,
4203,C4,2026-07-14,HR policy update,E0603,Operations,under_1y,warning_banner,2,1,0,clicked_only,47.9,
4204,C4,2026-07-14,HR policy update,E0604,Sales,over_3y,social_norm,0,0,0,no_action,,
4205,C4,2026-07-14,HR policy update,E0605,Finance,1_to_3y,loss_framing,0,0,0,no_action,,
4206,C4,2026-07-14,HR policy update,E0606,Engineering,1_to_3y,loss_framing,0,0,0,no_action,,
4207,C4,2026-07-14,HR policy update,E0607,Engineering,1_to_3y,warning_banner,1,0,1,reported_only,,22.7
4208,C4,2026-07-14,HR policy update,E0608,Sales,under_1y,social_norm,0,0,0,no_action,,
4209,C4,2026-07-14,HR policy update,E0609,Legal & Compliance,over_3y,social_norm,2,0,1,reported_only,,7.7
4210,C4,2026-07-14,HR policy update,E0610,Customer Support,1_to_3y,none,0,0,0,no_action,,
4211,C4,2026-07-14,HR policy update,E0611,Engineering,1_to_3y,loss_framing,1,1,0,clicked_only,2.3,
4212,C4,2026-07-14,HR policy update,E0612,Executive Office,over_3y,just_in_time_tip,0,0,0,no_action,,
4213,C4,2026-07-14,HR policy update,E0613,Customer Support,1_to_3y,warning_banner,1,0,0,no_action,,
4214,C4,2026-07-14,HR policy update,E0614,HR,over_3y,easy_report_prompt,1,1,1,clicked_and_reported,5.5,9.8
4215,C4,2026-07-14,HR policy update,E0615,IT & Security,over_3y,none,1,0,1,reported_only,,19.8
4216,C4,2026-07-14,HR policy update,E0616,Operations,under_1y,loss_framing,0,0,0,no_action,,
4217,C4,2026-07-14,HR policy update,E0617,Engineering,1_to_3y,easy_report_prompt,0,0,0,no_action,,
4218,C4,2026-07-14,HR policy update,E0618,Marketing,under_1y,social_norm,0,1,0,clicked_only,12.9,
4219,C4,2026-07-14,HR policy update,E0619,Marketing,1_to_3y,none,0,0,0,no_action,,
4220,C4,2026-07-14,HR policy update,E0620,Sales,1_to_3y,none,0,0,0,no_action,,
4221,C4,2026-07-14,HR policy update,E0621,HR,over_3y,warning_banner,0,1,0,clicked_only,9.4,
4222,C4,2026-07-14,HR policy update,E0622,Marketing,1_to_3y,just_in_time_tip,0,0,0,no_action,,
4223,C4,2026-07-14,HR policy update,E0623,Sales,1_to_3y,easy_report_prompt,0,1,0,clicked_only,12.1,
4224,C4,2026-07-14,HR policy update,E0624,Customer Support,1_to_3y,social_norm,1,1,0,clicked_only,3.4,
4225,C4,2026-07-14,HR policy update,E0625,Finance,over_3y,loss_framing,0,0,0,no_action,,
4226,C4,2026-07-14,HR policy update,E0626,IT & Security,over_3y,warning_banner,0,0,0,no_action,,
4227,C4,2026-07-14,HR policy update,E0627,IT & Security,under_1y,social_norm,0,0,0,no_action,,
4228,C4,2026-07-14,HR policy update,E0628,Sales,over_3y,warning_banner,0,0,0,no_action,,
4229,C4,2026-07-14,HR policy update,E0629,Customer Support,under_1y,easy_report_prompt,1,0,0,no_action,,
4230,C4,2026-07-14,HR policy update,E0630,Finance,over_3y,loss_framing,1,0,0,no_action,,
4231,C4,2026-07-14,HR policy update,E0631,IT & Security,under_1y,loss_framing,0,0,1,reported_only,,11.7
4232,C4,2026-07-14,HR policy update,E0632,Operations,under_1y,loss_framing,0,0,0,no_action,,
4233,C4,2026-07-14,HR policy update,E0633,HR,over_3y,just_in_time_tip,0,0,0,no_action,,
4234,C4,2026-07-14,HR policy update,E0634,Engineering,over_3y,warning_banner,0,0,0,no_action,,
4235,C4,2026-07-14,HR policy update,E0635,Sales,1_to_3y,none,0,0,0,no_action,,
4236,C4,2026-07-14,HR policy update,E0636,Operations,under_1y,loss_framing,0,0,0,no_action,,
4237,C4,2026-07-14,HR policy update,E0637,Operations,1_to_3y,warning_banner,0,1,0,clicked_only,11.3,
4238,C4,2026-07-14,HR policy update,E0638,Marketing,1_to_3y,loss_framing,0,0,0,no_action,,
4239,C4,2026-07-14,HR policy update,E0639,HR,1_to_3y,just_in_time_tip,0,0,0,no_action,,
4240,C4,2026-07-14,HR policy update,E0640,Customer Support,under_1y,social_norm,2,0,1,reported_only,,55.5
4241,C4,2026-07-14,HR policy update,E0641,Engineering,1_to_3y,easy_report_prompt,0,0,1,reported_only,,2.7
4242,C4,2026-07-14,HR policy update,E0642,Operations,under_1y,loss_framing,1,1,0,clicked_only,12.5,
4243,C4,2026-07-14,HR policy update,E0643,Operations,under_1y,none,0,0,0,no_action,,
4244,C4,2026-07-14,HR policy update,E0644,Customer Support,over_3y,social_norm,1,0,0,no_action,,
4245,C4,2026-07-14,HR policy update,E0645,Sales,over_3y,social_norm,0,0,0,no_action,,
4246,C4,2026-07-14,HR policy update,E0646,Finance,over_3y,social_norm,0,0,0,no_action,,
4247,C4,2026-07-14,HR policy update,E0647,Customer Support,over_3y,easy_report_prompt,0,0,1,reported_only,,0.6
4248,C4,2026-07-14,HR policy update,E0648,Executive Office,1_to_3y,loss_framing,0,0,0,no_action,,
4249,C4,2026-07-14,HR policy update,E0649,Engineering,over_3y,easy_report_prompt,1,0,1,reported_only,,38.1
4250,C4,2026-07-14,HR policy update,E0650,Sales,over_3y,easy_report_prompt,0,0,0,no_action,,
4251,C4,2026-07-14,HR policy update,E0651,Sales,over_3y,just_in_time_tip,0,0,0,no_action,,
4252,C4,2026-07-14,HR policy update,E0652,Finance,1_to_3y,social_norm,1,0,0,no_action,,
4253,C4,2026-07-14,HR policy update,E0653,HR,over_3y,none,1,1,0,clicked_only,69.2,
4254,C4,2026-07-14,HR policy update,E0654,Executive Office,over_3y,social_norm,0,0,0,no_action,,
4255,C4,2026-07-14,HR policy update,E0655,HR,under_1y,easy_report_prompt,0,0,0,no_action,,
4256,C4,2026-07-14,HR policy update,E0656,Engineering,1_to_3y,just_in_time_tip,0,0,0,no_action,,
4257,C4,2026-07-14,HR policy update,E0657,Engineering,1_to_3y,social_norm,0,1,0,clicked_only,35.3,
4258,C4,2026-07-14,HR policy update,E0658,Engineering,under_1y,none,1,0,0,no_action,,
4259,C4,2026-07-14,HR policy update,E0659,Sales,1_to_3y,social_norm,1,0,0,no_action,,
4260,C4,2026-07-14,HR policy update,E0660,Operations,over_3y,none,1,0,0,no_action,,
4261,C4,2026-07-14,HR policy update,E0661,Finance,under_1y,social_norm,0,0,0,no_action,,
4262,C4,2026-07-14,HR policy update,E0662,Sales,1_to_3y,easy_report_prompt,0,0,1,reported_only,,15.8
4263,C4,2026-07-14,HR policy update,E0663,IT & Security,1_to_3y,none,1,0,1,reported_only,,7.2
4264,C4,2026-07-14,HR policy update,E0664,IT & Security,1_to_3y,easy_report_prompt,0,0,1,reported_only,,8.4
4265,C4,2026-07-14,HR policy update,E0665,Engineering,over_3y,warning_banner,2,0,0,no_action,,
4266,C4,2026-07-14,HR policy update,E0666,Operations,1_to_3y,warning_banner,0,1,0,clicked_only,1.6,
4267,C4,2026-07-14,HR policy update,E0667,Customer Support,1_to_3y,none,1,0,0,no_action,,
4268,C4,2026-07-14,HR policy update,E0668,Sales,over_3y,warning_banner,0,0,0,no_action,,
4269,C4,2026-07-14,HR policy update,E0669,Finance,over_3y,just_in_time_tip,0,0,1,reported_only,,97.8
4270,C4,2026-07-14,HR policy update,E0670,IT & Security,under_1y,loss_framing,0,0,0,no_action,,
4271,C4,2026-07-14,HR policy update,E0671,Operations,1_to_3y,none,1,0,0,no_action,,
4272,C4,2026-07-14,HR policy update,E0672,Operations,1_to_3y,easy_report_prompt,1,1,1,clicked_and_reported,0.5,3.3
4273,C4,2026-07-14,HR policy update,E0673,Engineering,1_to_3y,loss_framing,1,0,0,no_action,,
4274,C4,2026-07-14,HR policy update,E0674,Engineering,1_to_3y,social_norm,0,0,1,reported_only,,21.0
4275,C4,2026-07-14,HR policy update,E0675,Engineering,over_3y,just_in_time_tip,1,0,1,reported_only,,7.6
4276,C4,2026-07-14,HR policy update,E0676,Customer Support,1_to_3y,just_in_time_tip,0,0,0,no_action,,
4277,C4,2026-07-14,HR policy update,E0677,Engineering,under_1y,none,1,0,0,no_action,,
4278,C4,2026-07-14,HR policy update,E0678,Finance,under_1y,warning_banner,0,1,0,clicked_only,28.2,
4279,C4,2026-07-14,HR policy update,E0679,Sales,1_to_3y,social_norm,0,0,0,no_action,,
4280,C4,2026-07-14,HR policy update,E0680,IT & Security,over_3y,none,0,0,1,reported_only,,7.0
4281,C4,2026-07-14,HR policy update,E0681,Customer Support,under_1y,loss_framing,0,0,0,no_action,,
4282,C4,2026-07-14,HR policy update,E0682,Customer Support,under_1y,easy_report_prompt,0,0,1,reported_only,,6.8
4283,C4,2026-07-14,HR policy update,E0683,Operations,over_3y,social_norm,1,0,0,no_action,,
4284,C4,2026-07-14,HR policy update,E0684,Marketing,under_1y,warning_banner,1,1,0,clicked_only,6.0,
4285,C4,2026-07-14,HR policy update,E0685,Engineering,over_3y,loss_framing,0,0,0,no_action,,
4286,C4,2026-07-14,HR policy update,E0686,Marketing,under_1y,warning_banner,0,1,0,clicked_only,10.3,
4287,C4,2026-07-14,HR policy update,E0687,Marketing,over_3y,none,1,1,0,clicked_only,10.1,
4288,C4,2026-07-14,HR policy update,E0688,Sales,1_to_3y,none,1,1,0,clicked_only,26.4,
4289,C4,2026-07-14,HR policy update,E0689,Operations,under_1y,warning_banner,1,0,0,no_action,,
4290,C4,2026-07-14,HR policy update,E0690,Customer Support,over_3y,warning_banner,0,0,0,no_action,,
4291,C4,2026-07-14,HR policy update,E0691,HR,under_1y,warning_banner,1,0,0,no_action,,
4292,C4,2026-07-14,HR policy update,E0692,IT & Security,over_3y,warning_banner,0,0,0,no_action,,
4293,C4,2026-07-14,HR policy update,E0693,Engineering,over_3y,easy_report_prompt,1,0,0,no_action,,
4294,C4,2026-07-14,HR policy update,E0694,Sales,under_1y,just_in_time_tip,0,0,0,no_action,,
4295,C4,2026-07-14,HR policy update,E0695,Engineering,1_to_3y,social_norm,1,0,1,reported_only,,13.5
4296,C4,2026-07-14,HR policy update,E0696,Operations,over_3y,none,1,1,0,clicked_only,1.2,
4297,C4,2026-07-14,HR policy update,E0697,Finance,1_to_3y,loss_framing,1,0,0,no_action,,
4298,C4,2026-07-14,HR policy update,E0698,Sales,1_to_3y,loss_framing,0,0,0,no_action,,
4299,C4,2026-07-14,HR policy update,E0699,Sales,under_1y,loss_framing,1,0,0,no_action,,
4300,C4,2026-07-14,HR policy update,E0700,Marketing,1_to_3y,easy_report_prompt,0,0,0,no_action,,
4301,C4,2026-07-14,HR policy update,E0701,Operations,1_to_3y,none,0,0,0,no_action,,
4302,C4,2026-07-14,HR policy update,E0702,Marketing,over_3y,warning_banner,0,1,0,clicked_only,30.5,
4303,C4,2026-07-14,HR policy update,E0703,Marketing,over_3y,social_norm,2,0,0,no_action,,
4304,C4,2026-07-14,HR policy update,E0704,Marketing,over_3y,social_norm,1,0,0,no_action,,
4305,C4,2026-07-14,HR policy update,E0705,Finance,over_3y,easy_report_prompt,2,0,1,reported_only,,5.2
4306,C4,2026-07-14,HR policy update,E0706,Sales,over_3y,easy_report_prompt,0,0,1,reported_only,,4.6
4307,C4,2026-07-14,HR policy update,E0707,Operations,under_1y,warning_banner,0,0,0,no_action,,
4308,C4,2026-07-14,HR policy update,E0708,Customer Support,over_3y,social_norm,2,1,0,clicked_only,4.1,
4309,C4,2026-07-14,HR policy update,E0709,Sales,1_to_3y,none,1,0,0,no_action,,
4310,C4,2026-07-14,HR policy update,E0710,Engineering,1_to_3y,just_in_time_tip,1,0,0,no_action,,
4311,C4,2026-07-14,HR policy update,E0711,Operations,over_3y,easy_report_prompt,1,0,0,no_action,,
4312,C4,2026-07-14,HR policy update,E0712,Finance,1_to_3y,none,0,0,0,no_action,,
4313,C4,2026-07-14,HR policy update,E0713,Engineering,1_to_3y,just_in_time_tip,0,0,1,reported_only,,33.7
4314,C4,2026-07-14,HR policy update,E0714,Marketing,under_1y,warning_banner,1,1,0,clicked_only,11.1,
4315,C4,2026-07-14,HR policy update,E0715,Legal & Compliance,over_3y,loss_framing,1,0,0,no_action,,
4316,C4,2026-07-14,HR policy update,E0716,IT & Security,over_3y,none,0,0,0,no_action,,
4317,C4,2026-07-14,HR policy update,E0717,Engineering,over_3y,loss_framing,0,0,0,no_action,,
4318,C4,2026-07-14,HR policy update,E0718,Marketing,over_3y,just_in_time_tip,2,0,0,no_action,,
4319,C4,2026-07-14,HR policy update,E0719,Marketing,under_1y,loss_framing,1,0,0,no_action,,
4320,C4,2026-07-14,HR policy update,E0720,Engineering,1_to_3y,social_norm,0,0,0,no_action,,
4321,C4,2026-07-14,HR policy update,E0721,Sales,1_to_3y,just_in_time_tip,0,0,0,no_action,,
4322,C4,2026-07-14,HR policy update,E0722,Marketing,over_3y,easy_report_prompt,0,0,1,reported_only,,11.5
4323,C4,2026-07-14,HR policy update,E0723,Engineering,under_1y,none,0,0,0,no_action,,
4324,C4,2026-07-14,HR policy update,E0724,IT & Security,under_1y,warning_banner,0,0,0,no_action,,
4325,C4,2026-07-14,HR policy update,E0725,Marketing,over_3y,social_norm,2,0,0,no_action,,
4326,C4,2026-07-14,HR policy update,E0726,Operations,under_1y,easy_report_prompt,1,0,0,no_action,,
4327,C4,2026-07-14,HR policy update,E0727,HR,over_3y,just_in_time_tip,1,1,0,clicked_only,9.5,
4328,C4,2026-07-14,HR policy update,E0728,Executive Office,1_to_3y,easy_report_prompt,1,0,0,no_action,,
4329,C4,2026-07-14,HR policy update,E0729,Marketing,over_3y,just_in_time_tip,2,0,0,no_action,,
4330,C4,2026-07-14,HR policy update,E0730,Marketing,under_1y,loss_framing,0,0,0,no_action,,
4331,C4,2026-07-14,HR policy update,E0731,Marketing,over_3y,just_in_time_tip,1,1,0,clicked_only,83.1,
4332,C4,2026-07-14,HR policy update,E0732,Operations,over_3y,warning_banner,0,0,0,no_action,,
4333,C4,2026-07-14,HR policy update,E0733,Marketing,over_3y,social_norm,0,0,1,reported_only,,112.9
4334,C4,2026-07-14,HR policy update,E0734,Operations,1_to_3y,just_in_time_tip,0,0,0,no_action,,
4335,C4,2026-07-14,HR policy update,E0735,Customer Support,over_3y,social_norm,0,0,0,no_action,,
4336,C4,2026-07-14,HR policy update,E0736,Engineering,over_3y,easy_report_prompt,0,1,0,clicked_only,10.6,
4337,C4,2026-07-14,HR policy update,E0737,Customer Support,over_3y,just_in_time_tip,1,0,0,no_action,,
4338,C4,2026-07-14,HR policy update,E0738,Operations,1_to_3y,loss_framing,1,1,0,clicked_only,46.1,
4339,C4,2026-07-14,HR policy update,E0739,Sales,over_3y,social_norm,0,0,0,no_action,,
4340,C4,2026-07-14,HR policy update,E0740,Operations,over_3y,social_norm,0,0,0,no_action,,
4341,C4,2026-07-14,HR policy update,E0741,Engineering,over_3y,warning_banner,0,0,0,no_action,,
4342,C4,2026-07-14,HR policy update,E0742,Sales,1_to_3y,social_norm,1,0,0,no_action,,
4343,C4,2026-07-14,HR policy update,E0743,Engineering,over_3y,just_in_time_tip,1,0,1,reported_only,,1.2
4344,C4,2026-07-14,HR policy update,E0744,Sales,under_1y,just_in_time_tip,1,0,0,no_action,,
4345,C4,2026-07-14,HR policy update,E0745,Sales,1_to_3y,warning_banner,0,0,0,no_action,,
4346,C4,2026-07-14,HR policy update,E0746,Sales,over_3y,social_norm,0,1,0,clicked_only,6.1,
4347,C4,2026-07-14,HR policy update,E0747,Engineering,over_3y,loss_framing,1,0,0,no_action,,
4348,C4,2026-07-14,HR policy update,E0748,Finance,under_1y,none,0,0,0,no_action,,
4349,C4,2026-07-14,HR policy update,E0749,Engineering,1_to_3y,none,0,0,1,reported_only,,55.6
4350,C4,2026-07-14,HR policy update,E0750,Operations,over_3y,loss_framing,0,0,1,reported_only,,13.6
4351,C4,2026-07-14,HR policy update,E0751,Operations,over_3y,easy_report_prompt,0,0,0,no_action,,
4352,C4,2026-07-14,HR policy update,E0752,Sales,1_to_3y,warning_banner,0,0,0,no_action,,
4353,C4,2026-07-14,HR policy update,E0753,Finance,1_to_3y,just_in_time_tip,0,0,0,no_action,,
4354,C4,2026-07-14,HR policy update,E0754,Engineering,1_to_3y,loss_framing,0,1,0,clicked_only,74.0,
4355,C4,2026-07-14,HR policy update,E0755,Executive Office,under_1y,warning_banner,0,0,0,no_action,,
4356,C4,2026-07-14,HR policy update,E0756,Operations,under_1y,loss_framing,1,0,0,no_action,,
4357,C4,2026-07-14,HR policy update,E0757,Engineering,1_to_3y,just_in_time_tip,0,0,0,no_action,,
4358,C4,2026-07-14,HR policy update,E0758,Customer Support,over_3y,warning_banner,0,0,0,no_action,,
4359,C4,2026-07-14,HR policy update,E0759,Engineering,1_to_3y,easy_report_prompt,0,0,0,no_action,,
4360,C4,2026-07-14,HR policy update,E0760,Marketing,1_to_3y,easy_report_prompt,0,0,0,no_action,,
4361,C4,2026-07-14,HR policy update,E0761,Executive Office,over_3y,loss_framing,0,0,0,no_action,,
4362,C4,2026-07-14,HR policy update,E0762,Sales,1_to_3y,social_norm,1,0,0,no_action,,
4363,C4,2026-07-14,HR policy update,E0763,IT & Security,under_1y,just_in_time_tip,1,0,1,reported_only,,4.0
4364,C4,2026-07-14,HR policy update,E0764,IT & Security,over_3y,loss_framing,1,0,1,reported_only,,11.0
4365,C4,2026-07-14,HR policy update,E0765,Engineering,under_1y,loss_framing,0,0,0,no_action,,
4366,C4,2026-07-14,HR policy update,E0766,Operations,under_1y,loss_framing,0,0,0,no_action,,
4367,C4,2026-07-14,HR policy update,E0767,Marketing,over_3y,social_norm,0,0,0,no_action,,
4368,C4,2026-07-14,HR policy update,E0768,IT & Security,1_to_3y,social_norm,0,0,0,no_action,,
4369,C4,2026-07-14,HR policy update,E0769,Engineering,over_3y,loss_framing,0,0,0,no_action,,
4370,C4,2026-07-14,HR policy update,E0770,Operations,1_to_3y,just_in_time_tip,2,0,0,no_action,,
4371,C4,2026-07-14,HR policy update,E0771,Operations,over_3y,none,1,0,0,no_action,,
4372,C4,2026-07-14,HR policy update,E0772,Customer Support,under_1y,warning_banner,0,0,0,no_action,,
4373,C4,2026-07-14,HR policy update,E0773,Legal & Compliance,over_3y,just_in_time_tip,0,0,0,no_action,,
4374,C4,2026-07-14,HR policy update,E0774,Sales,over_3y,social_norm,1,0,0,no_action,,
4375,C4,2026-07-14,HR policy update,E0775,Customer Support,over_3y,none,0,1,0,clicked_only,6.1,
4376,C4,2026-07-14,HR policy update,E0776,Operations,under_1y,none,1,1,0,clicked_only,2.6,
4377,C4,2026-07-14,HR policy update,E0777,IT & Security,1_to_3y,easy_report_prompt,1,0,0,no_action,,
4378,C4,2026-07-14,HR policy update,E0778,Customer Support,under_1y,warning_banner,2,0,0,no_action,,
4379,C4,2026-07-14,HR policy update,E0779,Marketing,over_3y,just_in_time_tip,1,0,0,no_action,,
4380,C4,2026-07-14,HR policy update,E0780,Engineering,1_to_3y,easy_report_prompt,2,0,0,no_action,,
4381,C4,2026-07-14,HR policy update,E0781,Engineering,1_to_3y,loss_framing,1,0,0,no_action,,
4382,C4,2026-07-14,HR policy update,E0782,Finance,1_to_3y,none,0,0,0,no_action,,
4383,C4,2026-07-14,HR policy update,E0783,Sales,over_3y,just_in_time_tip,1,1,0,clicked_only,10.0,
4384,C4,2026-07-14,HR policy update,E0784,Operations,1_to_3y,warning_banner,2,0,0,no_action,,
4385,C4,2026-07-14,HR policy update,E0785,Customer Support,under_1y,none,0,0,0,no_action,,
4386,C4,2026-07-14,HR policy update,E0786,Sales,1_to_3y,easy_report_prompt,1,1,1,clicked_and_reported,4.7,10.4
4387,C4,2026-07-14,HR policy update,E0787,Customer Support,over_3y,loss_framing,1,0,0,no_action,,
4388,C4,2026-07-14,HR policy update,E0788,Customer Support,1_to_3y,social_norm,0,0,0,no_action,,
4389,C4,2026-07-14,HR policy update,E0789,Customer Support,under_1y,warning_banner,0,1,0,clicked_only,67.8,
4390,C4,2026-07-14,HR policy update,E0790,Engineering,1_to_3y,social_norm,0,1,0,clicked_only,4.1,
4391,C4,2026-07-14,HR policy update,E0791,Finance,1_to_3y,just_in_time_tip,1,0,0,no_action,,
4392,C4,2026-07-14,HR policy update,E0792,Sales,under_1y,warning_banner,1,1,0,clicked_only,1.9,
4393,C4,2026-07-14,HR policy update,E0793,Operations,over_3y,loss_framing,0,0,0,no_action,,
4394,C4,2026-07-14,HR policy update,E0794,Engineering,over_3y,easy_report_prompt,1,1,0,clicked_only,1.8,
4395,C4,2026-07-14,HR policy update,E0795,Marketing,under_1y,social_norm,0,1,0,clicked_only,2.1,
4396,C4,2026-07-14,HR policy update,E0796,Sales,over_3y,easy_report_prompt,0,0,0,no_action,,
4397,C4,2026-07-14,HR policy update,E0797,HR,1_to_3y,easy_report_prompt,0,1,0,clicked_only,2.7,
4398,C4,2026-07-14,HR policy update,E0798,Sales,1_to_3y,loss_framing,0,0,0,no_action,,
4399,C4,2026-07-14,HR policy update,E0799,Operations,1_to_3y,social_norm,1,0,0,no_action,,
4400,C4,2026-07-14,HR policy update,E0800,IT & Security,under_1y,loss_framing,1,0,1,reported_only,,19.3
4401,C4,2026-07-14,HR policy update,E0801,Legal & Compliance,1_to_3y,loss_framing,1,0,0,no_action,,
4402,C4,2026-07-14,HR policy update,E0802,IT & Security,over_3y,social_norm,0,0,0,no_action,,
4403,C4,2026-07-14,HR policy update,E0803,Marketing,1_to_3y,easy_report_prompt,0,0,0,no_action,,
4404,C4,2026-07-14,HR policy update,E0804,IT & Security,over_3y,loss_framing,1,0,1,reported_only,,8.3
4405,C4,2026-07-14,HR policy update,E0805,Customer Support,1_to_3y,easy_report_prompt,0,0,0,no_action,,
4406,C4,2026-07-14,HR policy update,E0806,Sales,1_to_3y,just_in_time_tip,2,1,0,clicked_only,4.2,
4407,C4,2026-07-14,HR policy update,E0807,Operations,1_to_3y,loss_framing,0,0,0,no_action,,
4408,C4,2026-07-14,HR policy update,E0808,Engineering,over_3y,just_in_time_tip,2,0,1,reported_only,,5.5
4409,C4,2026-07-14,HR policy update,E0809,HR,over_3y,none,1,1,0,clicked_only,3.5,
4410,C4,2026-07-14,HR policy update,E0810,Marketing,1_to_3y,warning_banner,0,0,0,no_action,,
4411,C4,2026-07-14,HR policy update,E0811,Marketing,under_1y,loss_framing,1,1,0,clicked_only,16.3,
4412,C4,2026-07-14,HR policy update,E0812,Operations,1_to_3y,loss_framing,0,0,0,no_action,,
4413,C4,2026-07-14,HR policy update,E0813,Operations,1_to_3y,easy_report_prompt,1,0,1,reported_only,,3.4
4414,C4,2026-07-14,HR policy update,E0814,IT & Security,under_1y,just_in_time_tip,1,0,0,no_action,,
4415,C4,2026-07-14,HR policy update,E0815,Customer Support,under_1y,loss_framing,1,0,1,reported_only,,15.1
4416,C4,2026-07-14,HR policy update,E0816,Engineering,over_3y,social_norm,0,1,1,clicked_and_reported,62.8,79.5
4417,C4,2026-07-14,HR policy update,E0817,Customer Support,1_to_3y,warning_banner,1,0,0,no_action,,
4418,C4,2026-07-14,HR policy update,E0818,Finance,over_3y,easy_report_prompt,1,0,0,no_action,,
4419,C4,2026-07-14,HR policy update,E0819,Customer Support,1_to_3y,loss_framing,0,0,1,reported_only,,63.2
4420,C4,2026-07-14,HR policy update,E0820,Operations,under_1y,social_norm,1,0,0,no_action,,
4421,C4,2026-07-14,HR policy update,E0821,Finance,over_3y,warning_banner,1,0,1,reported_only,,9.7
4422,C4,2026-07-14,HR policy update,E0822,Sales,under_1y,easy_report_prompt,0,0,0,no_action,,
4423,C4,2026-07-14,HR policy update,E0823,Finance,1_to_3y,loss_framing,1,1,0,clicked_only,27.3,
4424,C4,2026-07-14,HR policy update,E0824,Sales,1_to_3y,warning_banner,1,1,0,clicked_only,1.0,
4425,C4,2026-07-14,HR policy update,E0825,Sales,under_1y,loss_framing,1,0,1,reported_only,,29.4
4426,C4,2026-07-14,HR policy update,E0826,Operations,over_3y,easy_report_prompt,0,0,0,no_action,,
4427,C4,2026-07-14,HR policy update,E0827,Engineering,1_to_3y,just_in_time_tip,0,1,0,clicked_only,1.1,
4428,C4,2026-07-14,HR policy update,E0828,Operations,over_3y,just_in_time_tip,0,0,0,no_action,,
4429,C4,2026-07-14,HR policy update,E0829,Sales,1_to_3y,just_in_time_tip,0,1,0,clicked_only,21.3,
4430,C4,2026-07-14,HR policy update,E0830,IT & Security,1_to_3y,social_norm,1,0,1,reported_only,,10.4
4431,C4,2026-07-14,HR policy update,E0831,Customer Support,over_3y,social_norm,0,0,0,no_action,,
4432,C4,2026-07-14,HR policy update,E0832,Marketing,under_1y,warning_banner,0,0,0,no_action,,
4433,C4,2026-07-14,HR policy update,E0833,IT & Security,1_to_3y,none,0,0,0,no_action,,
4434,C4,2026-07-14,HR policy update,E0834,Sales,1_to_3y,easy_report_prompt,1,0,0,no_action,,
4435,C4,2026-07-14,HR policy update,E0835,Engineering,under_1y,social_norm,2,1,0,clicked_only,4.4,
4436,C4,2026-07-14,HR policy update,E0836,Marketing,1_to_3y,easy_report_prompt,2,1,0,clicked_only,30.0,
4437,C4,2026-07-14,HR policy update,E0837,Sales,over_3y,loss_framing,1,1,0,clicked_only,3.7,
4438,C4,2026-07-14,HR policy update,E0838,IT & Security,over_3y,just_in_time_tip,0,0,1,reported_only,,0.2
4439,C4,2026-07-14,HR policy update,E0839,Marketing,1_to_3y,easy_report_prompt,1,0,0,no_action,,
4440,C4,2026-07-14,HR policy update,E0840,Sales,under_1y,warning_banner,0,0,0,no_action,,
4441,C4,2026-07-14,HR policy update,E0841,Customer Support,under_1y,none,0,1,0,clicked_only,82.2,
4442,C4,2026-07-14,HR policy update,E0842,Legal & Compliance,over_3y,easy_report_prompt,1,0,1,reported_only,,8.6
4443,C4,2026-07-14,HR policy update,E0843,Engineering,over_3y,none,0,0,0,no_action,,
4444,C4,2026-07-14,HR policy update,E0844,Customer Support,over_3y,social_norm,0,1,0,clicked_only,2.2,
4445,C4,2026-07-14,HR policy update,E0845,Finance,1_to_3y,none,1,1,0,clicked_only,1.4,
4446,C4,2026-07-14,HR policy update,E0846,Customer Support,under_1y,social_norm,1,0,0,no_action,,
4447,C4,2026-07-14,HR policy update,E0847,Engineering,1_to_3y,easy_report_prompt,2,0,1,reported_only,,26.1
4448,C4,2026-07-14,HR policy update,E0848,Customer Support,1_to_3y,easy_report_prompt,2,1,0,clicked_only,4.0,
4449,C4,2026-07-14,HR policy update,E0849,Finance,under_1y,easy_report_prompt,0,0,0,no_action,,
4450,C4,2026-07-14,HR policy update,E0850,Sales,1_to_3y,loss_framing,0,0,0,no_action,,
4451,C4,2026-07-14,HR policy update,E0851,Sales,over_3y,social_norm,2,0,0,no_action,,
4452,C4,2026-07-14,HR policy update,E0852,Engineering,under_1y,none,0,0,0,no_action,,
4453,C4,2026-07-14,HR policy update,E0853,Operations,1_to_3y,none,0,0,0,no_action,,
4454,C4,2026-07-14,HR policy update,E0854,HR,1_to_3y,easy_report_prompt,0,0,0,no_action,,
4455,C4,2026-07-14,HR policy update,E0855,Sales,over_3y,warning_banner,0,0,0,no_action,,
4456,C4,2026-07-14,HR policy update,E0856,Customer Support,1_to_3y,just_in_time_tip,0,0,0,no_action,,
4457,C4,2026-07-14,HR policy update,E0857,Marketing,over_3y,easy_report_prompt,1,0,0,no_action,,
4458,C4,2026-07-14,HR policy update,E0858,Engineering,1_to_3y,loss_framing,2,0,0,no_action,,
4459,C4,2026-07-14,HR policy update,E0859,Customer Support,1_to_3y,loss_framing,1,1,0,clicked_only,10.4,
4460,C4,2026-07-14,HR policy update,E0860,Customer Support,under_1y,just_in_time_tip,0,1,0,clicked_only,17.4,
4461,C4,2026-07-14,HR policy update,E0861,HR,1_to_3y,none,0,0,0,no_action,,
4462,C4,2026-07-14,HR policy update,E0862,Finance,over_3y,just_in_time_tip,2,0,1,reported_only,,236.1
4463,C4,2026-07-14,HR policy update,E0863,Engineering,over_3y,none,1,1,1,clicked_and_reported,3.0,4.1
4464,C4,2026-07-14,HR policy update,E0864,Operations,over_3y,loss_framing,0,0,0,no_action,,
4465,C4,2026-07-14,HR policy update,E0865,Engineering,over_3y,easy_report_prompt,1,1,0,clicked_only,4.8,
4466,C4,2026-07-14,HR policy update,E0866,Legal & Compliance,under_1y,easy_report_prompt,0,0,0,no_action,,
4467,C4,2026-07-14,HR policy update,E0867,Customer Support,over_3y,loss_framing,2,0,0,no_action,,
4468,C4,2026-07-14,HR policy update,E0868,Sales,over_3y,social_norm,0,0,0,no_action,,
4469,C4,2026-07-14,HR policy update,E0869,Customer Support,over_3y,loss_framing,0,0,0,no_action,,
4470,C4,2026-07-14,HR policy update,E0870,IT & Security,over_3y,easy_report_prompt,0,0,1,reported_only,,9.9
4471,C4,2026-07-14,HR policy update,E0871,Sales,under_1y,easy_report_prompt,1,1,0,clicked_only,100.9,
4472,C4,2026-07-14,HR policy update,E0872,IT & Security,under_1y,easy_report_prompt,0,0,0,no_action,,
4473,C4,2026-07-14,HR policy update,E0873,Marketing,over_3y,easy_report_prompt,0,1,0,clicked_only,1.6,
4474,C4,2026-07-14,HR policy update,E0874,Customer Support,1_to_3y,none,1,0,0,no_action,,
4475,C4,2026-07-14,HR policy update,E0875,Sales,over_3y,warning_banner,0,1,0,clicked_only,8.1,
4476,C4,2026-07-14,HR policy update,E0876,Finance,1_to_3y,warning_banner,0,1,0,clicked_only,11.9,
4477,C4,2026-07-14,HR policy update,E0877,Customer Support,1_to_3y,easy_report_prompt,2,0,1,reported_only,,20.5
4478,C4,2026-07-14,HR policy update,E0878,Sales,over_3y,social_norm,0,0,0,no_action,,
4479,C4,2026-07-14,HR policy update,E0879,Operations,1_to_3y,just_in_time_tip,0,1,0,clicked_only,27.7,
4480,C4,2026-07-14,HR policy update,E0880,Executive Office,under_1y,social_norm,0,1,0,clicked_only,4.7,
4481,C4,2026-07-14,HR policy update,E0881,Marketing,1_to_3y,just_in_time_tip,1,0,1,reported_only,,28.4
4482,C4,2026-07-14,HR policy update,E0882,Operations,under_1y,just_in_time_tip,1,0,0,no_action,,
4483,C4,2026-07-14,HR policy update,E0883,Sales,over_3y,warning_banner,0,0,0,no_action,,
4484,C4,2026-07-14,HR policy update,E0884,Finance,over_3y,easy_report_prompt,0,0,1,reported_only,,9.3
4485,C4,2026-07-14,HR policy update,E0885,IT & Security,under_1y,social_norm,0,0,0,no_action,,
4486,C4,2026-07-14,HR policy update,E0886,Operations,1_to_3y,warning_banner,1,0,0,no_action,,
4487,C4,2026-07-14,HR policy update,E0887,Sales,over_3y,easy_report_prompt,0,1,0,clicked_only,16.4,
4488,C4,2026-07-14,HR policy update,E0888,Customer Support,under_1y,just_in_time_tip,0,0,0,no_action,,
4489,C4,2026-07-14,HR policy update,E0889,Operations,under_1y,warning_banner,1,0,1,reported_only,,8.6
4490,C4,2026-07-14,HR policy update,E0890,Customer Support,under_1y,easy_report_prompt,1,0,1,reported_only,,15.6
4491,C4,2026-07-14,HR policy update,E0891,Operations,over_3y,none,2,1,0,clicked_only,3.2,
4492,C4,2026-07-14,HR policy update,E0892,Executive Office,1_to_3y,social_norm,1,0,0,no_action,,
4493,C4,2026-07-14,HR policy update,E0893,Finance,under_1y,none,0,1,0,clicked_only,4.8,
4494,C4,2026-07-14,HR policy update,E0894,Operations,under_1y,loss_framing,0,0,0,no_action,,
4495,C4,2026-07-14,HR policy update,E0895,Engineering,under_1y,social_norm,0,0,1,reported_only,,4.7
4496,C4,2026-07-14,HR policy update,E0896,Marketing,1_to_3y,none,1,0,0,no_action,,
4497,C4,2026-07-14,HR policy update,E0897,Sales,under_1y,warning_banner,1,0,1,reported_only,,90.8
4498,C4,2026-07-14,HR policy update,E0898,Executive Office,over_3y,easy_report_prompt,0,0,0,no_action,,
4499,C4,2026-07-14,HR policy update,E0899,IT & Security,over_3y,social_norm,0,0,0,no_action,,
4500,C4,2026-07-14,HR policy update,E0900,Sales,over_3y,none,0,0,1,reported_only,,97.9
4501,C4,2026-07-14,HR policy update,E0901,Operations,1_to_3y,just_in_time_tip,2,0,1,reported_only,,4.3
4502,C4,2026-07-14,HR policy update,E0902,HR,under_1y,social_norm,0,0,0,no_action,,
4503,C4,2026-07-14,HR policy update,E0903,Engineering,1_to_3y,warning_banner,1,0,0,no_action,,
4504,C4,2026-07-14,HR policy update,E0904,Operations,1_to_3y,social_norm,0,0,0,no_action,,
4505,C4,2026-07-14,HR policy update,E0905,Customer Support,under_1y,social_norm,0,0,0,no_action,,
4506,C4,2026-07-14,HR policy update,E0906,Engineering,under_1y,social_norm,0,0,0,no_action,,
4507,C4,2026-07-14,HR policy update,E0907,Operations,over_3y,none,1,0,0,no_action,,
4508,C4,2026-07-14,HR policy update,E0908,Operations,1_to_3y,social_norm,1,0,1,reported_only,,32.3
4509,C4,2026-07-14,HR policy update,E0909,IT & Security,over_3y,easy_report_prompt,2,0,1,reported_only,,5.9
4510,C4,2026-07-14,HR policy update,E0910,Operations,1_to_3y,just_in_time_tip,0,0,0,no_action,,
4511,C4,2026-07-14,HR policy update,E0911,IT & Security,1_to_3y,social_norm,0,0,1,reported_only,,11.9
4512,C4,2026-07-14,HR policy update,E0912,Operations,over_3y,warning_banner,0,0,0,no_action,,
4513,C4,2026-07-14,HR policy update,E0913,Legal & Compliance,1_to_3y,loss_framing,0,0,0,no_action,,
4514,C4,2026-07-14,HR policy update,E0914,Finance,1_to_3y,easy_report_prompt,0,0,1,reported_only,,2.8
4515,C4,2026-07-14,HR policy update,E0915,Engineering,over_3y,just_in_time_tip,1,0,0,no_action,,
4516,C4,2026-07-14,HR policy update,E0916,Executive Office,over_3y,just_in_time_tip,0,1,0,clicked_only,9.1,
4517,C4,2026-07-14,HR policy update,E0917,HR,over_3y,none,0,0,0,no_action,,
4518,C4,2026-07-14,HR policy update,E0918,Customer Support,over_3y,none,0,0,0,no_action,,
4519,C4,2026-07-14,HR policy update,E0919,Operations,1_to_3y,easy_report_prompt,0,0,0,no_action,,
4520,C4,2026-07-14,HR policy update,E0920,Engineering,1_to_3y,easy_report_prompt,1,0,0,no_action,,
4521,C4,2026-07-14,HR policy update,E0921,Sales,over_3y,none,0,0,0,no_action,,
4522,C4,2026-07-14,HR policy update,E0922,Engineering,over_3y,warning_banner,0,0,0,no_action,,
4523,C4,2026-07-14,HR policy update,E0923,Customer Support,under_1y,loss_framing,1,1,0,clicked_only,14.2,
4524,C4,2026-07-14,HR policy update,E0924,HR,over_3y,easy_report_prompt,1,0,0,no_action,,
4525,C4,2026-07-14,HR policy update,E0925,Customer Support,over_3y,social_norm,1,0,0,no_action,,
4526,C4,2026-07-14,HR policy update,E0926,Customer Support,1_to_3y,none,1,0,0,no_action,,
4527,C4,2026-07-14,HR policy update,E0927,Sales,1_to_3y,social_norm,3,0,0,no_action,,
4528,C4,2026-07-14,HR policy update,E0928,HR,1_to_3y,just_in_time_tip,1,1,0,clicked_only,1.9,
4529,C4,2026-07-14,HR policy update,E0929,Finance,1_to_3y,social_norm,1,0,0,no_action,,
4530,C4,2026-07-14,HR policy update,E0930,Sales,1_to_3y,none,2,0,0,no_action,,
4531,C4,2026-07-14,HR policy update,E0931,Sales,under_1y,easy_report_prompt,2,1,0,clicked_only,33.4,
4532,C4,2026-07-14,HR policy update,E0932,HR,over_3y,social_norm,0,1,0,clicked_only,5.2,
4533,C4,2026-07-14,HR policy update,E0933,Engineering,over_3y,easy_report_prompt,0,0,0,no_action,,
4534,C4,2026-07-14,HR policy update,E0934,Operations,over_3y,loss_framing,2,0,0,no_action,,
4535,C4,2026-07-14,HR policy update,E0935,Finance,over_3y,social_norm,2,0,1,reported_only,,2.3
4536,C4,2026-07-14,HR policy update,E0936,Marketing,1_to_3y,loss_framing,0,0,0,no_action,,
4537,C4,2026-07-14,HR policy update,E0937,Sales,over_3y,easy_report_prompt,0,0,0,no_action,,
4538,C4,2026-07-14,HR policy update,E0938,Finance,1_to_3y,none,1,1,0,clicked_only,3.4,
4539,C4,2026-07-14,HR policy update,E0939,Finance,over_3y,none,0,0,0,no_action,,
4540,C4,2026-07-14,HR policy update,E0940,Operations,1_to_3y,warning_banner,1,0,0,no_action,,
4541,C4,2026-07-14,HR policy update,E0941,Finance,1_to_3y,social_norm,2,0,0,no_action,,
4542,C4,2026-07-14,HR policy update,E0942,Sales,over_3y,loss_framing,0,0,0,no_action,,
4543,C4,2026-07-14,HR policy update,E0943,Operations,1_to_3y,none,0,0,0,no_action,,
4544,C4,2026-07-14,HR policy update,E0944,Sales,1_to_3y,none,2,1,0,clicked_only,8.3,
4545,C4,2026-07-14,HR policy update,E0945,Engineering,1_to_3y,just_in_time_tip,1,0,1,reported_only,,48.2
4546,C4,2026-07-14,HR policy update,E0946,Customer Support,under_1y,easy_report_prompt,2,0,0,no_action,,
4547,C4,2026-07-14,HR policy update,E0947,HR,1_to_3y,loss_framing,0,1,0,clicked_only,12.4,
4548,C4,2026-07-14,HR policy update,E0948,Operations,1_to_3y,loss_framing,1,1,0,clicked_only,9.9,
4549,C4,2026-07-14,HR policy update,E0949,IT & Security,1_to_3y,warning_banner,0,0,1,reported_only,,4.9
4550,C4,2026-07-14,HR policy update,E0950,Finance,1_to_3y,loss_framing,0,0,0,no_action,,
4551,C4,2026-07-14,HR policy update,E0951,Engineering,under_1y,loss_framing,0,0,0,no_action,,
4552,C4,2026-07-14,HR policy update,E0952,Customer Support,1_to_3y,loss_framing,0,0,0,no_action,,
4553,C4,2026-07-14,HR policy update,E0953,Operations,over_3y,just_in_time_tip,0,0,0,no_action,,
4554,C4,2026-07-14,HR policy update,E0954,IT & Security,1_to_3y,social_norm,1,0,0,no_action,,
4555,C4,2026-07-14,HR policy update,E0955,Finance,under_1y,just_in_time_tip,0,0,0,no_action,,
4556,C4,2026-07-14,HR policy update,E0956,Operations,under_1y,loss_framing,1,1,0,clicked_only,5.0,
4557,C4,2026-07-14,HR policy update,E0957,Engineering,1_to_3y,loss_framing,0,0,0,no_action,,
4558,C4,2026-07-14,HR policy update,E0958,Operations,1_to_3y,none,0,0,1,reported_only,,44.3
4559,C4,2026-07-14,HR policy update,E0959,Finance,1_to_3y,none,0,0,0,no_action,,
4560,C4,2026-07-14,HR policy update,E0960,Operations,1_to_3y,social_norm,0,0,1,reported_only,,21.5
4561,C4,2026-07-14,HR policy update,E0961,HR,1_to_3y,warning_banner,1,0,1,reported_only,,53.7
4562,C4,2026-07-14,HR policy update,E0962,Sales,1_to_3y,loss_framing,0,0,0,no_action,,
4563,C4,2026-07-14,HR policy update,E0963,Finance,1_to_3y,warning_banner,1,1,0,clicked_only,2.5,
4564,C4,2026-07-14,HR policy update,E0964,Engineering,over_3y,easy_report_prompt,1,0,1,reported_only,,12.3
4565,C4,2026-07-14,HR policy update,E0965,IT & Security,under_1y,none,1,0,0,no_action,,
4566,C4,2026-07-14,HR policy update,E0966,Marketing,over_3y,none,0,0,0,no_action,,
4567,C4,2026-07-14,HR policy update,E0967,Operations,over_3y,none,0,1,0,clicked_only,81.2,
4568,C4,2026-07-14,HR policy update,E0968,Sales,1_to_3y,warning_banner,0,0,0,no_action,,
4569,C4,2026-07-14,HR policy update,E0969,IT & Security,under_1y,just_in_time_tip,2,0,0,no_action,,
4570,C4,2026-07-14,HR policy update,E0970,Customer Support,over_3y,warning_banner,0,0,0,no_action,,
4571,C4,2026-07-14,HR policy update,E0971,Sales,over_3y,none,0,0,0,no_action,,
4572,C4,2026-07-14,HR policy update,E0972,Customer Support,over_3y,just_in_time_tip,1,0,1,reported_only,,41.1
4573,C4,2026-07-14,HR policy update,E0973,IT & Security,under_1y,just_in_time_tip,0,0,1,reported_only,,4.5
4574,C4,2026-07-14,HR policy update,E0974,Sales,1_to_3y,warning_banner,0,0,0,no_action,,
4575,C4,2026-07-14,HR policy update,E0975,IT & Security,1_to_3y,easy_report_prompt,0,0,1,reported_only,,2.0
4576,C4,2026-07-14,HR policy update,E0976,Customer Support,under_1y,loss_framing,0,0,0,no_action,,
4577,C4,2026-07-14,HR policy update,E0977,Operations,over_3y,loss_framing,1,0,0,no_action,,
4578,C4,2026-07-14,HR policy update,E0978,Customer Support,1_to_3y,easy_report_prompt,0,0,0,no_action,,
4579,C4,2026-07-14,HR policy update,E0979,Sales,over_3y,warning_banner,0,0,0,no_action,,
4580,C4,2026-07-14,HR policy update,E0980,Operations,1_to_3y,none,0,1,0,clicked_only,1.0,
4581,C4,2026-07-14,HR policy update,E0981,Customer Support,1_to_3y,easy_report_prompt,0,1,0,clicked_only,5.4,
4582,C4,2026-07-14,HR policy update,E0982,Sales,1_to_3y,warning_banner,1,0,0,no_action,,
4583,C4,2026-07-14,HR policy update,E0983,IT & Security,1_to_3y,loss_framing,2,0,1,reported_only,,25.5
4584,C4,2026-07-14,HR policy update,E0984,HR,1_to_3y,just_in_time_tip,0,0,1,reported_only,,35.5
4585,C4,2026-07-14,HR policy update,E0985,Marketing,under_1y,none,1,0,0,no_action,,
4586,C4,2026-07-14,HR policy update,E0986,HR,over_3y,just_in_time_tip,0,0,0,no_action,,
4587,C4,2026-07-14,HR policy update,E0987,IT & Security,over_3y,just_in_time_tip,0,0,1,reported_only,,9.3
4588,C4,2026-07-14,HR policy update,E0988,Engineering,over_3y,social_norm,0,0,0,no_action,,
4589,C4,2026-07-14,HR policy update,E0989,Customer Support,1_to_3y,social_norm,0,1,0,clicked_only,4.9,
4590,C4,2026-07-14,HR policy update,E0990,HR,1_to_3y,easy_report_prompt,0,0,0,no_action,,
4591,C4,2026-07-14,HR policy update,E0991,Engineering,over_3y,loss_framing,0,1,0,clicked_only,1.6,
4592,C4,2026-07-14,HR policy update,E0992,Marketing,over_3y,loss_framing,0,0,0,no_action,,
4593,C4,2026-07-14,HR policy update,E0993,Sales,over_3y,loss_framing,0,0,0,no_action,,
4594,C4,2026-07-14,HR policy update,E0994,Sales,under_1y,warning_banner,1,1,0,clicked_only,2.5,
4595,C4,2026-07-14,HR policy update,E0995,Sales,over_3y,social_norm,0,0,0,no_action,,
4596,C4,2026-07-14,HR policy update,E0996,Executive Office,1_to_3y,just_in_time_tip,0,1,0,clicked_only,6.6,
4597,C4,2026-07-14,HR policy update,E0997,Marketing,under_1y,just_in_time_tip,1,0,0,no_action,,
4598,C4,2026-07-14,HR policy update,E0998,Sales,1_to_3y,loss_framing,1,1,0,clicked_only,1.7,
4599,C4,2026-07-14,HR policy update,E0999,Engineering,over_3y,warning_banner,0,0,1,reported_only,,8.0
4600,C4,2026-07-14,HR policy update,E1000,Operations,1_to_3y,none,0,0,0,no_action,,
4601,C4,2026-07-14,HR policy update,E1001,Sales,over_3y,just_in_time_tip,1,0,0,no_action,,
4602,C4,2026-07-14,HR policy update,E1002,Customer Support,1_to_3y,warning_banner,0,0,0,no_action,,
4603,C4,2026-07-14,HR policy update,E1003,Sales,under_1y,loss_framing,1,0,0,no_action,,
4604,C4,2026-07-14,HR policy update,E1004,Operations,over_3y,none,2,0,0,no_action,,
4605,C4,2026-07-14,HR policy update,E1005,IT & Security,1_to_3y,loss_framing,0,0,1,reported_only,,11.1
4606,C4,2026-07-14,HR policy update,E1006,Operations,under_1y,none,1,0,0,no_action,,
4607,C4,2026-07-14,HR policy update,E1007,Sales,over_3y,warning_banner,2,1,0,clicked_only,8.8,
4608,C4,2026-07-14,HR policy update,E1008,HR,over_3y,just_in_time_tip,0,0,0,no_action,,
4609,C4,2026-07-14,HR policy update,E1009,Engineering,1_to_3y,none,0,0,0,no_action,,
4610,C4,2026-07-14,HR policy update,E1010,Legal & Compliance,under_1y,easy_report_prompt,0,0,0,no_action,,
4611,C4,2026-07-14,HR policy update,E1011,Customer Support,over_3y,warning_banner,0,0,1,reported_only,,5.4
4612,C4,2026-07-14,HR policy update,E1012,Sales,over_3y,loss_framing,0,0,0,no_action,,
4613,C4,2026-07-14,HR policy update,E1013,Executive Office,under_1y,loss_framing,1,1,0,clicked_only,1.3,
4614,C4,2026-07-14,HR policy update,E1014,Sales,over_3y,none,0,0,0,no_action,,
4615,C4,2026-07-14,HR policy update,E1015,Operations,1_to_3y,easy_report_prompt,0,0,1,reported_only,,2.1
4616,C4,2026-07-14,HR policy update,E1016,Sales,over_3y,easy_report_prompt,0,0,0,no_action,,
4617,C4,2026-07-14,HR policy update,E1017,IT & Security,over_3y,loss_framing,0,0,1,reported_only,,5.0
4618,C4,2026-07-14,HR policy update,E1018,Engineering,under_1y,loss_framing,1,0,0,no_action,,
4619,C4,2026-07-14,HR policy update,E1019,HR,1_to_3y,loss_framing,0,0,1,reported_only,,20.1
4620,C4,2026-07-14,HR policy update,E1020,HR,over_3y,warning_banner,2,0,0,no_action,,
4621,C4,2026-07-14,HR policy update,E1021,Engineering,over_3y,warning_banner,0,0,1,reported_only,,209.3
4622,C4,2026-07-14,HR policy update,E1022,Finance,over_3y,social_norm,0,0,1,reported_only,,46.8
4623,C4,2026-07-14,HR policy update,E1023,HR,over_3y,loss_framing,0,1,0,clicked_only,3.3,
4624,C4,2026-07-14,HR policy update,E1024,Engineering,over_3y,none,0,0,0,no_action,,
4625,C4,2026-07-14,HR policy update,E1025,Legal & Compliance,under_1y,warning_banner,0,0,0,no_action,,
4626,C4,2026-07-14,HR policy update,E1026,Finance,over_3y,none,0,0,0,no_action,,
4627,C4,2026-07-14,HR policy update,E1027,Operations,over_3y,social_norm,0,0,0,no_action,,
4628,C4,2026-07-14,HR policy update,E1028,Finance,1_to_3y,easy_report_prompt,1,0,1,reported_only,,2.5
4629,C4,2026-07-14,HR policy update,E1029,Sales,1_to_3y,loss_framing,0,0,0,no_action,,
4630,C4,2026-07-14,HR policy update,E1030,IT & Security,1_to_3y,just_in_time_tip,1,0,0,no_action,,
4631,C4,2026-07-14,HR policy update,E1031,Customer Support,under_1y,loss_framing,1,0,0,no_action,,
4632,C4,2026-07-14,HR policy update,E1032,Sales,1_to_3y,easy_report_prompt,1,0,0,no_action,,
4633,C4,2026-07-14,HR policy update,E1033,Finance,under_1y,warning_banner,1,0,0,no_action,,
4634,C4,2026-07-14,HR policy update,E1034,Operations,over_3y,just_in_time_tip,1,0,0,no_action,,
4635,C4,2026-07-14,HR policy update,E1035,Operations,over_3y,none,0,0,1,reported_only,,38.6
4636,C4,2026-07-14,HR policy update,E1036,IT & Security,under_1y,loss_framing,0,1,1,clicked_and_reported,14.3,23.9
4637,C4,2026-07-14,HR policy update,E1037,Engineering,over_3y,just_in_time_tip,2,0,1,reported_only,,5.9
4638,C4,2026-07-14,HR policy update,E1038,Sales,1_to_3y,easy_report_prompt,1,1,1,clicked_and_reported,0.6,23.2
4639,C4,2026-07-14,HR policy update,E1039,Customer Support,under_1y,just_in_time_tip,2,0,0,no_action,,
4640,C4,2026-07-14,HR policy update,E1040,Operations,1_to_3y,warning_banner,2,0,0,no_action,,
4641,C4,2026-07-14,HR policy update,E1041,Operations,1_to_3y,easy_report_prompt,1,0,1,reported_only,,16.5
4642,C4,2026-07-14,HR policy update,E1042,IT & Security,over_3y,warning_banner,1,0,0,no_action,,
4643,C4,2026-07-14,HR policy update,E1043,HR,1_to_3y,loss_framing,1,1,0,clicked_only,8.8,
4644,C4,2026-07-14,HR policy update,E1044,Marketing,under_1y,social_norm,1,0,0,no_action,,
4645,C4,2026-07-14,HR policy update,E1045,IT & Security,under_1y,loss_framing,1,0,0,no_action,,
4646,C4,2026-07-14,HR policy update,E1046,Customer Support,over_3y,social_norm,1,1,0,clicked_only,59.1,
4647,C4,2026-07-14,HR policy update,E1047,Engineering,1_to_3y,warning_banner,0,1,0,clicked_only,3.3,
4648,C4,2026-07-14,HR policy update,E1048,Customer Support,over_3y,none,0,1,0,clicked_only,2.2,
4649,C4,2026-07-14,HR policy update,E1049,Finance,under_1y,warning_banner,1,1,0,clicked_only,0.8,
4650,C4,2026-07-14,HR policy update,E1050,Customer Support,1_to_3y,loss_framing,0,0,0,no_action,,
4651,C4,2026-07-14,HR policy update,E1051,HR,1_to_3y,warning_banner,0,0,0,no_action,,
4652,C4,2026-07-14,HR policy update,E1052,Operations,under_1y,loss_framing,0,0,0,no_action,,
4653,C4,2026-07-14,HR policy update,E1053,Legal & Compliance,1_to_3y,loss_framing,0,0,1,reported_only,,12.8
4654,C4,2026-07-14,HR policy update,E1054,Engineering,1_to_3y,easy_report_prompt,0,0,0,no_action,,
4655,C4,2026-07-14,HR policy update,E1055,Engineering,1_to_3y,warning_banner,1,0,0,no_action,,
4656,C4,2026-07-14,HR policy update,E1056,IT & Security,1_to_3y,social_norm,1,0,1,reported_only,,1.8
4657,C4,2026-07-14,HR policy update,E1057,Engineering,1_to_3y,social_norm,1,0,0,no_action,,
4658,C4,2026-07-14,HR policy update,E1058,Sales,1_to_3y,easy_report_prompt,1,0,1,reported_only,,4.7
4659,C4,2026-07-14,HR policy update,E1059,Customer Support,1_to_3y,easy_report_prompt,0,0,0,no_action,,
4660,C4,2026-07-14,HR policy update,E1060,Marketing,over_3y,just_in_time_tip,0,1,0,clicked_only,57.0,
4661,C4,2026-07-14,HR policy update,E1061,Sales,over_3y,none,0,0,0,no_action,,
4662,C4,2026-07-14,HR policy update,E1062,Engineering,1_to_3y,social_norm,1,1,1,clicked_and_reported,8.5,27.8
4663,C4,2026-07-14,HR policy update,E1063,Sales,under_1y,none,0,0,0,no_action,,
4664,C4,2026-07-14,HR policy update,E1064,Engineering,1_to_3y,easy_report_prompt,1,0,1,reported_only,,2.0
4665,C4,2026-07-14,HR policy update,E1065,Finance,over_3y,easy_report_prompt,1,0,0,no_action,,
4666,C4,2026-07-14,HR policy update,E1066,Sales,1_to_3y,just_in_time_tip,0,0,0,no_action,,
4667,C4,2026-07-14,HR policy update,E1067,HR,over_3y,social_norm,1,0,0,no_action,,
4668,C4,2026-07-14,HR policy update,E1068,Operations,under_1y,social_norm,0,1,0,clicked_only,24.9,
4669,C4,2026-07-14,HR policy update,E1069,HR,under_1y,social_norm,1,1,0,clicked_only,6.2,
4670,C4,2026-07-14,HR policy update,E1070,Marketing,over_3y,just_in_time_tip,1,0,0,no_action,,
4671,C4,2026-07-14,HR policy update,E1071,Customer Support,over_3y,none,2,0,0,no_action,,
4672,C4,2026-07-14,HR policy update,E1072,Customer Support,under_1y,warning_banner,1,0,0,no_action,,
4673,C4,2026-07-14,HR policy update,E1073,Operations,over_3y,just_in_time_tip,0,0,0,no_action,,
4674,C4,2026-07-14,HR policy update,E1074,Executive Office,over_3y,easy_report_prompt,0,0,0,no_action,,
4675,C4,2026-07-14,HR policy update,E1075,Legal & Compliance,1_to_3y,just_in_time_tip,0,0,1,reported_only,,59.1
4676,C4,2026-07-14,HR policy update,E1076,Sales,1_to_3y,easy_report_prompt,0,0,0,no_action,,
4677,C4,2026-07-14,HR policy update,E1077,Engineering,1_to_3y,just_in_time_tip,0,0,0,no_action,,
4678,C4,2026-07-14,HR policy update,E1078,IT & Security,1_to_3y,easy_report_prompt,1,0,1,reported_only,,24.3
4679,C4,2026-07-14,HR policy update,E1079,Marketing,over_3y,warning_banner,0,0,0,no_action,,
4680,C4,2026-07-14,HR policy update,E1080,IT & Security,under_1y,loss_framing,0,0,0,no_action,,
4681,C4,2026-07-14,HR policy update,E1081,Engineering,over_3y,easy_report_prompt,0,0,0,no_action,,
4682,C4,2026-07-14,HR policy update,E1082,Executive Office,over_3y,social_norm,0,0,0,no_action,,
4683,C4,2026-07-14,HR policy update,E1083,Operations,over_3y,none,1,1,0,clicked_only,0.4,
4684,C4,2026-07-14,HR policy update,E1084,Engineering,under_1y,easy_report_prompt,0,0,0,no_action,,
4685,C4,2026-07-14,HR policy update,E1085,Engineering,1_to_3y,just_in_time_tip,1,0,1,reported_only,,19.2
4686,C4,2026-07-14,HR policy update,E1086,Engineering,under_1y,warning_banner,0,0,1,reported_only,,42.9
4687,C4,2026-07-14,HR policy update,E1087,Operations,1_to_3y,easy_report_prompt,0,0,1,reported_only,,8.0
4688,C4,2026-07-14,HR policy update,E1088,Sales,1_to_3y,easy_report_prompt,0,0,0,no_action,,
4689,C4,2026-07-14,HR policy update,E1089,Operations,1_to_3y,just_in_time_tip,0,0,1,reported_only,,46.2
4690,C4,2026-07-14,HR policy update,E1090,Finance,under_1y,warning_banner,1,1,0,clicked_only,4.4,
4691,C4,2026-07-14,HR policy update,E1091,HR,over_3y,loss_framing,0,1,0,clicked_only,13.3,
4692,C4,2026-07-14,HR policy update,E1092,Sales,over_3y,just_in_time_tip,1,1,0,clicked_only,61.3,
4693,C4,2026-07-14,HR policy update,E1093,Operations,1_to_3y,warning_banner,1,0,0,no_action,,
4694,C4,2026-07-14,HR policy update,E1094,Sales,under_1y,none,1,1,0,clicked_only,0.8,
4695,C4,2026-07-14,HR policy update,E1095,Marketing,over_3y,warning_banner,0,0,0,no_action,,
4696,C4,2026-07-14,HR policy update,E1096,Finance,over_3y,just_in_time_tip,0,0,0,no_action,,
4697,C4,2026-07-14,HR policy update,E1097,Operations,over_3y,loss_framing,0,0,0,no_action,,
4698,C4,2026-07-14,HR policy update,E1098,Marketing,over_3y,loss_framing,1,0,0,no_action,,
4699,C4,2026-07-14,HR policy update,E1099,Sales,over_3y,just_in_time_tip,0,0,0,no_action,,
4700,C4,2026-07-14,HR policy update,E1100,Operations,over_3y,easy_report_prompt,0,1,0,clicked_only,1.6,
4701,C4,2026-07-14,HR policy update,E1101,Customer Support,under_1y,easy_report_prompt,0,1,0,clicked_only,3.2,
4702,C4,2026-07-14,HR policy update,E1102,Operations,over_3y,social_norm,0,0,0,no_action,,
4703,C4,2026-07-14,HR policy update,E1103,HR,under_1y,loss_framing,0,0,0,no_action,,
4704,C4,2026-07-14,HR policy update,E1104,Sales,1_to_3y,easy_report_prompt,2,1,0,clicked_only,46.3,
4705,C4,2026-07-14,HR policy update,E1105,Sales,over_3y,easy_report_prompt,0,1,0,clicked_only,7.2,
4706,C4,2026-07-14,HR policy update,E1106,Engineering,over_3y,none,0,0,0,no_action,,
4707,C4,2026-07-14,HR policy update,E1107,Operations,1_to_3y,social_norm,1,0,0,no_action,,
4708,C4,2026-07-14,HR policy update,E1108,Engineering,over_3y,easy_report_prompt,1,0,0,no_action,,
4709,C4,2026-07-14,HR policy update,E1109,Sales,under_1y,just_in_time_tip,2,0,0,no_action,,
4710,C4,2026-07-14,HR policy update,E1110,IT & Security,1_to_3y,social_norm,0,0,1,reported_only,,5.3
4711,C4,2026-07-14,HR policy update,E1111,Finance,under_1y,social_norm,0,1,0,clicked_only,22.4,
4712,C4,2026-07-14,HR policy update,E1112,Customer Support,over_3y,social_norm,0,0,0,no_action,,
4713,C4,2026-07-14,HR policy update,E1113,Sales,under_1y,loss_framing,1,0,0,no_action,,
4714,C4,2026-07-14,HR policy update,E1114,Engineering,1_to_3y,easy_report_prompt,1,0,0,no_action,,
4715,C4,2026-07-14,HR policy update,E1115,Legal & Compliance,1_to_3y,none,0,0,1,reported_only,,5.0
4716,C4,2026-07-14,HR policy update,E1116,Operations,1_to_3y,social_norm,1,0,0,no_action,,
4717,C4,2026-07-14,HR policy update,E1117,Operations,over_3y,warning_banner,0,0,0,no_action,,
4718,C4,2026-07-14,HR policy update,E1118,Operations,over_3y,loss_framing,2,0,0,no_action,,
4719,C4,2026-07-14,HR policy update,E1119,Engineering,1_to_3y,social_norm,0,0,0,no_action,,
4720,C4,2026-07-14,HR policy update,E1120,IT & Security,under_1y,warning_banner,0,0,1,reported_only,,6.4
4721,C4,2026-07-14,HR policy update,E1121,Legal & Compliance,over_3y,loss_framing,1,0,0,no_action,,
4722,C4,2026-07-14,HR policy update,E1122,Engineering,over_3y,social_norm,1,0,0,no_action,,
4723,C4,2026-07-14,HR policy update,E1123,Sales,over_3y,easy_report_prompt,0,1,1,clicked_and_reported,2.8,3.5
4724,C4,2026-07-14,HR policy update,E1124,Engineering,under_1y,loss_framing,1,0,1,reported_only,,12.7
4725,C4,2026-07-14,HR policy update,E1125,Finance,over_3y,just_in_time_tip,2,0,0,no_action,,
4726,C4,2026-07-14,HR policy update,E1126,Legal & Compliance,over_3y,none,1,0,0,no_action,,
4727,C4,2026-07-14,HR policy update,E1127,Customer Support,over_3y,none,1,0,0,no_action,,
4728,C4,2026-07-14,HR policy update,E1128,Executive Office,1_to_3y,warning_banner,1,0,0,no_action,,
4729,C4,2026-07-14,HR policy update,E1129,Sales,over_3y,warning_banner,1,0,0,no_action,,
4730,C4,2026-07-14,HR policy update,E1130,Customer Support,1_to_3y,easy_report_prompt,1,1,0,clicked_only,8.0,
4731,C4,2026-07-14,HR policy update,E1131,Marketing,over_3y,easy_report_prompt,1,0,0,no_action,,
4732,C4,2026-07-14,HR policy update,E1132,Executive Office,1_to_3y,warning_banner,0,0,0,no_action,,
4733,C4,2026-07-14,HR policy update,E1133,Operations,over_3y,warning_banner,0,0,0,no_action,,
4734,C4,2026-07-14,HR policy update,E1134,Sales,under_1y,none,0,0,1,reported_only,,7.3
4735,C4,2026-07-14,HR policy update,E1135,Operations,1_to_3y,social_norm,1,0,1,reported_only,,14.0
4736,C4,2026-07-14,HR policy update,E1136,Engineering,1_to_3y,warning_banner,0,0,0,no_action,,
4737,C4,2026-07-14,HR policy update,E1137,Engineering,under_1y,warning_banner,1,1,0,clicked_only,14.2,
4738,C4,2026-07-14,HR policy update,E1138,Sales,1_to_3y,loss_framing,0,1,0,clicked_only,40.9,
4739,C4,2026-07-14,HR policy update,E1139,Sales,over_3y,warning_banner,0,0,0,no_action,,
4740,C4,2026-07-14,HR policy update,E1140,Marketing,over_3y,warning_banner,1,0,0,no_action,,
4741,C4,2026-07-14,HR policy update,E1141,Sales,over_3y,loss_framing,0,0,0,no_action,,
4742,C4,2026-07-14,HR policy update,E1142,Engineering,over_3y,social_norm,0,0,0,no_action,,
4743,C4,2026-07-14,HR policy update,E1143,HR,1_to_3y,loss_framing,1,0,1,reported_only,,105.6
4744,C4,2026-07-14,HR policy update,E1144,Engineering,over_3y,easy_report_prompt,0,0,0,no_action,,
4745,C4,2026-07-14,HR policy update,E1145,Operations,under_1y,warning_banner,0,0,0,no_action,,
4746,C4,2026-07-14,HR policy update,E1146,Sales,over_3y,social_norm,0,0,0,no_action,,
4747,C4,2026-07-14,HR policy update,E1147,Finance,under_1y,loss_framing,0,0,0,no_action,,
4748,C4,2026-07-14,HR policy update,E1148,IT & Security,under_1y,easy_report_prompt,1,0,1,reported_only,,4.9
4749,C4,2026-07-14,HR policy update,E1149,Engineering,over_3y,warning_banner,0,0,0,no_action,,
4750,C4,2026-07-14,HR policy update,E1150,Marketing,over_3y,none,1,1,0,clicked_only,9.0,
4751,C4,2026-07-14,HR policy update,E1151,Marketing,1_to_3y,warning_banner,0,0,0,no_action,,
4752,C4,2026-07-14,HR policy update,E1152,IT & Security,over_3y,loss_framing,1,0,1,reported_only,,6.1
4753,C4,2026-07-14,HR policy update,E1153,Marketing,1_to_3y,warning_banner,2,0,0,no_action,,
4754,C4,2026-07-14,HR policy update,E1154,Sales,1_to_3y,easy_report_prompt,0,0,0,no_action,,
4755,C4,2026-07-14,HR policy update,E1155,IT & Security,over_3y,none,0,0,0,no_action,,
4756,C4,2026-07-14,HR policy update,E1156,Customer Support,under_1y,warning_banner,0,1,0,clicked_only,4.9,
4757,C4,2026-07-14,HR policy update,E1157,Marketing,1_to_3y,none,0,1,1,clicked_and_reported,17.1,19.2
4758,C4,2026-07-14,HR policy update,E1158,HR,1_to_3y,social_norm,0,0,0,no_action,,
4759,C4,2026-07-14,HR policy update,E1159,Finance,over_3y,easy_report_prompt,0,0,0,no_action,,
4760,C4,2026-07-14,HR policy update,E1160,Finance,under_1y,none,1,0,0,no_action,,
4761,C4,2026-07-14,HR policy update,E1161,Sales,over_3y,none,0,1,0,clicked_only,28.2,
4762,C4,2026-07-14,HR policy update,E1162,Engineering,over_3y,warning_banner,0,0,1,reported_only,,13.1
4763,C4,2026-07-14,HR policy update,E1163,Sales,1_to_3y,warning_banner,0,0,0,no_action,,
4764,C4,2026-07-14,HR policy update,E1164,HR,1_to_3y,social_norm,0,0,0,no_action,,
4765,C4,2026-07-14,HR policy update,E1165,Finance,under_1y,just_in_time_tip,1,0,0,no_action,,
4766,C4,2026-07-14,HR policy update,E1166,Marketing,1_to_3y,easy_report_prompt,0,0,0,no_action,,
4767,C4,2026-07-14,HR policy update,E1167,Sales,1_to_3y,loss_framing,0,0,0,no_action,,
4768,C4,2026-07-14,HR policy update,E1168,Operations,over_3y,warning_banner,0,0,0,no_action,,
4769,C4,2026-07-14,HR policy update,E1169,Legal & Compliance,1_to_3y,social_norm,1,0,0,no_action,,
4770,C4,2026-07-14,HR policy update,E1170,Engineering,over_3y,none,1,0,0,no_action,,
4771,C4,2026-07-14,HR policy update,E1171,Sales,over_3y,social_norm,1,1,0,clicked_only,10.8,
4772,C4,2026-07-14,HR policy update,E1172,Operations,under_1y,just_in_time_tip,0,0,0,no_action,,
4773,C4,2026-07-14,HR policy update,E1173,Finance,1_to_3y,just_in_time_tip,0,0,0,no_action,,
4774,C4,2026-07-14,HR policy update,E1174,Engineering,over_3y,just_in_time_tip,0,0,1,reported_only,,32.0
4775,C4,2026-07-14,HR policy update,E1175,Executive Office,1_to_3y,social_norm,1,0,0,no_action,,
4776,C4,2026-07-14,HR policy update,E1176,Operations,1_to_3y,loss_framing,1,1,0,clicked_only,22.0,
4777,C4,2026-07-14,HR policy update,E1177,Operations,under_1y,warning_banner,1,0,0,no_action,,
4778,C4,2026-07-14,HR policy update,E1178,Legal & Compliance,over_3y,easy_report_prompt,0,0,1,reported_only,,14.6
4779,C4,2026-07-14,HR policy update,E1179,Operations,under_1y,warning_banner,1,0,0,no_action,,
4780,C4,2026-07-14,HR policy update,E1180,IT & Security,1_to_3y,none,1,0,0,no_action,,
4781,C4,2026-07-14,HR policy update,E1181,Sales,over_3y,warning_banner,1,0,0,no_action,,
4782,C4,2026-07-14,HR policy update,E1182,Operations,over_3y,warning_banner,2,0,0,no_action,,
4783,C4,2026-07-14,HR policy update,E1183,Engineering,under_1y,easy_report_prompt,1,0,0,no_action,,
4784,C4,2026-07-14,HR policy update,E1184,Engineering,over_3y,warning_banner,1,0,0,no_action,,
4785,C4,2026-07-14,HR policy update,E1185,IT & Security,over_3y,warning_banner,1,0,1,reported_only,,66.5
4786,C4,2026-07-14,HR policy update,E1186,Engineering,over_3y,easy_report_prompt,0,0,0,no_action,,
4787,C4,2026-07-14,HR policy update,E1187,Finance,1_to_3y,easy_report_prompt,0,0,0,no_action,,
4788,C4,2026-07-14,HR policy update,E1188,IT & Security,over_3y,warning_banner,0,0,0,no_action,,
4789,C4,2026-07-14,HR policy update,E1189,Customer Support,over_3y,loss_framing,0,0,0,no_action,,
4790,C4,2026-07-14,HR policy update,E1190,Sales,1_to_3y,none,1,0,0,no_action,,
4791,C4,2026-07-14,HR policy update,E1191,Operations,1_to_3y,easy_report_prompt,3,1,1,clicked_and_reported,4.5,5.5
4792,C4,2026-07-14,HR policy update,E1192,Finance,under_1y,none,1,0,1,reported_only,,87.4
4793,C4,2026-07-14,HR policy update,E1193,Engineering,under_1y,loss_framing,0,0,0,no_action,,
4794,C4,2026-07-14,HR policy update,E1194,Operations,under_1y,loss_framing,0,0,0,no_action,,
4795,C4,2026-07-14,HR policy update,E1195,Operations,under_1y,loss_framing,0,1,0,clicked_only,3.3,
4796,C4,2026-07-14,HR policy update,E1196,Legal & Compliance,over_3y,social_norm,1,0,1,reported_only,,5.7
4797,C4,2026-07-14,HR policy update,E1197,Engineering,over_3y,loss_framing,0,0,0,no_action,,
4798,C4,2026-07-14,HR policy update,E1198,Engineering,1_to_3y,warning_banner,0,1,0,clicked_only,7.4,
4799,C4,2026-07-14,HR policy update,E1199,Customer Support,1_to_3y,warning_banner,1,0,0,no_action,,
4800,C4,2026-07-14,HR policy update,E1200,Engineering,over_3y,warning_banner,1,0,0,no_action,,
4801,C5,2026-08-11,MFA reset required,E0001,Engineering,1_to_3y,easy_report_prompt,1,0,0,no_action,,
4802,C5,2026-08-11,MFA reset required,E0002,Sales,1_to_3y,easy_report_prompt,0,0,0,no_action,,
4803,C5,2026-08-11,MFA reset required,E0003,Executive Office,over_3y,warning_banner,1,0,0,no_action,,
4804,C5,2026-08-11,MFA reset required,E0004,Operations,over_3y,social_norm,1,0,0,no_action,,
4805,C5,2026-08-11,MFA reset required,E0005,Sales,over_3y,just_in_time_tip,2,0,1,reported_only,,42.5
4806,C5,2026-08-11,MFA reset required,E0006,Customer Support,under_1y,easy_report_prompt,1,1,0,clicked_only,2.7,
4807,C5,2026-08-11,MFA reset required,E0007,Customer Support,1_to_3y,loss_framing,1,1,0,clicked_only,2.9,
4808,C5,2026-08-11,MFA reset required,E0008,Sales,1_to_3y,loss_framing,2,0,0,no_action,,
4809,C5,2026-08-11,MFA reset required,E0009,Engineering,1_to_3y,easy_report_prompt,2,1,0,clicked_only,10.7,
4810,C5,2026-08-11,MFA reset required,E0010,Operations,over_3y,just_in_time_tip,0,0,1,reported_only,,13.8
4811,C5,2026-08-11,MFA reset required,E0011,Customer Support,1_to_3y,loss_framing,0,0,0,no_action,,
4812,C5,2026-08-11,MFA reset required,E0012,Legal & Compliance,1_to_3y,none,0,0,1,reported_only,,14.2
4813,C5,2026-08-11,MFA reset required,E0013,Finance,over_3y,easy_report_prompt,0,0,1,reported_only,,34.4
4814,C5,2026-08-11,MFA reset required,E0014,Engineering,1_to_3y,social_norm,1,0,0,no_action,,
4815,C5,2026-08-11,MFA reset required,E0015,Marketing,over_3y,loss_framing,1,0,0,no_action,,
4816,C5,2026-08-11,MFA reset required,E0016,Customer Support,over_3y,just_in_time_tip,1,0,0,no_action,,
4817,C5,2026-08-11,MFA reset required,E0017,Operations,over_3y,loss_framing,0,0,0,no_action,,
4818,C5,2026-08-11,MFA reset required,E0018,Customer Support,over_3y,social_norm,0,0,0,no_action,,
4819,C5,2026-08-11,MFA reset required,E0019,HR,over_3y,social_norm,1,0,0,no_action,,
4820,C5,2026-08-11,MFA reset required,E0020,Operations,over_3y,warning_banner,0,0,0,no_action,,
4821,C5,2026-08-11,MFA reset required,E0021,Sales,over_3y,just_in_time_tip,0,0,0,no_action,,
4822,C5,2026-08-11,MFA reset required,E0022,Sales,over_3y,just_in_time_tip,1,1,0,clicked_only,34.3,
4823,C5,2026-08-11,MFA reset required,E0023,Sales,over_3y,easy_report_prompt,0,0,1,reported_only,,12.9
4824,C5,2026-08-11,MFA reset required,E0024,Customer Support,1_to_3y,loss_framing,2,0,1,reported_only,,38.5
4825,C5,2026-08-11,MFA reset required,E0025,Sales,1_to_3y,just_in_time_tip,0,0,0,no_action,,
4826,C5,2026-08-11,MFA reset required,E0026,Sales,under_1y,just_in_time_tip,1,1,0,clicked_only,5.8,
4827,C5,2026-08-11,MFA reset required,E0027,Engineering,over_3y,warning_banner,2,0,0,no_action,,
4828,C5,2026-08-11,MFA reset required,E0028,Engineering,under_1y,warning_banner,0,0,0,no_action,,
4829,C5,2026-08-11,MFA reset required,E0029,Engineering,over_3y,warning_banner,0,0,0,no_action,,
4830,C5,2026-08-11,MFA reset required,E0030,Finance,1_to_3y,social_norm,0,0,0,no_action,,
4831,C5,2026-08-11,MFA reset required,E0031,Sales,over_3y,warning_banner,0,1,1,clicked_and_reported,1.9,4.8
4832,C5,2026-08-11,MFA reset required,E0032,Operations,under_1y,loss_framing,0,0,0,no_action,,
4833,C5,2026-08-11,MFA reset required,E0033,Engineering,1_to_3y,none,2,0,0,no_action,,
4834,C5,2026-08-11,MFA reset required,E0034,Customer Support,over_3y,easy_report_prompt,0,1,0,clicked_only,2.2,
4835,C5,2026-08-11,MFA reset required,E0035,Engineering,1_to_3y,easy_report_prompt,1,0,1,reported_only,,28.3
4836,C5,2026-08-11,MFA reset required,E0036,Engineering,1_to_3y,warning_banner,0,0,1,reported_only,,136.5
4837,C5,2026-08-11,MFA reset required,E0037,Operations,under_1y,warning_banner,1,0,1,reported_only,,16.7
4838,C5,2026-08-11,MFA reset required,E0038,Engineering,under_1y,loss_framing,1,0,0,no_action,,
4839,C5,2026-08-11,MFA reset required,E0039,Finance,over_3y,loss_framing,1,0,0,no_action,,
4840,C5,2026-08-11,MFA reset required,E0040,Customer Support,1_to_3y,warning_banner,0,0,0,no_action,,
4841,C5,2026-08-11,MFA reset required,E0041,Sales,over_3y,just_in_time_tip,1,0,0,no_action,,
4842,C5,2026-08-11,MFA reset required,E0042,Legal & Compliance,1_to_3y,warning_banner,1,0,0,no_action,,
4843,C5,2026-08-11,MFA reset required,E0043,Operations,1_to_3y,warning_banner,0,0,0,no_action,,
4844,C5,2026-08-11,MFA reset required,E0044,Customer Support,over_3y,warning_banner,0,0,0,no_action,,
4845,C5,2026-08-11,MFA reset required,E0045,Engineering,over_3y,loss_framing,2,0,0,no_action,,
4846,C5,2026-08-11,MFA reset required,E0046,Sales,1_to_3y,none,0,0,0,no_action,,
4847,C5,2026-08-11,MFA reset required,E0047,IT & Security,over_3y,social_norm,0,0,0,no_action,,
4848,C5,2026-08-11,MFA reset required,E0048,Customer Support,under_1y,just_in_time_tip,0,0,1,reported_only,,6.5
4849,C5,2026-08-11,MFA reset required,E0049,Engineering,1_to_3y,easy_report_prompt,2,1,0,clicked_only,7.4,
4850,C5,2026-08-11,MFA reset required,E0050,Executive Office,1_to_3y,warning_banner,0,0,0,no_action,,
4851,C5,2026-08-11,MFA reset required,E0051,Legal & Compliance,1_to_3y,warning_banner,0,0,1,reported_only,,26.4
4852,C5,2026-08-11,MFA reset required,E0052,Engineering,1_to_3y,warning_banner,1,0,1,reported_only,,6.5
4853,C5,2026-08-11,MFA reset required,E0053,Marketing,over_3y,easy_report_prompt,0,1,0,clicked_only,4.6,
4854,C5,2026-08-11,MFA reset required,E0054,Legal & Compliance,1_to_3y,loss_framing,0,0,0,no_action,,
4855,C5,2026-08-11,MFA reset required,E0055,IT & Security,over_3y,none,1,0,1,reported_only,,19.5
4856,C5,2026-08-11,MFA reset required,E0056,Engineering,under_1y,easy_report_prompt,0,0,0,no_action,,
4857,C5,2026-08-11,MFA reset required,E0057,Customer Support,over_3y,none,2,0,0,no_action,,
4858,C5,2026-08-11,MFA reset required,E0058,Customer Support,1_to_3y,loss_framing,1,0,0,no_action,,
4859,C5,2026-08-11,MFA reset required,E0059,Engineering,over_3y,warning_banner,1,0,1,reported_only,,18.4
4860,C5,2026-08-11,MFA reset required,E0060,Operations,1_to_3y,warning_banner,0,0,0,no_action,,
4861,C5,2026-08-11,MFA reset required,E0061,Operations,1_to_3y,just_in_time_tip,0,0,0,no_action,,
4862,C5,2026-08-11,MFA reset required,E0062,Finance,over_3y,just_in_time_tip,1,0,1,reported_only,,7.6
4863,C5,2026-08-11,MFA reset required,E0063,Customer Support,over_3y,loss_framing,0,0,0,no_action,,
4864,C5,2026-08-11,MFA reset required,E0064,Executive Office,over_3y,loss_framing,0,0,1,reported_only,,13.2
4865,C5,2026-08-11,MFA reset required,E0065,Sales,under_1y,warning_banner,1,0,0,no_action,,
4866,C5,2026-08-11,MFA reset required,E0066,Customer Support,under_1y,easy_report_prompt,0,0,0,no_action,,
4867,C5,2026-08-11,MFA reset required,E0067,Operations,under_1y,warning_banner,1,0,0,no_action,,
4868,C5,2026-08-11,MFA reset required,E0068,Operations,1_to_3y,warning_banner,0,0,0,no_action,,
4869,C5,2026-08-11,MFA reset required,E0069,Finance,under_1y,warning_banner,0,1,0,clicked_only,1.6,
4870,C5,2026-08-11,MFA reset required,E0070,Sales,over_3y,loss_framing,1,0,0,no_action,,
4871,C5,2026-08-11,MFA reset required,E0071,Customer Support,1_to_3y,loss_framing,1,0,0,no_action,,
4872,C5,2026-08-11,MFA reset required,E0072,Operations,1_to_3y,none,2,1,0,clicked_only,2.7,
4873,C5,2026-08-11,MFA reset required,E0073,Marketing,under_1y,easy_report_prompt,1,1,0,clicked_only,4.1,
4874,C5,2026-08-11,MFA reset required,E0074,Engineering,1_to_3y,just_in_time_tip,0,0,0,no_action,,
4875,C5,2026-08-11,MFA reset required,E0075,Operations,1_to_3y,just_in_time_tip,0,0,1,reported_only,,108.8
4876,C5,2026-08-11,MFA reset required,E0076,Marketing,1_to_3y,just_in_time_tip,1,0,0,no_action,,
4877,C5,2026-08-11,MFA reset required,E0077,Customer Support,under_1y,easy_report_prompt,0,0,1,reported_only,,12.2
4878,C5,2026-08-11,MFA reset required,E0078,HR,over_3y,social_norm,1,1,0,clicked_only,5.3,
4879,C5,2026-08-11,MFA reset required,E0079,Engineering,over_3y,loss_framing,0,0,0,no_action,,
4880,C5,2026-08-11,MFA reset required,E0080,Engineering,1_to_3y,warning_banner,0,0,1,reported_only,,39.9
4881,C5,2026-08-11,MFA reset required,E0081,Sales,1_to_3y,warning_banner,0,0,1,reported_only,,32.2
4882,C5,2026-08-11,MFA reset required,E0082,IT & Security,over_3y,warning_banner,0,0,0,no_action,,
4883,C5,2026-08-11,MFA reset required,E0083,Customer Support,1_to_3y,easy_report_prompt,0,0,0,no_action,,
4884,C5,2026-08-11,MFA reset required,E0084,Operations,under_1y,easy_report_prompt,0,1,0,clicked_only,3.7,
4885,C5,2026-08-11,MFA reset required,E0085,Finance,under_1y,just_in_time_tip,1,1,0,clicked_only,10.8,
4886,C5,2026-08-11,MFA reset required,E0086,Sales,over_3y,warning_banner,0,0,0,no_action,,
4887,C5,2026-08-11,MFA reset required,E0087,Operations,over_3y,warning_banner,0,0,1,reported_only,,26.1
4888,C5,2026-08-11,MFA reset required,E0088,HR,1_to_3y,loss_framing,1,0,0,no_action,,
4889,C5,2026-08-11,MFA reset required,E0089,IT & Security,under_1y,just_in_time_tip,1,1,1,clicked_and_reported,7.3,13.2
4890,C5,2026-08-11,MFA reset required,E0090,Legal & Compliance,over_3y,none,1,0,1,reported_only,,16.7
4891,C5,2026-08-11,MFA reset required,E0091,Engineering,1_to_3y,warning_banner,1,0,1,reported_only,,35.1
4892,C5,2026-08-11,MFA reset required,E0092,Customer Support,1_to_3y,none,0,0,1,reported_only,,9.2
4893,C5,2026-08-11,MFA reset required,E0093,HR,over_3y,warning_banner,1,0,1,reported_only,,15.9
4894,C5,2026-08-11,MFA reset required,E0094,Marketing,over_3y,none,1,0,0,no_action,,
4895,C5,2026-08-11,MFA reset required,E0095,Engineering,under_1y,easy_report_prompt,0,0,1,reported_only,,1.4
4896,C5,2026-08-11,MFA reset required,E0096,Customer Support,1_to_3y,just_in_time_tip,1,0,0,no_action,,
4897,C5,2026-08-11,MFA reset required,E0097,Legal & Compliance,1_to_3y,warning_banner,1,1,0,clicked_only,8.0,
4898,C5,2026-08-11,MFA reset required,E0098,Operations,over_3y,just_in_time_tip,1,0,0,no_action,,
4899,C5,2026-08-11,MFA reset required,E0099,Finance,1_to_3y,loss_framing,1,0,0,no_action,,
4900,C5,2026-08-11,MFA reset required,E0100,Engineering,1_to_3y,easy_report_prompt,0,0,0,no_action,,
4901,C5,2026-08-11,MFA reset required,E0101,Operations,over_3y,warning_banner,2,0,0,no_action,,
4902,C5,2026-08-11,MFA reset required,E0102,Marketing,over_3y,easy_report_prompt,1,0,1,reported_only,,8.1
4903,C5,2026-08-11,MFA reset required,E0103,IT & Security,over_3y,just_in_time_tip,0,0,0,no_action,,
4904,C5,2026-08-11,MFA reset required,E0104,Finance,1_to_3y,easy_report_prompt,0,0,1,reported_only,,36.3
4905,C5,2026-08-11,MFA reset required,E0105,Engineering,under_1y,easy_report_prompt,0,0,0,no_action,,
4906,C5,2026-08-11,MFA reset required,E0106,Engineering,1_to_3y,none,0,0,0,no_action,,
4907,C5,2026-08-11,MFA reset required,E0107,Engineering,over_3y,none,1,0,0,no_action,,
4908,C5,2026-08-11,MFA reset required,E0108,HR,under_1y,loss_framing,0,1,0,clicked_only,3.6,
4909,C5,2026-08-11,MFA reset required,E0109,Executive Office,over_3y,easy_report_prompt,1,0,0,no_action,,
4910,C5,2026-08-11,MFA reset required,E0110,Legal & Compliance,over_3y,warning_banner,0,0,0,no_action,,
4911,C5,2026-08-11,MFA reset required,E0111,Finance,over_3y,just_in_time_tip,1,0,0,no_action,,
4912,C5,2026-08-11,MFA reset required,E0112,Finance,1_to_3y,none,0,0,0,no_action,,
4913,C5,2026-08-11,MFA reset required,E0113,IT & Security,over_3y,easy_report_prompt,0,1,0,clicked_only,2.3,
4914,C5,2026-08-11,MFA reset required,E0114,Operations,over_3y,none,0,0,0,no_action,,
4915,C5,2026-08-11,MFA reset required,E0115,IT & Security,over_3y,easy_report_prompt,0,0,1,reported_only,,9.7
4916,C5,2026-08-11,MFA reset required,E0116,Engineering,under_1y,warning_banner,0,0,0,no_action,,
4917,C5,2026-08-11,MFA reset required,E0117,Sales,over_3y,loss_framing,1,0,0,no_action,,
4918,C5,2026-08-11,MFA reset required,E0118,Customer Support,over_3y,loss_framing,1,1,0,clicked_only,6.6,
4919,C5,2026-08-11,MFA reset required,E0119,Marketing,1_to_3y,social_norm,0,0,0,no_action,,
4920,C5,2026-08-11,MFA reset required,E0120,Sales,1_to_3y,none,1,0,0,no_action,,
4921,C5,2026-08-11,MFA reset required,E0121,Finance,1_to_3y,none,2,0,0,no_action,,
4922,C5,2026-08-11,MFA reset required,E0122,Engineering,over_3y,none,1,0,1,reported_only,,90.2
4923,C5,2026-08-11,MFA reset required,E0123,Sales,under_1y,warning_banner,1,0,0,no_action,,
4924,C5,2026-08-11,MFA reset required,E0124,Operations,over_3y,loss_framing,0,0,0,no_action,,
4925,C5,2026-08-11,MFA reset required,E0125,Sales,1_to_3y,warning_banner,1,0,1,reported_only,,43.2
4926,C5,2026-08-11,MFA reset required,E0126,IT & Security,over_3y,loss_framing,0,0,1,reported_only,,10.9
4927,C5,2026-08-11,MFA reset required,E0127,Sales,under_1y,loss_framing,0,0,0,no_action,,
4928,C5,2026-08-11,MFA reset required,E0128,HR,over_3y,just_in_time_tip,2,0,1,reported_only,,16.2
4929,C5,2026-08-11,MFA reset required,E0129,Finance,under_1y,just_in_time_tip,0,0,0,no_action,,
4930,C5,2026-08-11,MFA reset required,E0130,Engineering,over_3y,warning_banner,0,0,0,no_action,,
4931,C5,2026-08-11,MFA reset required,E0131,Operations,under_1y,just_in_time_tip,1,0,0,no_action,,
4932,C5,2026-08-11,MFA reset required,E0132,HR,over_3y,easy_report_prompt,0,0,0,no_action,,
4933,C5,2026-08-11,MFA reset required,E0133,Executive Office,1_to_3y,none,1,0,1,reported_only,,5.0
4934,C5,2026-08-11,MFA reset required,E0134,Marketing,1_to_3y,warning_banner,1,0,0,no_action,,
4935,C5,2026-08-11,MFA reset required,E0135,IT & Security,over_3y,social_norm,1,0,1,reported_only,,5.1
4936,C5,2026-08-11,MFA reset required,E0136,Operations,1_to_3y,loss_framing,1,0,0,no_action,,
4937,C5,2026-08-11,MFA reset required,E0137,HR,1_to_3y,warning_banner,1,1,0,clicked_only,1.0,
4938,C5,2026-08-11,MFA reset required,E0138,Engineering,over_3y,easy_report_prompt,0,0,0,no_action,,
4939,C5,2026-08-11,MFA reset required,E0139,Operations,under_1y,social_norm,0,0,0,no_action,,
4940,C5,2026-08-11,MFA reset required,E0140,Sales,over_3y,warning_banner,1,0,0,no_action,,
4941,C5,2026-08-11,MFA reset required,E0141,Engineering,over_3y,easy_report_prompt,2,0,1,reported_only,,20.6
4942,C5,2026-08-11,MFA reset required,E0142,Engineering,1_to_3y,just_in_time_tip,0,1,1,clicked_and_reported,3.4,24.7
4943,C5,2026-08-11,MFA reset required,E0143,Executive Office,over_3y,easy_report_prompt,2,0,0,no_action,,
4944,C5,2026-08-11,MFA reset required,E0144,HR,1_to_3y,social_norm,0,0,0,no_action,,
4945,C5,2026-08-11,MFA reset required,E0145,Operations,1_to_3y,easy_report_prompt,2,1,0,clicked_only,35.7,
4946,C5,2026-08-11,MFA reset required,E0146,Marketing,1_to_3y,social_norm,0,0,0,no_action,,
4947,C5,2026-08-11,MFA reset required,E0147,Sales,under_1y,social_norm,2,0,0,no_action,,
4948,C5,2026-08-11,MFA reset required,E0148,Customer Support,over_3y,easy_report_prompt,0,0,0,no_action,,
4949,C5,2026-08-11,MFA reset required,E0149,Engineering,under_1y,just_in_time_tip,1,1,0,clicked_only,5.9,
4950,C5,2026-08-11,MFA reset required,E0150,Legal & Compliance,over_3y,loss_framing,1,0,1,reported_only,,14.7
4951,C5,2026-08-11,MFA reset required,E0151,Customer Support,over_3y,loss_framing,0,1,0,clicked_only,2.9,
4952,C5,2026-08-11,MFA reset required,E0152,HR,1_to_3y,easy_report_prompt,1,1,0,clicked_only,23.0,
4953,C5,2026-08-11,MFA reset required,E0153,IT & Security,over_3y,none,0,0,0,no_action,,
4954,C5,2026-08-11,MFA reset required,E0154,Engineering,under_1y,easy_report_prompt,0,0,0,no_action,,
4955,C5,2026-08-11,MFA reset required,E0155,Customer Support,over_3y,social_norm,2,0,0,no_action,,
4956,C5,2026-08-11,MFA reset required,E0156,Operations,over_3y,just_in_time_tip,0,0,0,no_action,,
4957,C5,2026-08-11,MFA reset required,E0157,Customer Support,over_3y,just_in_time_tip,0,0,1,reported_only,,22.9
4958,C5,2026-08-11,MFA reset required,E0158,Customer Support,under_1y,none,0,0,0,no_action,,
4959,C5,2026-08-11,MFA reset required,E0159,Marketing,under_1y,just_in_time_tip,1,0,0,no_action,,
4960,C5,2026-08-11,MFA reset required,E0160,HR,over_3y,just_in_time_tip,1,0,0,no_action,,
4961,C5,2026-08-11,MFA reset required,E0161,Engineering,1_to_3y,just_in_time_tip,1,1,0,clicked_only,0.5,
4962,C5,2026-08-11,MFA reset required,E0162,Marketing,over_3y,none,0,0,0,no_action,,
4963,C5,2026-08-11,MFA reset required,E0163,Operations,1_to_3y,just_in_time_tip,1,0,0,no_action,,
4964,C5,2026-08-11,MFA reset required,E0164,IT & Security,1_to_3y,none,1,0,0,no_action,,
4965,C5,2026-08-11,MFA reset required,E0165,HR,over_3y,warning_banner,0,0,0,no_action,,
4966,C5,2026-08-11,MFA reset required,E0166,Operations,over_3y,easy_report_prompt,0,0,0,no_action,,
4967,C5,2026-08-11,MFA reset required,E0167,Operations,1_to_3y,warning_banner,1,0,0,no_action,,
4968,C5,2026-08-11,MFA reset required,E0168,IT & Security,1_to_3y,warning_banner,1,0,0,no_action,,
4969,C5,2026-08-11,MFA reset required,E0169,Marketing,under_1y,just_in_time_tip,0,0,0,no_action,,
4970,C5,2026-08-11,MFA reset required,E0170,Sales,over_3y,easy_report_prompt,0,1,0,clicked_only,5.4,
4971,C5,2026-08-11,MFA reset required,E0171,Operations,over_3y,just_in_time_tip,0,0,1,reported_only,,10.1
4972,C5,2026-08-11,MFA reset required,E0172,Operations,under_1y,warning_banner,0,0,0,no_action,,
4973,C5,2026-08-11,MFA reset required,E0173,Engineering,1_to_3y,warning_banner,1,0,0,no_action,,
4974,C5,2026-08-11,MFA reset required,E0174,Operations,over_3y,just_in_time_tip,1,0,0,no_action,,
4975,C5,2026-08-11,MFA reset required,E0175,Legal & Compliance,1_to_3y,just_in_time_tip,0,0,0,no_action,,
4976,C5,2026-08-11,MFA reset required,E0176,Customer Support,1_to_3y,none,1,1,0,clicked_only,79.6,
4977,C5,2026-08-11,MFA reset required,E0177,Sales,1_to_3y,easy_report_prompt,0,1,0,clicked_only,2.0,
4978,C5,2026-08-11,MFA reset required,E0178,Engineering,over_3y,warning_banner,2,0,0,no_action,,
4979,C5,2026-08-11,MFA reset required,E0179,Sales,over_3y,none,1,0,0,no_action,,
4980,C5,2026-08-11,MFA reset required,E0180,Engineering,under_1y,none,2,1,0,clicked_only,9.8,
4981,C5,2026-08-11,MFA reset required,E0181,Customer Support,1_to_3y,just_in_time_tip,1,0,0,no_action,,
4982,C5,2026-08-11,MFA reset required,E0182,IT & Security,over_3y,just_in_time_tip,0,0,1,reported_only,,17.5
4983,C5,2026-08-11,MFA reset required,E0183,IT & Security,over_3y,just_in_time_tip,1,0,1,reported_only,,2.0
4984,C5,2026-08-11,MFA reset required,E0184,Operations,over_3y,just_in_time_tip,1,0,0,no_action,,
4985,C5,2026-08-11,MFA reset required,E0185,Marketing,over_3y,loss_framing,1,0,0,no_action,,
4986,C5,2026-08-11,MFA reset required,E0186,Marketing,over_3y,warning_banner,0,0,0,no_action,,
4987,C5,2026-08-11,MFA reset required,E0187,Finance,over_3y,none,1,1,0,clicked_only,5.7,
4988,C5,2026-08-11,MFA reset required,E0188,Engineering,1_to_3y,social_norm,0,0,0,no_action,,
4989,C5,2026-08-11,MFA reset required,E0189,Customer Support,under_1y,just_in_time_tip,0,0,0,no_action,,
4990,C5,2026-08-11,MFA reset required,E0190,Operations,under_1y,none,3,0,0,no_action,,
4991,C5,2026-08-11,MFA reset required,E0191,Operations,1_to_3y,none,2,0,0,no_action,,
4992,C5,2026-08-11,MFA reset required,E0192,Finance,under_1y,just_in_time_tip,0,0,1,reported_only,,0.6
4993,C5,2026-08-11,MFA reset required,E0193,Operations,over_3y,none,0,1,0,clicked_only,1.3,
4994,C5,2026-08-11,MFA reset required,E0194,IT & Security,under_1y,none,1,0,1,reported_only,,5.1
4995,C5,2026-08-11,MFA reset required,E0195,Finance,over_3y,just_in_time_tip,1,1,0,clicked_only,5.1,
4996,C5,2026-08-11,MFA reset required,E0196,Legal & Compliance,1_to_3y,loss_framing,0,0,0,no_action,,
4997,C5,2026-08-11,MFA reset required,E0197,Sales,under_1y,warning_banner,1,0,0,no_action,,
4998,C5,2026-08-11,MFA reset required,E0198,Operations,1_to_3y,loss_framing,1,0,0,no_action,,
4999,C5,2026-08-11,MFA reset required,E0199,Executive Office,under_1y,social_norm,0,0,0,no_action,,
5000,C5,2026-08-11,MFA reset required,E0200,Engineering,under_1y,none,2,0,0,no_action,,
5001,C5,2026-08-11,MFA reset required,E0201,Sales,under_1y,just_in_time_tip,0,0,0,no_action,,
5002,C5,2026-08-11,MFA reset required,E0202,Operations,over_3y,easy_report_prompt,0,0,0,no_action,,
5003,C5,2026-08-11,MFA reset required,E0203,Operations,1_to_3y,none,0,0,0,no_action,,
5004,C5,2026-08-11,MFA reset required,E0204,Sales,1_to_3y,loss_framing,0,1,0,clicked_only,5.8,
5005,C5,2026-08-11,MFA reset required,E0205,Engineering,under_1y,just_in_time_tip,0,0,0,no_action,,
5006,C5,2026-08-11,MFA reset required,E0206,Marketing,under_1y,loss_framing,1,0,1,reported_only,,4.1
5007,C5,2026-08-11,MFA reset required,E0207,Operations,over_3y,loss_framing,0,0,0,no_action,,
5008,C5,2026-08-11,MFA reset required,E0208,Engineering,1_to_3y,easy_report_prompt,0,0,1,reported_only,,20.2
5009,C5,2026-08-11,MFA reset required,E0209,IT & Security,1_to_3y,loss_framing,1,0,0,no_action,,
5010,C5,2026-08-11,MFA reset required,E0210,Operations,under_1y,just_in_time_tip,1,0,1,reported_only,,10.9
5011,C5,2026-08-11,MFA reset required,E0211,IT & Security,over_3y,loss_framing,1,0,1,reported_only,,20.4
5012,C5,2026-08-11,MFA reset required,E0212,Finance,over_3y,social_norm,2,0,0,no_action,,
5013,C5,2026-08-11,MFA reset required,E0213,Operations,1_to_3y,none,0,0,0,no_action,,
5014,C5,2026-08-11,MFA reset required,E0214,Operations,1_to_3y,just_in_time_tip,1,0,1,reported_only,,20.7
5015,C5,2026-08-11,MFA reset required,E0215,HR,1_to_3y,easy_report_prompt,0,0,0,no_action,,
5016,C5,2026-08-11,MFA reset required,E0216,Operations,under_1y,social_norm,1,1,0,clicked_only,30.8,
5017,C5,2026-08-11,MFA reset required,E0217,Engineering,1_to_3y,easy_report_prompt,0,1,1,clicked_and_reported,0.3,13.5
5018,C5,2026-08-11,MFA reset required,E0218,Engineering,over_3y,none,0,0,0,no_action,,
5019,C5,2026-08-11,MFA reset required,E0219,Finance,under_1y,warning_banner,1,1,0,clicked_only,21.3,
5020,C5,2026-08-11,MFA reset required,E0220,HR,over_3y,social_norm,0,0,1,reported_only,,43.0
5021,C5,2026-08-11,MFA reset required,E0221,Operations,under_1y,loss_framing,1,0,0,no_action,,
5022,C5,2026-08-11,MFA reset required,E0222,Sales,1_to_3y,loss_framing,1,0,0,no_action,,
5023,C5,2026-08-11,MFA reset required,E0223,Sales,over_3y,loss_framing,2,1,0,clicked_only,3.5,
5024,C5,2026-08-11,MFA reset required,E0224,Marketing,1_to_3y,none,2,0,0,no_action,,
5025,C5,2026-08-11,MFA reset required,E0225,Engineering,over_3y,easy_report_prompt,0,0,0,no_action,,
5026,C5,2026-08-11,MFA reset required,E0226,Engineering,over_3y,loss_framing,0,0,0,no_action,,
5027,C5,2026-08-11,MFA reset required,E0227,IT & Security,over_3y,warning_banner,1,0,1,reported_only,,1.8
5028,C5,2026-08-11,MFA reset required,E0228,Engineering,1_to_3y,none,1,0,0,no_action,,
5029,C5,2026-08-11,MFA reset required,E0229,Operations,under_1y,just_in_time_tip,1,0,0,no_action,,
5030,C5,2026-08-11,MFA reset required,E0230,Customer Support,1_to_3y,easy_report_prompt,1,0,1,reported_only,,9.6
5031,C5,2026-08-11,MFA reset required,E0231,IT & Security,under_1y,social_norm,0,1,0,clicked_only,0.7,
5032,C5,2026-08-11,MFA reset required,E0232,Executive Office,over_3y,none,1,1,0,clicked_only,16.7,
5033,C5,2026-08-11,MFA reset required,E0233,Sales,over_3y,loss_framing,1,0,0,no_action,,
5034,C5,2026-08-11,MFA reset required,E0234,Finance,1_to_3y,warning_banner,0,0,0,no_action,,
5035,C5,2026-08-11,MFA reset required,E0235,Engineering,over_3y,just_in_time_tip,0,0,1,reported_only,,20.6
5036,C5,2026-08-11,MFA reset required,E0236,IT & Security,over_3y,loss_framing,0,0,0,no_action,,
5037,C5,2026-08-11,MFA reset required,E0237,Legal & Compliance,1_to_3y,social_norm,1,0,0,no_action,,
5038,C5,2026-08-11,MFA reset required,E0238,HR,under_1y,just_in_time_tip,0,0,0,no_action,,
5039,C5,2026-08-11,MFA reset required,E0239,Sales,1_to_3y,social_norm,1,1,0,clicked_only,16.2,
5040,C5,2026-08-11,MFA reset required,E0240,Engineering,1_to_3y,just_in_time_tip,0,0,0,no_action,,
5041,C5,2026-08-11,MFA reset required,E0241,Operations,over_3y,easy_report_prompt,1,0,0,no_action,,
5042,C5,2026-08-11,MFA reset required,E0242,Marketing,over_3y,easy_report_prompt,3,0,0,no_action,,
5043,C5,2026-08-11,MFA reset required,E0243,Operations,under_1y,none,1,0,0,no_action,,
5044,C5,2026-08-11,MFA reset required,E0244,HR,over_3y,none,1,0,0,no_action,,
5045,C5,2026-08-11,MFA reset required,E0245,Engineering,under_1y,just_in_time_tip,1,0,1,reported_only,,90.2
5046,C5,2026-08-11,MFA reset required,E0246,Engineering,1_to_3y,social_norm,1,1,1,clicked_and_reported,47.2,68.6
5047,C5,2026-08-11,MFA reset required,E0247,Engineering,under_1y,none,0,0,0,no_action,,
5048,C5,2026-08-11,MFA reset required,E0248,Sales,1_to_3y,easy_report_prompt,2,1,0,clicked_only,11.1,
5049,C5,2026-08-11,MFA reset required,E0249,Engineering,over_3y,social_norm,2,0,0,no_action,,
5050,C5,2026-08-11,MFA reset required,E0250,Sales,over_3y,none,0,0,0,no_action,,
5051,C5,2026-08-11,MFA reset required,E0251,Operations,1_to_3y,loss_framing,0,0,0,no_action,,
5052,C5,2026-08-11,MFA reset required,E0252,Sales,over_3y,none,1,1,0,clicked_only,5.1,
5053,C5,2026-08-11,MFA reset required,E0253,Legal & Compliance,over_3y,warning_banner,0,0,0,no_action,,
5054,C5,2026-08-11,MFA reset required,E0254,Legal & Compliance,1_to_3y,easy_report_prompt,0,1,0,clicked_only,0.8,
5055,C5,2026-08-11,MFA reset required,E0255,Legal & Compliance,over_3y,none,0,0,1,reported_only,,45.3
5056,C5,2026-08-11,MFA reset required,E0256,Operations,over_3y,none,1,1,0,clicked_only,2.3,
5057,C5,2026-08-11,MFA reset required,E0257,Engineering,under_1y,easy_report_prompt,0,0,1,reported_only,,10.2
5058,C5,2026-08-11,MFA reset required,E0258,Finance,1_to_3y,just_in_time_tip,0,0,1,reported_only,,1.2
5059,C5,2026-08-11,MFA reset required,E0259,IT & Security,over_3y,loss_framing,0,0,1,reported_only,,35.7
5060,C5,2026-08-11,MFA reset required,E0260,Finance,1_to_3y,none,0,0,0,no_action,,
5061,C5,2026-08-11,MFA reset required,E0261,Sales,1_to_3y,none,1,0,0,no_action,,
5062,C5,2026-08-11,MFA reset required,E0262,Finance,1_to_3y,none,0,0,0,no_action,,
5063,C5,2026-08-11,MFA reset required,E0263,Engineering,over_3y,warning_banner,1,0,0,no_action,,
5064,C5,2026-08-11,MFA reset required,E0264,Engineering,over_3y,loss_framing,0,1,0,clicked_only,2.6,
5065,C5,2026-08-11,MFA reset required,E0265,Operations,under_1y,none,1,0,0,no_action,,
5066,C5,2026-08-11,MFA reset required,E0266,Finance,over_3y,just_in_time_tip,2,0,1,reported_only,,19.6
5067,C5,2026-08-11,MFA reset required,E0267,IT & Security,over_3y,loss_framing,0,0,1,reported_only,,39.1
5068,C5,2026-08-11,MFA reset required,E0268,Finance,1_to_3y,warning_banner,0,0,0,no_action,,
5069,C5,2026-08-11,MFA reset required,E0269,HR,1_to_3y,warning_banner,0,0,1,reported_only,,9.8
5070,C5,2026-08-11,MFA reset required,E0270,Customer Support,1_to_3y,loss_framing,0,0,0,no_action,,
5071,C5,2026-08-11,MFA reset required,E0271,Finance,over_3y,none,1,0,0,no_action,,
5072,C5,2026-08-11,MFA reset required,E0272,Finance,1_to_3y,none,0,0,1,reported_only,,34.6
5073,C5,2026-08-11,MFA reset required,E0273,Sales,over_3y,warning_banner,0,0,0,no_action,,
5074,C5,2026-08-11,MFA reset required,E0274,Operations,over_3y,social_norm,1,0,0,no_action,,
5075,C5,2026-08-11,MFA reset required,E0275,Engineering,over_3y,warning_banner,1,0,0,no_action,,
5076,C5,2026-08-11,MFA reset required,E0276,Customer Support,over_3y,none,0,1,0,clicked_only,4.7,
5077,C5,2026-08-11,MFA reset required,E0277,Engineering,under_1y,social_norm,0,0,0,no_action,,
5078,C5,2026-08-11,MFA reset required,E0278,Engineering,1_to_3y,loss_framing,0,0,0,no_action,,
5079,C5,2026-08-11,MFA reset required,E0279,Operations,1_to_3y,social_norm,0,0,0,no_action,,
5080,C5,2026-08-11,MFA reset required,E0280,IT & Security,under_1y,easy_report_prompt,1,0,1,reported_only,,4.8
5081,C5,2026-08-11,MFA reset required,E0281,Engineering,1_to_3y,social_norm,0,0,0,no_action,,
5082,C5,2026-08-11,MFA reset required,E0282,Finance,1_to_3y,social_norm,2,0,0,no_action,,
5083,C5,2026-08-11,MFA reset required,E0283,Engineering,under_1y,social_norm,1,0,0,no_action,,
5084,C5,2026-08-11,MFA reset required,E0284,Operations,under_1y,social_norm,1,1,0,clicked_only,12.2,
5085,C5,2026-08-11,MFA reset required,E0285,Marketing,under_1y,none,1,1,0,clicked_only,3.6,
5086,C5,2026-08-11,MFA reset required,E0286,Marketing,under_1y,none,0,0,0,no_action,,
5087,C5,2026-08-11,MFA reset required,E0287,Engineering,over_3y,just_in_time_tip,0,0,0,no_action,,
5088,C5,2026-08-11,MFA reset required,E0288,IT & Security,1_to_3y,loss_framing,0,0,1,reported_only,,118.3
5089,C5,2026-08-11,MFA reset required,E0289,Customer Support,over_3y,none,1,0,0,no_action,,
5090,C5,2026-08-11,MFA reset required,E0290,Legal & Compliance,under_1y,just_in_time_tip,1,0,0,no_action,,
5091,C5,2026-08-11,MFA reset required,E0291,Operations,over_3y,loss_framing,2,0,0,no_action,,
5092,C5,2026-08-11,MFA reset required,E0292,Customer Support,1_to_3y,loss_framing,1,0,0,no_action,,
5093,C5,2026-08-11,MFA reset required,E0293,Engineering,over_3y,loss_framing,2,0,0,no_action,,
5094,C5,2026-08-11,MFA reset required,E0294,Sales,over_3y,easy_report_prompt,1,0,1,reported_only,,13.7
5095,C5,2026-08-11,MFA reset required,E0295,IT & Security,1_to_3y,none,0,0,0,no_action,,
5096,C5,2026-08-11,MFA reset required,E0296,Sales,over_3y,easy_report_prompt,0,0,0,no_action,,
5097,C5,2026-08-11,MFA reset required,E0297,Marketing,under_1y,easy_report_prompt,1,0,0,no_action,,
5098,C5,2026-08-11,MFA reset required,E0298,Engineering,over_3y,none,0,0,0,no_action,,
5099,C5,2026-08-11,MFA reset required,E0299,Marketing,1_to_3y,social_norm,0,0,0,no_action,,
5100,C5,2026-08-11,MFA reset required,E0300,Sales,under_1y,warning_banner,0,0,0,no_action,,
5101,C5,2026-08-11,MFA reset required,E0301,Operations,1_to_3y,just_in_time_tip,2,1,0,clicked_only,25.5,
5102,C5,2026-08-11,MFA reset required,E0302,Sales,under_1y,easy_report_prompt,1,0,0,no_action,,
5103,C5,2026-08-11,MFA reset required,E0303,Customer Support,over_3y,just_in_time_tip,0,0,0,no_action,,
5104,C5,2026-08-11,MFA reset required,E0304,Sales,1_to_3y,loss_framing,2,0,0,no_action,,
5105,C5,2026-08-11,MFA reset required,E0305,Sales,1_to_3y,easy_report_prompt,1,0,0,no_action,,
5106,C5,2026-08-11,MFA reset required,E0306,Operations,over_3y,easy_report_prompt,0,0,0,no_action,,
5107,C5,2026-08-11,MFA reset required,E0307,Sales,1_to_3y,loss_framing,1,0,0,no_action,,
5108,C5,2026-08-11,MFA reset required,E0308,Sales,over_3y,loss_framing,0,0,0,no_action,,
5109,C5,2026-08-11,MFA reset required,E0309,IT & Security,over_3y,just_in_time_tip,0,0,1,reported_only,,22.4
5110,C5,2026-08-11,MFA reset required,E0310,Engineering,over_3y,none,0,0,0,no_action,,
5111,C5,2026-08-11,MFA reset required,E0311,Customer Support,under_1y,loss_framing,0,0,0,no_action,,
5112,C5,2026-08-11,MFA reset required,E0312,Engineering,1_to_3y,loss_framing,1,1,0,clicked_only,35.4,
5113,C5,2026-08-11,MFA reset required,E0313,Operations,1_to_3y,social_norm,1,0,0,no_action,,
5114,C5,2026-08-11,MFA reset required,E0314,Marketing,over_3y,social_norm,1,1,1,clicked_and_reported,3.3,8.2
5115,C5,2026-08-11,MFA reset required,E0315,Operations,under_1y,none,0,0,0,no_action,,
5116,C5,2026-08-11,MFA reset required,E0316,HR,under_1y,none,2,1,0,clicked_only,1.4,
5117,C5,2026-08-11,MFA reset required,E0317,Engineering,over_3y,loss_framing,1,0,1,reported_only,,42.3
5118,C5,2026-08-11,MFA reset required,E0318,Marketing,1_to_3y,easy_report_prompt,0,0,1,reported_only,,46.7
5119,C5,2026-08-11,MFA reset required,E0319,Finance,1_to_3y,none,1,0,1,reported_only,,7.2
5120,C5,2026-08-11,MFA reset required,E0320,Operations,under_1y,social_norm,1,0,0,no_action,,
5121,C5,2026-08-11,MFA reset required,E0321,Marketing,under_1y,social_norm,0,0,0,no_action,,
5122,C5,2026-08-11,MFA reset required,E0322,Sales,1_to_3y,loss_framing,0,1,0,clicked_only,0.6,
5123,C5,2026-08-11,MFA reset required,E0323,Sales,1_to_3y,warning_banner,2,0,0,no_action,,
5124,C5,2026-08-11,MFA reset required,E0324,Sales,over_3y,none,0,1,0,clicked_only,11.2,
5125,C5,2026-08-11,MFA reset required,E0325,HR,over_3y,loss_framing,1,0,0,no_action,,
5126,C5,2026-08-11,MFA reset required,E0326,Finance,1_to_3y,loss_framing,0,0,1,reported_only,,11.9
5127,C5,2026-08-11,MFA reset required,E0327,Engineering,over_3y,social_norm,1,0,0,no_action,,
5128,C5,2026-08-11,MFA reset required,E0328,Operations,under_1y,just_in_time_tip,1,0,0,no_action,,
5129,C5,2026-08-11,MFA reset required,E0329,Marketing,over_3y,loss_framing,0,0,0,no_action,,
5130,C5,2026-08-11,MFA reset required,E0330,Sales,1_to_3y,social_norm,2,0,0,no_action,,
5131,C5,2026-08-11,MFA reset required,E0331,IT & Security,over_3y,loss_framing,0,0,0,no_action,,
5132,C5,2026-08-11,MFA reset required,E0332,HR,over_3y,social_norm,1,0,0,no_action,,
5133,C5,2026-08-11,MFA reset required,E0333,Operations,over_3y,easy_report_prompt,2,0,1,reported_only,,8.6
5134,C5,2026-08-11,MFA reset required,E0334,Sales,1_to_3y,none,1,0,0,no_action,,
5135,C5,2026-08-11,MFA reset required,E0335,Engineering,under_1y,just_in_time_tip,1,0,0,no_action,,
5136,C5,2026-08-11,MFA reset required,E0336,Operations,under_1y,loss_framing,0,0,1,reported_only,,26.2
5137,C5,2026-08-11,MFA reset required,E0337,Engineering,1_to_3y,loss_framing,0,1,0,clicked_only,1.2,
5138,C5,2026-08-11,MFA reset required,E0338,IT & Security,under_1y,social_norm,1,0,1,reported_only,,7.2
5139,C5,2026-08-11,MFA reset required,E0339,Operations,1_to_3y,warning_banner,0,1,0,clicked_only,20.8,
5140,C5,2026-08-11,MFA reset required,E0340,Sales,over_3y,just_in_time_tip,1,0,0,no_action,,
5141,C5,2026-08-11,MFA reset required,E0341,Operations,1_to_3y,just_in_time_tip,0,0,1,reported_only,,12.4
5142,C5,2026-08-11,MFA reset required,E0342,Engineering,1_to_3y,just_in_time_tip,0,0,0,no_action,,
5143,C5,2026-08-11,MFA reset required,E0343,Operations,over_3y,easy_report_prompt,0,1,1,clicked_and_reported,61.2,83.3
5144,C5,2026-08-11,MFA reset required,E0344,Engineering,over_3y,warning_banner,2,0,1,reported_only,,4.5
5145,C5,2026-08-11,MFA reset required,E0345,Operations,1_to_3y,social_norm,1,0,0,no_action,,
5146,C5,2026-08-11,MFA reset required,E0346,Operations,1_to_3y,easy_report_prompt,0,0,0,no_action,,
5147,C5,2026-08-11,MFA reset required,E0347,Operations,1_to_3y,none,0,0,0,no_action,,
5148,C5,2026-08-11,MFA reset required,E0348,Customer Support,over_3y,social_norm,1,0,0,no_action,,
5149,C5,2026-08-11,MFA reset required,E0349,IT & Security,under_1y,easy_report_prompt,1,0,1,reported_only,,8.0
5150,C5,2026-08-11,MFA reset required,E0350,Engineering,over_3y,warning_banner,0,1,0,clicked_only,21.7,
5151,C5,2026-08-11,MFA reset required,E0351,Customer Support,under_1y,just_in_time_tip,0,0,0,no_action,,
5152,C5,2026-08-11,MFA reset required,E0352,Engineering,1_to_3y,just_in_time_tip,1,0,1,reported_only,,59.9
5153,C5,2026-08-11,MFA reset required,E0353,Engineering,over_3y,none,0,0,0,no_action,,
5154,C5,2026-08-11,MFA reset required,E0354,Operations,under_1y,none,1,0,0,no_action,,
5155,C5,2026-08-11,MFA reset required,E0355,Engineering,over_3y,loss_framing,1,0,0,no_action,,
5156,C5,2026-08-11,MFA reset required,E0356,Operations,1_to_3y,loss_framing,0,0,0,no_action,,
5157,C5,2026-08-11,MFA reset required,E0357,Finance,1_to_3y,easy_report_prompt,0,0,0,no_action,,
5158,C5,2026-08-11,MFA reset required,E0358,Marketing,1_to_3y,none,1,0,0,no_action,,
5159,C5,2026-08-11,MFA reset required,E0359,Operations,under_1y,warning_banner,1,0,0,no_action,,
5160,C5,2026-08-11,MFA reset required,E0360,Engineering,1_to_3y,none,0,0,0,no_action,,
5161,C5,2026-08-11,MFA reset required,E0361,HR,1_to_3y,loss_framing,0,0,0,no_action,,
5162,C5,2026-08-11,MFA reset required,E0362,Finance,over_3y,social_norm,2,1,0,clicked_only,6.3,
5163,C5,2026-08-11,MFA reset required,E0363,Marketing,over_3y,social_norm,0,0,1,reported_only,,19.2
5164,C5,2026-08-11,MFA reset required,E0364,Operations,over_3y,none,1,0,0,no_action,,
5165,C5,2026-08-11,MFA reset required,E0365,Operations,1_to_3y,warning_banner,2,0,1,reported_only,,29.4
5166,C5,2026-08-11,MFA reset required,E0366,Operations,over_3y,social_norm,1,0,0,no_action,,
5167,C5,2026-08-11,MFA reset required,E0367,Sales,over_3y,loss_framing,1,0,0,no_action,,
5168,C5,2026-08-11,MFA reset required,E0368,Engineering,1_to_3y,easy_report_prompt,2,0,0,no_action,,
5169,C5,2026-08-11,MFA reset required,E0369,Finance,under_1y,just_in_time_tip,0,0,0,no_action,,
5170,C5,2026-08-11,MFA reset required,E0370,Customer Support,1_to_3y,social_norm,0,0,0,no_action,,
5171,C5,2026-08-11,MFA reset required,E0371,Sales,over_3y,just_in_time_tip,0,0,0,no_action,,
5172,C5,2026-08-11,MFA reset required,E0372,Operations,1_to_3y,just_in_time_tip,1,0,0,no_action,,
5173,C5,2026-08-11,MFA reset required,E0373,IT & Security,under_1y,just_in_time_tip,0,0,0,no_action,,
5174,C5,2026-08-11,MFA reset required,E0374,Legal & Compliance,over_3y,social_norm,2,0,0,no_action,,
5175,C5,2026-08-11,MFA reset required,E0375,Finance,over_3y,easy_report_prompt,1,0,1,reported_only,,3.6
5176,C5,2026-08-11,MFA reset required,E0376,Customer Support,under_1y,easy_report_prompt,0,1,0,clicked_only,6.0,
5177,C5,2026-08-11,MFA reset required,E0377,Customer Support,over_3y,easy_report_prompt,1,0,0,no_action,,
5178,C5,2026-08-11,MFA reset required,E0378,Engineering,1_to_3y,social_norm,0,0,1,reported_only,,6.2
5179,C5,2026-08-11,MFA reset required,E0379,Engineering,1_to_3y,none,0,0,0,no_action,,
5180,C5,2026-08-11,MFA reset required,E0380,Sales,1_to_3y,social_norm,0,0,0,no_action,,
5181,C5,2026-08-11,MFA reset required,E0381,Finance,1_to_3y,loss_framing,1,0,0,no_action,,
5182,C5,2026-08-11,MFA reset required,E0382,Operations,over_3y,easy_report_prompt,0,0,0,no_action,,
5183,C5,2026-08-11,MFA reset required,E0383,Customer Support,over_3y,just_in_time_tip,1,0,0,no_action,,
5184,C5,2026-08-11,MFA reset required,E0384,Executive Office,1_to_3y,easy_report_prompt,1,0,0,no_action,,
5185,C5,2026-08-11,MFA reset required,E0385,Legal & Compliance,1_to_3y,just_in_time_tip,0,0,0,no_action,,
5186,C5,2026-08-11,MFA reset required,E0386,Customer Support,under_1y,social_norm,1,1,0,clicked_only,0.3,
5187,C5,2026-08-11,MFA reset required,E0387,Executive Office,1_to_3y,just_in_time_tip,1,0,0,no_action,,
5188,C5,2026-08-11,MFA reset required,E0388,Finance,over_3y,loss_framing,0,0,1,reported_only,,82.2
5189,C5,2026-08-11,MFA reset required,E0389,HR,1_to_3y,none,1,0,0,no_action,,
5190,C5,2026-08-11,MFA reset required,E0390,Finance,over_3y,loss_framing,0,0,0,no_action,,
5191,C5,2026-08-11,MFA reset required,E0391,Customer Support,1_to_3y,just_in_time_tip,2,0,0,no_action,,
5192,C5,2026-08-11,MFA reset required,E0392,Engineering,over_3y,none,1,0,1,reported_only,,3.7
5193,C5,2026-08-11,MFA reset required,E0393,Sales,under_1y,easy_report_prompt,0,0,0,no_action,,
5194,C5,2026-08-11,MFA reset required,E0394,Sales,under_1y,easy_report_prompt,1,0,0,no_action,,
5195,C5,2026-08-11,MFA reset required,E0395,Finance,1_to_3y,easy_report_prompt,1,0,0,no_action,,
5196,C5,2026-08-11,MFA reset required,E0396,HR,over_3y,loss_framing,2,1,0,clicked_only,23.6,
5197,C5,2026-08-11,MFA reset required,E0397,HR,over_3y,social_norm,1,0,0,no_action,,
5198,C5,2026-08-11,MFA reset required,E0398,IT & Security,1_to_3y,none,0,0,0,no_action,,
5199,C5,2026-08-11,MFA reset required,E0399,Finance,1_to_3y,easy_report_prompt,1,0,0,no_action,,
5200,C5,2026-08-11,MFA reset required,E0400,Customer Support,under_1y,social_norm,2,0,0,no_action,,
5201,C5,2026-08-11,MFA reset required,E0401,Executive Office,over_3y,loss_framing,0,1,0,clicked_only,2.6,
5202,C5,2026-08-11,MFA reset required,E0402,Sales,over_3y,none,2,1,0,clicked_only,45.2,
5203,C5,2026-08-11,MFA reset required,E0403,Engineering,over_3y,social_norm,0,0,0,no_action,,
5204,C5,2026-08-11,MFA reset required,E0404,Sales,over_3y,easy_report_prompt,1,0,0,no_action,,
5205,C5,2026-08-11,MFA reset required,E0405,Engineering,1_to_3y,just_in_time_tip,0,0,0,no_action,,
5206,C5,2026-08-11,MFA reset required,E0406,Legal & Compliance,over_3y,social_norm,1,0,0,no_action,,
5207,C5,2026-08-11,MFA reset required,E0407,Finance,1_to_3y,just_in_time_tip,1,0,0,no_action,,
5208,C5,2026-08-11,MFA reset required,E0408,Operations,over_3y,none,1,0,0,no_action,,
5209,C5,2026-08-11,MFA reset required,E0409,Customer Support,1_to_3y,none,1,0,0,no_action,,
5210,C5,2026-08-11,MFA reset required,E0410,Sales,over_3y,warning_banner,0,1,0,clicked_only,0.7,
5211,C5,2026-08-11,MFA reset required,E0411,HR,1_to_3y,just_in_time_tip,1,0,0,no_action,,
5212,C5,2026-08-11,MFA reset required,E0412,IT & Security,1_to_3y,just_in_time_tip,1,0,1,reported_only,,6.0
5213,C5,2026-08-11,MFA reset required,E0413,Legal & Compliance,1_to_3y,none,0,0,0,no_action,,
5214,C5,2026-08-11,MFA reset required,E0414,Marketing,1_to_3y,easy_report_prompt,0,0,0,no_action,,
5215,C5,2026-08-11,MFA reset required,E0415,Engineering,under_1y,none,1,0,0,no_action,,
5216,C5,2026-08-11,MFA reset required,E0416,Sales,over_3y,none,1,0,1,reported_only,,10.5
5217,C5,2026-08-11,MFA reset required,E0417,Engineering,over_3y,warning_banner,1,0,0,no_action,,
5218,C5,2026-08-11,MFA reset required,E0418,Engineering,1_to_3y,none,1,0,1,reported_only,,45.6
5219,C5,2026-08-11,MFA reset required,E0419,Executive Office,over_3y,loss_framing,1,0,0,no_action,,
5220,C5,2026-08-11,MFA reset required,E0420,Sales,over_3y,loss_framing,0,0,0,no_action,,
5221,C5,2026-08-11,MFA reset required,E0421,HR,over_3y,social_norm,2,0,1,reported_only,,4.2
5222,C5,2026-08-11,MFA reset required,E0422,Customer Support,over_3y,easy_report_prompt,0,0,0,no_action,,
5223,C5,2026-08-11,MFA reset required,E0423,Customer Support,over_3y,warning_banner,2,1,0,clicked_only,2.8,
5224,C5,2026-08-11,MFA reset required,E0424,Sales,over_3y,social_norm,2,0,0,no_action,,
5225,C5,2026-08-11,MFA reset required,E0425,Engineering,over_3y,loss_framing,0,0,0,no_action,,
5226,C5,2026-08-11,MFA reset required,E0426,Customer Support,over_3y,just_in_time_tip,0,1,0,clicked_only,0.4,
5227,C5,2026-08-11,MFA reset required,E0427,Operations,over_3y,just_in_time_tip,1,0,1,reported_only,,7.5
5228,C5,2026-08-11,MFA reset required,E0428,Sales,1_to_3y,none,0,0,0,no_action,,
5229,C5,2026-08-11,MFA reset required,E0429,Marketing,under_1y,warning_banner,1,0,0,no_action,,
5230,C5,2026-08-11,MFA reset required,E0430,Sales,over_3y,social_norm,0,0,0,no_action,,
5231,C5,2026-08-11,MFA reset required,E0431,Engineering,1_to_3y,easy_report_prompt,0,1,0,clicked_only,7.9,
5232,C5,2026-08-11,MFA reset required,E0432,Finance,over_3y,social_norm,0,0,0,no_action,,
5233,C5,2026-08-11,MFA reset required,E0433,Sales,over_3y,none,0,1,1,clicked_and_reported,1.7,60.3
5234,C5,2026-08-11,MFA reset required,E0434,Operations,over_3y,loss_framing,0,0,0,no_action,,
5235,C5,2026-08-11,MFA reset required,E0435,Executive Office,1_to_3y,social_norm,0,0,0,no_action,,
5236,C5,2026-08-11,MFA reset required,E0436,Engineering,over_3y,warning_banner,0,0,0,no_action,,
5237,C5,2026-08-11,MFA reset required,E0437,Customer Support,over_3y,social_norm,0,0,0,no_action,,
5238,C5,2026-08-11,MFA reset required,E0438,Finance,under_1y,loss_framing,0,0,0,no_action,,
5239,C5,2026-08-11,MFA reset required,E0439,Finance,over_3y,none,0,1,0,clicked_only,23.7,
5240,C5,2026-08-11,MFA reset required,E0440,Customer Support,over_3y,loss_framing,2,1,0,clicked_only,4.7,
5241,C5,2026-08-11,MFA reset required,E0441,Marketing,over_3y,loss_framing,0,0,1,reported_only,,8.4
5242,C5,2026-08-11,MFA reset required,E0442,Customer Support,1_to_3y,none,2,0,0,no_action,,
5243,C5,2026-08-11,MFA reset required,E0443,Customer Support,over_3y,easy_report_prompt,1,0,0,no_action,,
5244,C5,2026-08-11,MFA reset required,E0444,Customer Support,under_1y,none,1,0,0,no_action,,
5245,C5,2026-08-11,MFA reset required,E0445,Engineering,over_3y,social_norm,0,0,0,no_action,,
5246,C5,2026-08-11,MFA reset required,E0446,IT & Security,over_3y,social_norm,1,0,1,reported_only,,5.0
5247,C5,2026-08-11,MFA reset required,E0447,Engineering,1_to_3y,just_in_time_tip,0,0,1,reported_only,,12.1
5248,C5,2026-08-11,MFA reset required,E0448,Operations,under_1y,just_in_time_tip,2,0,0,no_action,,
5249,C5,2026-08-11,MFA reset required,E0449,HR,over_3y,easy_report_prompt,1,0,0,no_action,,
5250,C5,2026-08-11,MFA reset required,E0450,Operations,1_to_3y,none,0,0,0,no_action,,
5251,C5,2026-08-11,MFA reset required,E0451,Legal & Compliance,1_to_3y,just_in_time_tip,0,0,1,reported_only,,14.3
5252,C5,2026-08-11,MFA reset required,E0452,Finance,over_3y,warning_banner,0,0,0,no_action,,
5253,C5,2026-08-11,MFA reset required,E0453,Operations,over_3y,warning_banner,2,0,0,no_action,,
5254,C5,2026-08-11,MFA reset required,E0454,Sales,over_3y,easy_report_prompt,0,0,0,no_action,,
5255,C5,2026-08-11,MFA reset required,E0455,Operations,over_3y,loss_framing,0,0,0,no_action,,
5256,C5,2026-08-11,MFA reset required,E0456,Finance,under_1y,loss_framing,3,0,0,no_action,,
5257,C5,2026-08-11,MFA reset required,E0457,Engineering,1_to_3y,warning_banner,0,0,0,no_action,,
5258,C5,2026-08-11,MFA reset required,E0458,Engineering,1_to_3y,loss_framing,0,0,0,no_action,,
5259,C5,2026-08-11,MFA reset required,E0459,Legal & Compliance,1_to_3y,warning_banner,0,0,0,no_action,,
5260,C5,2026-08-11,MFA reset required,E0460,Operations,under_1y,loss_framing,0,0,0,no_action,,
5261,C5,2026-08-11,MFA reset required,E0461,Engineering,1_to_3y,warning_banner,2,0,0,no_action,,
5262,C5,2026-08-11,MFA reset required,E0462,IT & Security,1_to_3y,none,0,0,0,no_action,,
5263,C5,2026-08-11,MFA reset required,E0463,HR,under_1y,none,0,0,0,no_action,,
5264,C5,2026-08-11,MFA reset required,E0464,Sales,1_to_3y,social_norm,0,0,1,reported_only,,64.8
5265,C5,2026-08-11,MFA reset required,E0465,Legal & Compliance,1_to_3y,social_norm,0,1,0,clicked_only,2.2,
5266,C5,2026-08-11,MFA reset required,E0466,Sales,over_3y,easy_report_prompt,1,0,0,no_action,,
5267,C5,2026-08-11,MFA reset required,E0467,Engineering,1_to_3y,social_norm,1,0,1,reported_only,,30.5
5268,C5,2026-08-11,MFA reset required,E0468,Sales,1_to_3y,easy_report_prompt,0,0,1,reported_only,,22.7
5269,C5,2026-08-11,MFA reset required,E0469,IT & Security,under_1y,none,0,0,0,no_action,,
5270,C5,2026-08-11,MFA reset required,E0470,Engineering,1_to_3y,none,0,1,0,clicked_only,6.3,
5271,C5,2026-08-11,MFA reset required,E0471,Legal & Compliance,1_to_3y,just_in_time_tip,1,0,0,no_action,,
5272,C5,2026-08-11,MFA reset required,E0472,Engineering,under_1y,just_in_time_tip,3,0,0,no_action,,
5273,C5,2026-08-11,MFA reset required,E0473,Engineering,1_to_3y,easy_report_prompt,0,0,1,reported_only,,8.2
5274,C5,2026-08-11,MFA reset required,E0474,HR,1_to_3y,just_in_time_tip,1,0,0,no_action,,
5275,C5,2026-08-11,MFA reset required,E0475,Operations,1_to_3y,loss_framing,2,0,0,no_action,,
5276,C5,2026-08-11,MFA reset required,E0476,Customer Support,1_to_3y,warning_banner,0,0,0,no_action,,
5277,C5,2026-08-11,MFA reset required,E0477,Marketing,over_3y,social_norm,2,0,0,no_action,,
5278,C5,2026-08-11,MFA reset required,E0478,IT & Security,1_to_3y,warning_banner,1,0,0,no_action,,
5279,C5,2026-08-11,MFA reset required,E0479,Finance,1_to_3y,easy_report_prompt,0,1,1,clicked_and_reported,6.7,18.7
5280,C5,2026-08-11,MFA reset required,E0480,IT & Security,over_3y,none,1,0,0,no_action,,
5281,C5,2026-08-11,MFA reset required,E0481,IT & Security,over_3y,just_in_time_tip,0,0,1,reported_only,,14.8
5282,C5,2026-08-11,MFA reset required,E0482,Sales,over_3y,loss_framing,0,0,1,reported_only,,678.5
5283,C5,2026-08-11,MFA reset required,E0483,Marketing,1_to_3y,just_in_time_tip,0,0,0,no_action,,
5284,C5,2026-08-11,MFA reset required,E0484,Sales,under_1y,none,2,0,0,no_action,,
5285,C5,2026-08-11,MFA reset required,E0485,Finance,over_3y,none,0,1,0,clicked_only,9.0,
5286,C5,2026-08-11,MFA reset required,E0486,IT & Security,over_3y,social_norm,1,0,1,reported_only,,12.7
5287,C5,2026-08-11,MFA reset required,E0487,Legal & Compliance,over_3y,none,0,0,0,no_action,,
5288,C5,2026-08-11,MFA reset required,E0488,Customer Support,under_1y,loss_framing,1,1,0,clicked_only,14.6,
5289,C5,2026-08-11,MFA reset required,E0489,Customer Support,under_1y,easy_report_prompt,1,0,1,reported_only,,17.7
5290,C5,2026-08-11,MFA reset required,E0490,Finance,over_3y,social_norm,1,0,0,no_action,,
5291,C5,2026-08-11,MFA reset required,E0491,Finance,1_to_3y,easy_report_prompt,1,0,0,no_action,,
5292,C5,2026-08-11,MFA reset required,E0492,Sales,over_3y,easy_report_prompt,1,0,1,reported_only,,14.7
5293,C5,2026-08-11,MFA reset required,E0493,Engineering,over_3y,none,1,0,0,no_action,,
5294,C5,2026-08-11,MFA reset required,E0494,Sales,1_to_3y,social_norm,0,0,0,no_action,,
5295,C5,2026-08-11,MFA reset required,E0495,Finance,over_3y,social_norm,2,0,0,no_action,,
5296,C5,2026-08-11,MFA reset required,E0496,HR,1_to_3y,easy_report_prompt,0,0,0,no_action,,
5297,C5,2026-08-11,MFA reset required,E0497,Engineering,over_3y,none,2,1,0,clicked_only,5.1,
5298,C5,2026-08-11,MFA reset required,E0498,Finance,over_3y,just_in_time_tip,1,0,1,reported_only,,5.5
5299,C5,2026-08-11,MFA reset required,E0499,Sales,over_3y,loss_framing,1,0,0,no_action,,
5300,C5,2026-08-11,MFA reset required,E0500,Finance,1_to_3y,just_in_time_tip,1,0,0,no_action,,
5301,C5,2026-08-11,MFA reset required,E0501,Operations,under_1y,social_norm,0,0,0,no_action,,
5302,C5,2026-08-11,MFA reset required,E0502,Engineering,1_to_3y,warning_banner,0,0,0,no_action,,
5303,C5,2026-08-11,MFA reset required,E0503,Engineering,over_3y,easy_report_prompt,0,1,0,clicked_only,3.0,
5304,C5,2026-08-11,MFA reset required,E0504,IT & Security,over_3y,loss_framing,0,0,0,no_action,,
5305,C5,2026-08-11,MFA reset required,E0505,Engineering,1_to_3y,easy_report_prompt,1,0,0,no_action,,
5306,C5,2026-08-11,MFA reset required,E0506,Finance,1_to_3y,just_in_time_tip,0,0,0,no_action,,
5307,C5,2026-08-11,MFA reset required,E0507,Sales,over_3y,loss_framing,0,0,0,no_action,,
5308,C5,2026-08-11,MFA reset required,E0508,HR,1_to_3y,warning_banner,0,0,1,reported_only,,2.9
5309,C5,2026-08-11,MFA reset required,E0509,Marketing,over_3y,just_in_time_tip,0,0,1,reported_only,,14.7
5310,C5,2026-08-11,MFA reset required,E0510,IT & Security,over_3y,none,0,1,0,clicked_only,2.1,
5311,C5,2026-08-11,MFA reset required,E0511,HR,over_3y,just_in_time_tip,0,0,0,no_action,,
5312,C5,2026-08-11,MFA reset required,E0512,Engineering,under_1y,just_in_time_tip,0,0,0,no_action,,
5313,C5,2026-08-11,MFA reset required,E0513,Operations,over_3y,social_norm,0,0,0,no_action,,
5314,C5,2026-08-11,MFA reset required,E0514,Engineering,under_1y,warning_banner,0,0,0,no_action,,
5315,C5,2026-08-11,MFA reset required,E0515,Finance,1_to_3y,warning_banner,0,1,0,clicked_only,15.7,
5316,C5,2026-08-11,MFA reset required,E0516,Sales,over_3y,just_in_time_tip,2,0,0,no_action,,
5317,C5,2026-08-11,MFA reset required,E0517,Executive Office,over_3y,easy_report_prompt,0,1,1,clicked_and_reported,1.0,14.9
5318,C5,2026-08-11,MFA reset required,E0518,Operations,under_1y,social_norm,1,0,0,no_action,,
5319,C5,2026-08-11,MFA reset required,E0519,Finance,over_3y,none,1,0,0,no_action,,
5320,C5,2026-08-11,MFA reset required,E0520,Sales,1_to_3y,none,0,0,0,no_action,,
5321,C5,2026-08-11,MFA reset required,E0521,Marketing,over_3y,warning_banner,1,0,0,no_action,,
5322,C5,2026-08-11,MFA reset required,E0522,Engineering,over_3y,none,2,0,0,no_action,,
5323,C5,2026-08-11,MFA reset required,E0523,Executive Office,over_3y,social_norm,0,0,1,reported_only,,3.9
5324,C5,2026-08-11,MFA reset required,E0524,Legal & Compliance,over_3y,social_norm,0,0,1,reported_only,,11.9
5325,C5,2026-08-11,MFA reset required,E0525,Engineering,under_1y,loss_framing,0,1,0,clicked_only,14.0,
5326,C5,2026-08-11,MFA reset required,E0526,Engineering,1_to_3y,loss_framing,2,0,0,no_action,,
5327,C5,2026-08-11,MFA reset required,E0527,Marketing,under_1y,social_norm,2,1,0,clicked_only,14.8,
5328,C5,2026-08-11,MFA reset required,E0528,Executive Office,1_to_3y,just_in_time_tip,0,0,0,no_action,,
5329,C5,2026-08-11,MFA reset required,E0529,Sales,1_to_3y,warning_banner,0,1,0,clicked_only,5.3,
5330,C5,2026-08-11,MFA reset required,E0530,Legal & Compliance,1_to_3y,easy_report_prompt,0,0,1,reported_only,,5.4
5331,C5,2026-08-11,MFA reset required,E0531,Operations,1_to_3y,easy_report_prompt,1,0,0,no_action,,
5332,C5,2026-08-11,MFA reset required,E0532,Operations,1_to_3y,loss_framing,2,0,0,no_action,,
5333,C5,2026-08-11,MFA reset required,E0533,Engineering,over_3y,warning_banner,1,0,0,no_action,,
5334,C5,2026-08-11,MFA reset required,E0534,Operations,under_1y,none,1,0,0,no_action,,
5335,C5,2026-08-11,MFA reset required,E0535,Engineering,1_to_3y,just_in_time_tip,1,0,0,no_action,,
5336,C5,2026-08-11,MFA reset required,E0536,Engineering,over_3y,loss_framing,0,0,1,reported_only,,40.6
5337,C5,2026-08-11,MFA reset required,E0537,Sales,under_1y,none,1,1,0,clicked_only,3.3,
5338,C5,2026-08-11,MFA reset required,E0538,HR,1_to_3y,none,0,1,0,clicked_only,5.1,
5339,C5,2026-08-11,MFA reset required,E0539,Operations,1_to_3y,social_norm,1,0,1,reported_only,,9.6
5340,C5,2026-08-11,MFA reset required,E0540,Sales,over_3y,social_norm,1,0,0,no_action,,
5341,C5,2026-08-11,MFA reset required,E0541,IT & Security,under_1y,social_norm,1,0,1,reported_only,,36.2
5342,C5,2026-08-11,MFA reset required,E0542,Operations,under_1y,social_norm,0,0,0,no_action,,
5343,C5,2026-08-11,MFA reset required,E0543,Customer Support,1_to_3y,none,1,0,0,no_action,,
5344,C5,2026-08-11,MFA reset required,E0544,Customer Support,over_3y,social_norm,2,0,0,no_action,,
5345,C5,2026-08-11,MFA reset required,E0545,HR,over_3y,none,0,0,0,no_action,,
5346,C5,2026-08-11,MFA reset required,E0546,Marketing,1_to_3y,easy_report_prompt,0,1,0,clicked_only,14.0,
5347,C5,2026-08-11,MFA reset required,E0547,IT & Security,over_3y,just_in_time_tip,1,0,0,no_action,,
5348,C5,2026-08-11,MFA reset required,E0548,Customer Support,over_3y,warning_banner,1,0,0,no_action,,
5349,C5,2026-08-11,MFA reset required,E0549,Sales,over_3y,easy_report_prompt,0,0,0,no_action,,
5350,C5,2026-08-11,MFA reset required,E0550,Sales,over_3y,warning_banner,0,0,0,no_action,,
5351,C5,2026-08-11,MFA reset required,E0551,Executive Office,over_3y,warning_banner,0,0,0,no_action,,
5352,C5,2026-08-11,MFA reset required,E0552,Operations,under_1y,just_in_time_tip,0,0,0,no_action,,
5353,C5,2026-08-11,MFA reset required,E0553,Customer Support,over_3y,warning_banner,0,1,0,clicked_only,14.6,
5354,C5,2026-08-11,MFA reset required,E0554,Legal & Compliance,over_3y,easy_report_prompt,0,0,0,no_action,,
5355,C5,2026-08-11,MFA reset required,E0555,Marketing,under_1y,just_in_time_tip,1,0,0,no_action,,
5356,C5,2026-08-11,MFA reset required,E0556,IT & Security,under_1y,just_in_time_tip,0,0,0,no_action,,
5357,C5,2026-08-11,MFA reset required,E0557,Engineering,under_1y,social_norm,1,0,0,no_action,,
5358,C5,2026-08-11,MFA reset required,E0558,Customer Support,1_to_3y,loss_framing,0,1,0,clicked_only,8.4,
5359,C5,2026-08-11,MFA reset required,E0559,IT & Security,under_1y,easy_report_prompt,0,0,1,reported_only,,0.9
5360,C5,2026-08-11,MFA reset required,E0560,Engineering,1_to_3y,loss_framing,1,0,0,no_action,,
5361,C5,2026-08-11,MFA reset required,E0561,Finance,under_1y,just_in_time_tip,2,0,0,no_action,,
5362,C5,2026-08-11,MFA reset required,E0562,Marketing,under_1y,warning_banner,0,0,0,no_action,,
5363,C5,2026-08-11,MFA reset required,E0563,Engineering,under_1y,loss_framing,1,0,0,no_action,,
5364,C5,2026-08-11,MFA reset required,E0564,Legal & Compliance,under_1y,social_norm,1,0,0,no_action,,
5365,C5,2026-08-11,MFA reset required,E0565,HR,over_3y,easy_report_prompt,0,0,0,no_action,,
5366,C5,2026-08-11,MFA reset required,E0566,Engineering,over_3y,social_norm,1,0,1,reported_only,,106.2
5367,C5,2026-08-11,MFA reset required,E0567,Customer Support,over_3y,social_norm,0,1,0,clicked_only,16.9,
5368,C5,2026-08-11,MFA reset required,E0568,Engineering,over_3y,easy_report_prompt,0,0,1,reported_only,,3.6
5369,C5,2026-08-11,MFA reset required,E0569,Operations,1_to_3y,easy_report_prompt,1,1,0,clicked_only,22.9,
5370,C5,2026-08-11,MFA reset required,E0570,Operations,over_3y,social_norm,1,1,0,clicked_only,16.4,
5371,C5,2026-08-11,MFA reset required,E0571,Engineering,over_3y,social_norm,0,0,0,no_action,,
5372,C5,2026-08-11,MFA reset required,E0572,Customer Support,1_to_3y,social_norm,1,0,0,no_action,,
5373,C5,2026-08-11,MFA reset required,E0573,Customer Support,over_3y,warning_banner,1,0,0,no_action,,
5374,C5,2026-08-11,MFA reset required,E0574,Operations,1_to_3y,none,1,0,0,no_action,,
5375,C5,2026-08-11,MFA reset required,E0575,Engineering,under_1y,just_in_time_tip,1,0,0,no_action,,
5376,C5,2026-08-11,MFA reset required,E0576,Customer Support,under_1y,warning_banner,0,0,0,no_action,,
5377,C5,2026-08-11,MFA reset required,E0577,Operations,over_3y,easy_report_prompt,0,0,1,reported_only,,3.1
5378,C5,2026-08-11,MFA reset required,E0578,Customer Support,1_to_3y,none,0,0,0,no_action,,
5379,C5,2026-08-11,MFA reset required,E0579,Operations,over_3y,warning_banner,1,0,1,reported_only,,34.3
5380,C5,2026-08-11,MFA reset required,E0580,Finance,1_to_3y,social_norm,1,0,1,reported_only,,76.4
5381,C5,2026-08-11,MFA reset required,E0581,Sales,under_1y,loss_framing,2,0,0,no_action,,
5382,C5,2026-08-11,MFA reset required,E0582,Engineering,1_to_3y,just_in_time_tip,2,0,0,no_action,,
5383,C5,2026-08-11,MFA reset required,E0583,Customer Support,under_1y,just_in_time_tip,0,1,0,clicked_only,3.0,
5384,C5,2026-08-11,MFA reset required,E0584,Sales,over_3y,easy_report_prompt,0,0,1,reported_only,,13.6
5385,C5,2026-08-11,MFA reset required,E0585,IT & Security,1_to_3y,none,0,0,0,no_action,,
5386,C5,2026-08-11,MFA reset required,E0586,Engineering,over_3y,just_in_time_tip,2,0,0,no_action,,
5387,C5,2026-08-11,MFA reset required,E0587,Engineering,under_1y,easy_report_prompt,0,0,0,no_action,,
5388,C5,2026-08-11,MFA reset required,E0588,Engineering,under_1y,just_in_time_tip,1,0,0,no_action,,
5389,C5,2026-08-11,MFA reset required,E0589,Customer Support,under_1y,warning_banner,0,0,0,no_action,,
5390,C5,2026-08-11,MFA reset required,E0590,Finance,over_3y,warning_banner,0,0,0,no_action,,
5391,C5,2026-08-11,MFA reset required,E0591,Finance,1_to_3y,easy_report_prompt,1,0,0,no_action,,
5392,C5,2026-08-11,MFA reset required,E0592,Operations,1_to_3y,warning_banner,0,0,0,no_action,,
5393,C5,2026-08-11,MFA reset required,E0593,Customer Support,1_to_3y,just_in_time_tip,0,0,0,no_action,,
5394,C5,2026-08-11,MFA reset required,E0594,Executive Office,under_1y,warning_banner,0,0,0,no_action,,
5395,C5,2026-08-11,MFA reset required,E0595,Sales,under_1y,warning_banner,0,0,0,no_action,,
5396,C5,2026-08-11,MFA reset required,E0596,Operations,1_to_3y,easy_report_prompt,0,0,0,no_action,,
5397,C5,2026-08-11,MFA reset required,E0597,Operations,1_to_3y,loss_framing,1,1,0,clicked_only,1.8,
5398,C5,2026-08-11,MFA reset required,E0598,Engineering,over_3y,easy_report_prompt,1,0,0,no_action,,
5399,C5,2026-08-11,MFA reset required,E0599,Finance,over_3y,social_norm,0,0,0,no_action,,
5400,C5,2026-08-11,MFA reset required,E0600,IT & Security,over_3y,just_in_time_tip,2,0,1,reported_only,,19.7
5401,C5,2026-08-11,MFA reset required,E0601,Engineering,under_1y,loss_framing,1,0,0,no_action,,
5402,C5,2026-08-11,MFA reset required,E0602,Finance,1_to_3y,warning_banner,0,0,0,no_action,,
5403,C5,2026-08-11,MFA reset required,E0603,Operations,under_1y,warning_banner,3,1,0,clicked_only,2.7,
5404,C5,2026-08-11,MFA reset required,E0604,Sales,over_3y,none,1,0,0,no_action,,
5405,C5,2026-08-11,MFA reset required,E0605,Finance,1_to_3y,warning_banner,1,0,0,no_action,,
5406,C5,2026-08-11,MFA reset required,E0606,Engineering,1_to_3y,just_in_time_tip,0,1,0,clicked_only,4.0,
5407,C5,2026-08-11,MFA reset required,E0607,Engineering,1_to_3y,social_norm,1,0,0,no_action,,
5408,C5,2026-08-11,MFA reset required,E0608,Sales,under_1y,social_norm,1,0,0,no_action,,
5409,C5,2026-08-11,MFA reset required,E0609,Legal & Compliance,over_3y,easy_report_prompt,0,0,0,no_action,,
5410,C5,2026-08-11,MFA reset required,E0610,Customer Support,1_to_3y,loss_framing,1,0,0,no_action,,
5411,C5,2026-08-11,MFA reset required,E0611,Engineering,1_to_3y,loss_framing,2,1,0,clicked_only,3.4,
5412,C5,2026-08-11,MFA reset required,E0612,Executive Office,over_3y,loss_framing,1,0,0,no_action,,
5413,C5,2026-08-11,MFA reset required,E0613,Customer Support,1_to_3y,social_norm,0,0,0,no_action,,
5414,C5,2026-08-11,MFA reset required,E0614,HR,over_3y,loss_framing,0,1,0,clicked_only,62.3,
5415,C5,2026-08-11,MFA reset required,E0615,IT & Security,over_3y,loss_framing,0,0,0,no_action,,
5416,C5,2026-08-11,MFA reset required,E0616,Operations,under_1y,none,1,0,0,no_action,,
5417,C5,2026-08-11,MFA reset required,E0617,Engineering,1_to_3y,easy_report_prompt,1,1,0,clicked_only,6.5,
5418,C5,2026-08-11,MFA reset required,E0618,Marketing,under_1y,loss_framing,0,0,1,reported_only,,21.0
5419,C5,2026-08-11,MFA reset required,E0619,Marketing,1_to_3y,easy_report_prompt,0,0,0,no_action,,
5420,C5,2026-08-11,MFA reset required,E0620,Sales,1_to_3y,loss_framing,1,0,0,no_action,,
5421,C5,2026-08-11,MFA reset required,E0621,HR,over_3y,easy_report_prompt,1,0,0,no_action,,
5422,C5,2026-08-11,MFA reset required,E0622,Marketing,1_to_3y,warning_banner,0,0,0,no_action,,
5423,C5,2026-08-11,MFA reset required,E0623,Sales,1_to_3y,easy_report_prompt,1,1,0,clicked_only,5.6,
5424,C5,2026-08-11,MFA reset required,E0624,Customer Support,1_to_3y,just_in_time_tip,1,0,0,no_action,,
5425,C5,2026-08-11,MFA reset required,E0625,Finance,over_3y,social_norm,1,0,1,reported_only,,8.4
5426,C5,2026-08-11,MFA reset required,E0626,IT & Security,over_3y,social_norm,1,0,0,no_action,,
5427,C5,2026-08-11,MFA reset required,E0627,IT & Security,under_1y,none,1,0,1,reported_only,,4.3
5428,C5,2026-08-11,MFA reset required,E0628,Sales,over_3y,just_in_time_tip,0,1,0,clicked_only,2.2,
5429,C5,2026-08-11,MFA reset required,E0629,Customer Support,under_1y,loss_framing,0,1,0,clicked_only,10.5,
5430,C5,2026-08-11,MFA reset required,E0630,Finance,over_3y,warning_banner,0,0,0,no_action,,
5431,C5,2026-08-11,MFA reset required,E0631,IT & Security,under_1y,just_in_time_tip,0,0,0,no_action,,
5432,C5,2026-08-11,MFA reset required,E0632,Operations,under_1y,just_in_time_tip,0,1,0,clicked_only,18.4,
5433,C5,2026-08-11,MFA reset required,E0633,HR,over_3y,easy_report_prompt,0,0,1,reported_only,,4.0
5434,C5,2026-08-11,MFA reset required,E0634,Engineering,over_3y,social_norm,1,0,1,reported_only,,12.5
5435,C5,2026-08-11,MFA reset required,E0635,Sales,1_to_3y,just_in_time_tip,1,0,0,no_action,,
5436,C5,2026-08-11,MFA reset required,E0636,Operations,under_1y,easy_report_prompt,0,0,1,reported_only,,6.1
5437,C5,2026-08-11,MFA reset required,E0637,Operations,1_to_3y,easy_report_prompt,1,0,0,no_action,,
5438,C5,2026-08-11,MFA reset required,E0638,Marketing,1_to_3y,social_norm,0,0,0,no_action,,
5439,C5,2026-08-11,MFA reset required,E0639,HR,1_to_3y,warning_banner,2,0,0,no_action,,
5440,C5,2026-08-11,MFA reset required,E0640,Customer Support,under_1y,warning_banner,0,0,0,no_action,,
5441,C5,2026-08-11,MFA reset required,E0641,Engineering,1_to_3y,warning_banner,1,0,0,no_action,,
5442,C5,2026-08-11,MFA reset required,E0642,Operations,under_1y,none,1,0,0,no_action,,
5443,C5,2026-08-11,MFA reset required,E0643,Operations,under_1y,warning_banner,0,0,0,no_action,,
5444,C5,2026-08-11,MFA reset required,E0644,Customer Support,over_3y,warning_banner,0,0,0,no_action,,
5445,C5,2026-08-11,MFA reset required,E0645,Sales,over_3y,just_in_time_tip,1,0,0,no_action,,
5446,C5,2026-08-11,MFA reset required,E0646,Finance,over_3y,none,0,0,0,no_action,,
5447,C5,2026-08-11,MFA reset required,E0647,Customer Support,over_3y,easy_report_prompt,1,0,0,no_action,,
5448,C5,2026-08-11,MFA reset required,E0648,Executive Office,1_to_3y,social_norm,1,0,1,reported_only,,4.8
5449,C5,2026-08-11,MFA reset required,E0649,Engineering,over_3y,just_in_time_tip,1,1,1,clicked_and_reported,8.1,13.5
5450,C5,2026-08-11,MFA reset required,E0650,Sales,over_3y,just_in_time_tip,0,0,0,no_action,,
5451,C5,2026-08-11,MFA reset required,E0651,Sales,over_3y,social_norm,0,0,0,no_action,,
5452,C5,2026-08-11,MFA reset required,E0652,Finance,1_to_3y,just_in_time_tip,0,1,0,clicked_only,2.4,
5453,C5,2026-08-11,MFA reset required,E0653,HR,over_3y,easy_report_prompt,0,0,0,no_action,,
5454,C5,2026-08-11,MFA reset required,E0654,Executive Office,over_3y,just_in_time_tip,1,0,0,no_action,,
5455,C5,2026-08-11,MFA reset required,E0655,HR,under_1y,loss_framing,0,0,0,no_action,,
5456,C5,2026-08-11,MFA reset required,E0656,Engineering,1_to_3y,easy_report_prompt,0,0,1,reported_only,,1.7
5457,C5,2026-08-11,MFA reset required,E0657,Engineering,1_to_3y,social_norm,1,0,0,no_action,,
5458,C5,2026-08-11,MFA reset required,E0658,Engineering,under_1y,warning_banner,2,0,0,no_action,,
5459,C5,2026-08-11,MFA reset required,E0659,Sales,1_to_3y,none,0,0,0,no_action,,
5460,C5,2026-08-11,MFA reset required,E0660,Operations,over_3y,just_in_time_tip,0,0,0,no_action,,
5461,C5,2026-08-11,MFA reset required,E0661,Finance,under_1y,easy_report_prompt,0,0,0,no_action,,
5462,C5,2026-08-11,MFA reset required,E0662,Sales,1_to_3y,social_norm,0,0,0,no_action,,
5463,C5,2026-08-11,MFA reset required,E0663,IT & Security,1_to_3y,easy_report_prompt,0,0,1,reported_only,,0.8
5464,C5,2026-08-11,MFA reset required,E0664,IT & Security,1_to_3y,loss_framing,0,0,0,no_action,,
5465,C5,2026-08-11,MFA reset required,E0665,Engineering,over_3y,just_in_time_tip,0,0,1,reported_only,,516.9
5466,C5,2026-08-11,MFA reset required,E0666,Operations,1_to_3y,just_in_time_tip,1,0,0,no_action,,
5467,C5,2026-08-11,MFA reset required,E0667,Customer Support,1_to_3y,just_in_time_tip,0,1,0,clicked_only,6.7,
5468,C5,2026-08-11,MFA reset required,E0668,Sales,over_3y,none,2,0,0,no_action,,
5469,C5,2026-08-11,MFA reset required,E0669,Finance,over_3y,social_norm,0,0,0,no_action,,
5470,C5,2026-08-11,MFA reset required,E0670,IT & Security,under_1y,warning_banner,0,0,0,no_action,,
5471,C5,2026-08-11,MFA reset required,E0671,Operations,1_to_3y,warning_banner,0,0,0,no_action,,
5472,C5,2026-08-11,MFA reset required,E0672,Operations,1_to_3y,none,0,0,0,no_action,,
5473,C5,2026-08-11,MFA reset required,E0673,Engineering,1_to_3y,easy_report_prompt,0,0,1,reported_only,,2.1
5474,C5,2026-08-11,MFA reset required,E0674,Engineering,1_to_3y,none,0,0,0,no_action,,
5475,C5,2026-08-11,MFA reset required,E0675,Engineering,over_3y,just_in_time_tip,2,0,0,no_action,,
5476,C5,2026-08-11,MFA reset required,E0676,Customer Support,1_to_3y,loss_framing,0,0,0,no_action,,
5477,C5,2026-08-11,MFA reset required,E0677,Engineering,under_1y,social_norm,0,0,0,no_action,,
5478,C5,2026-08-11,MFA reset required,E0678,Finance,under_1y,easy_report_prompt,0,0,0,no_action,,
5479,C5,2026-08-11,MFA reset required,E0679,Sales,1_to_3y,easy_report_prompt,0,0,1,reported_only,,55.8
5480,C5,2026-08-11,MFA reset required,E0680,IT & Security,over_3y,easy_report_prompt,1,0,0,no_action,,
5481,C5,2026-08-11,MFA reset required,E0681,Customer Support,under_1y,warning_banner,0,0,0,no_action,,
5482,C5,2026-08-11,MFA reset required,E0682,Customer Support,under_1y,none,0,0,0,no_action,,
5483,C5,2026-08-11,MFA reset required,E0683,Operations,over_3y,none,0,0,0,no_action,,
5484,C5,2026-08-11,MFA reset required,E0684,Marketing,under_1y,warning_banner,2,0,0,no_action,,
5485,C5,2026-08-11,MFA reset required,E0685,Engineering,over_3y,none,1,0,0,no_action,,
5486,C5,2026-08-11,MFA reset required,E0686,Marketing,under_1y,loss_framing,1,0,0,no_action,,
5487,C5,2026-08-11,MFA reset required,E0687,Marketing,over_3y,warning_banner,0,0,0,no_action,,
5488,C5,2026-08-11,MFA reset required,E0688,Sales,1_to_3y,none,2,0,0,no_action,,
5489,C5,2026-08-11,MFA reset required,E0689,Operations,under_1y,easy_report_prompt,0,0,1,reported_only,,13.5
5490,C5,2026-08-11,MFA reset required,E0690,Customer Support,over_3y,social_norm,0,0,0,no_action,,
5491,C5,2026-08-11,MFA reset required,E0691,HR,under_1y,just_in_time_tip,0,0,0,no_action,,
5492,C5,2026-08-11,MFA reset required,E0692,IT & Security,over_3y,none,0,0,0,no_action,,
5493,C5,2026-08-11,MFA reset required,E0693,Engineering,over_3y,just_in_time_tip,0,0,1,reported_only,,24.9
5494,C5,2026-08-11,MFA reset required,E0694,Sales,under_1y,social_norm,0,1,0,clicked_only,14.3,
5495,C5,2026-08-11,MFA reset required,E0695,Engineering,1_to_3y,easy_report_prompt,0,0,1,reported_only,,26.0
5496,C5,2026-08-11,MFA reset required,E0696,Operations,over_3y,just_in_time_tip,0,0,0,no_action,,
5497,C5,2026-08-11,MFA reset required,E0697,Finance,1_to_3y,loss_framing,2,0,0,no_action,,
5498,C5,2026-08-11,MFA reset required,E0698,Sales,1_to_3y,just_in_time_tip,1,0,0,no_action,,
5499,C5,2026-08-11,MFA reset required,E0699,Sales,under_1y,just_in_time_tip,1,0,0,no_action,,
5500,C5,2026-08-11,MFA reset required,E0700,Marketing,1_to_3y,social_norm,1,0,0,no_action,,
5501,C5,2026-08-11,MFA reset required,E0701,Operations,1_to_3y,easy_report_prompt,0,0,0,no_action,,
5502,C5,2026-08-11,MFA reset required,E0702,Marketing,over_3y,none,0,0,0,no_action,,
5503,C5,2026-08-11,MFA reset required,E0703,Marketing,over_3y,easy_report_prompt,0,0,0,no_action,,
5504,C5,2026-08-11,MFA reset required,E0704,Marketing,over_3y,warning_banner,2,0,0,no_action,,
5505,C5,2026-08-11,MFA reset required,E0705,Finance,over_3y,social_norm,0,0,0,no_action,,
5506,C5,2026-08-11,MFA reset required,E0706,Sales,over_3y,warning_banner,1,1,0,clicked_only,11.6,
5507,C5,2026-08-11,MFA reset required,E0707,Operations,under_1y,just_in_time_tip,1,1,0,clicked_only,17.1,
5508,C5,2026-08-11,MFA reset required,E0708,Customer Support,over_3y,loss_framing,0,0,0,no_action,,
5509,C5,2026-08-11,MFA reset required,E0709,Sales,1_to_3y,loss_framing,1,0,0,no_action,,
5510,C5,2026-08-11,MFA reset required,E0710,Engineering,1_to_3y,loss_framing,0,0,0,no_action,,
5511,C5,2026-08-11,MFA reset required,E0711,Operations,over_3y,social_norm,0,1,0,clicked_only,1.0,
5512,C5,2026-08-11,MFA reset required,E0712,Finance,1_to_3y,easy_report_prompt,2,1,0,clicked_only,6.5,
5513,C5,2026-08-11,MFA reset required,E0713,Engineering,1_to_3y,easy_report_prompt,1,0,0,no_action,,
5514,C5,2026-08-11,MFA reset required,E0714,Marketing,under_1y,easy_report_prompt,0,1,1,clicked_and_reported,3.0,18.7
5515,C5,2026-08-11,MFA reset required,E0715,Legal & Compliance,over_3y,loss_framing,2,0,0,no_action,,
5516,C5,2026-08-11,MFA reset required,E0716,IT & Security,over_3y,loss_framing,2,0,0,no_action,,
5517,C5,2026-08-11,MFA reset required,E0717,Engineering,over_3y,none,1,0,1,reported_only,,9.8
5518,C5,2026-08-11,MFA reset required,E0718,Marketing,over_3y,none,0,1,0,clicked_only,19.3,
5519,C5,2026-08-11,MFA reset required,E0719,Marketing,under_1y,just_in_time_tip,0,0,0,no_action,,
5520,C5,2026-08-11,MFA reset required,E0720,Engineering,1_to_3y,just_in_time_tip,0,0,0,no_action,,
5521,C5,2026-08-11,MFA reset required,E0721,Sales,1_to_3y,just_in_time_tip,1,1,0,clicked_only,4.5,
5522,C5,2026-08-11,MFA reset required,E0722,Marketing,over_3y,just_in_time_tip,1,0,1,reported_only,,17.5
5523,C5,2026-08-11,MFA reset required,E0723,Engineering,under_1y,social_norm,1,0,0,no_action,,
5524,C5,2026-08-11,MFA reset required,E0724,IT & Security,under_1y,just_in_time_tip,1,0,1,reported_only,,23.1
5525,C5,2026-08-11,MFA reset required,E0725,Marketing,over_3y,just_in_time_tip,0,1,0,clicked_only,2.4,
5526,C5,2026-08-11,MFA reset required,E0726,Operations,under_1y,social_norm,0,0,0,no_action,,
5527,C5,2026-08-11,MFA reset required,E0727,HR,over_3y,warning_banner,1,0,0,no_action,,
5528,C5,2026-08-11,MFA reset required,E0728,Executive Office,1_to_3y,none,1,0,0,no_action,,
5529,C5,2026-08-11,MFA reset required,E0729,Marketing,over_3y,warning_banner,1,0,1,reported_only,,14.6
5530,C5,2026-08-11,MFA reset required,E0730,Marketing,under_1y,social_norm,0,0,0,no_action,,
5531,C5,2026-08-11,MFA reset required,E0731,Marketing,over_3y,social_norm,0,0,0,no_action,,
5532,C5,2026-08-11,MFA reset required,E0732,Operations,over_3y,none,2,0,0,no_action,,
5533,C5,2026-08-11,MFA reset required,E0733,Marketing,over_3y,easy_report_prompt,0,0,0,no_action,,
5534,C5,2026-08-11,MFA reset required,E0734,Operations,1_to_3y,social_norm,1,0,0,no_action,,
5535,C5,2026-08-11,MFA reset required,E0735,Customer Support,over_3y,warning_banner,1,0,0,no_action,,
5536,C5,2026-08-11,MFA reset required,E0736,Engineering,over_3y,just_in_time_tip,1,0,0,no_action,,
5537,C5,2026-08-11,MFA reset required,E0737,Customer Support,over_3y,none,2,0,0,no_action,,
5538,C5,2026-08-11,MFA reset required,E0738,Operations,1_to_3y,just_in_time_tip,1,0,0,no_action,,
5539,C5,2026-08-11,MFA reset required,E0739,Sales,over_3y,easy_report_prompt,1,0,0,no_action,,
5540,C5,2026-08-11,MFA reset required,E0740,Operations,over_3y,just_in_time_tip,2,0,0,no_action,,
5541,C5,2026-08-11,MFA reset required,E0741,Engineering,over_3y,warning_banner,1,0,0,no_action,,
5542,C5,2026-08-11,MFA reset required,E0742,Sales,1_to_3y,none,2,0,0,no_action,,
5543,C5,2026-08-11,MFA reset required,E0743,Engineering,over_3y,loss_framing,0,0,0,no_action,,
5544,C5,2026-08-11,MFA reset required,E0744,Sales,under_1y,none,0,1,0,clicked_only,6.7,
5545,C5,2026-08-11,MFA reset required,E0745,Sales,1_to_3y,none,1,0,0,no_action,,
5546,C5,2026-08-11,MFA reset required,E0746,Sales,over_3y,social_norm,1,0,0,no_action,,
5547,C5,2026-08-11,MFA reset required,E0747,Engineering,over_3y,social_norm,1,0,0,no_action,,
5548,C5,2026-08-11,MFA reset required,E0748,Finance,under_1y,easy_report_prompt,0,1,0,clicked_only,1.0,
5549,C5,2026-08-11,MFA reset required,E0749,Engineering,1_to_3y,warning_banner,1,0,0,no_action,,
5550,C5,2026-08-11,MFA reset required,E0750,Operations,over_3y,easy_report_prompt,0,0,1,reported_only,,0.5
5551,C5,2026-08-11,MFA reset required,E0751,Operations,over_3y,warning_banner,2,0,0,no_action,,
5552,C5,2026-08-11,MFA reset required,E0752,Sales,1_to_3y,social_norm,1,0,0,no_action,,
5553,C5,2026-08-11,MFA reset required,E0753,Finance,1_to_3y,warning_banner,0,0,0,no_action,,
5554,C5,2026-08-11,MFA reset required,E0754,Engineering,1_to_3y,loss_framing,1,0,0,no_action,,
5555,C5,2026-08-11,MFA reset required,E0755,Executive Office,under_1y,loss_framing,1,0,0,no_action,,
5556,C5,2026-08-11,MFA reset required,E0756,Operations,under_1y,social_norm,0,0,0,no_action,,
5557,C5,2026-08-11,MFA reset required,E0757,Engineering,1_to_3y,loss_framing,1,0,1,reported_only,,26.6
5558,C5,2026-08-11,MFA reset required,E0758,Customer Support,over_3y,easy_report_prompt,1,0,0,no_action,,
5559,C5,2026-08-11,MFA reset required,E0759,Engineering,1_to_3y,easy_report_prompt,1,0,1,reported_only,,2.3
5560,C5,2026-08-11,MFA reset required,E0760,Marketing,1_to_3y,loss_framing,0,0,0,no_action,,
5561,C5,2026-08-11,MFA reset required,E0761,Executive Office,over_3y,social_norm,1,0,0,no_action,,
5562,C5,2026-08-11,MFA reset required,E0762,Sales,1_to_3y,social_norm,2,1,0,clicked_only,34.1,
5563,C5,2026-08-11,MFA reset required,E0763,IT & Security,under_1y,loss_framing,0,0,1,reported_only,,118.1
5564,C5,2026-08-11,MFA reset required,E0764,IT & Security,over_3y,easy_report_prompt,0,0,1,reported_only,,13.1
5565,C5,2026-08-11,MFA reset required,E0765,Engineering,under_1y,loss_framing,1,0,0,no_action,,
5566,C5,2026-08-11,MFA reset required,E0766,Operations,under_1y,easy_report_prompt,0,0,0,no_action,,
5567,C5,2026-08-11,MFA reset required,E0767,Marketing,over_3y,easy_report_prompt,0,0,0,no_action,,
5568,C5,2026-08-11,MFA reset required,E0768,IT & Security,1_to_3y,easy_report_prompt,0,0,0,no_action,,
5569,C5,2026-08-11,MFA reset required,E0769,Engineering,over_3y,social_norm,0,0,0,no_action,,
5570,C5,2026-08-11,MFA reset required,E0770,Operations,1_to_3y,none,0,0,1,reported_only,,16.5
5571,C5,2026-08-11,MFA reset required,E0771,Operations,over_3y,loss_framing,0,0,0,no_action,,
5572,C5,2026-08-11,MFA reset required,E0772,Customer Support,under_1y,warning_banner,1,0,0,no_action,,
5573,C5,2026-08-11,MFA reset required,E0773,Legal & Compliance,over_3y,easy_report_prompt,0,0,0,no_action,,
5574,C5,2026-08-11,MFA reset required,E0774,Sales,over_3y,just_in_time_tip,1,0,0,no_action,,
5575,C5,2026-08-11,MFA reset required,E0775,Customer Support,over_3y,loss_framing,0,1,0,clicked_only,1.2,
5576,C5,2026-08-11,MFA reset required,E0776,Operations,under_1y,social_norm,0,0,0,no_action,,
5577,C5,2026-08-11,MFA reset required,E0777,IT & Security,1_to_3y,social_norm,0,0,1,reported_only,,5.8
5578,C5,2026-08-11,MFA reset required,E0778,Customer Support,under_1y,warning_banner,3,0,0,no_action,,
5579,C5,2026-08-11,MFA reset required,E0779,Marketing,over_3y,none,1,0,0,no_action,,
5580,C5,2026-08-11,MFA reset required,E0780,Engineering,1_to_3y,loss_framing,0,0,0,no_action,,
5581,C5,2026-08-11,MFA reset required,E0781,Engineering,1_to_3y,social_norm,1,0,0,no_action,,
5582,C5,2026-08-11,MFA reset required,E0782,Finance,1_to_3y,none,1,0,0,no_action,,
5583,C5,2026-08-11,MFA reset required,E0783,Sales,over_3y,just_in_time_tip,2,0,0,no_action,,
5584,C5,2026-08-11,MFA reset required,E0784,Operations,1_to_3y,easy_report_prompt,0,0,0,no_action,,
5585,C5,2026-08-11,MFA reset required,E0785,Customer Support,under_1y,social_norm,0,0,1,reported_only,,136.2
5586,C5,2026-08-11,MFA reset required,E0786,Sales,1_to_3y,social_norm,1,1,0,clicked_only,6.2,
5587,C5,2026-08-11,MFA reset required,E0787,Customer Support,over_3y,social_norm,1,0,0,no_action,,
5588,C5,2026-08-11,MFA reset required,E0788,Customer Support,1_to_3y,easy_report_prompt,0,0,1,reported_only,,15.7
5589,C5,2026-08-11,MFA reset required,E0789,Customer Support,under_1y,loss_framing,1,1,0,clicked_only,10.5,
5590,C5,2026-08-11,MFA reset required,E0790,Engineering,1_to_3y,loss_framing,0,0,0,no_action,,
5591,C5,2026-08-11,MFA reset required,E0791,Finance,1_to_3y,easy_report_prompt,1,0,1,reported_only,,97.0
5592,C5,2026-08-11,MFA reset required,E0792,Sales,under_1y,loss_framing,0,1,0,clicked_only,6.6,
5593,C5,2026-08-11,MFA reset required,E0793,Operations,over_3y,social_norm,0,0,1,reported_only,,24.1
5594,C5,2026-08-11,MFA reset required,E0794,Engineering,over_3y,loss_framing,0,0,0,no_action,,
5595,C5,2026-08-11,MFA reset required,E0795,Marketing,under_1y,easy_report_prompt,0,0,0,no_action,,
5596,C5,2026-08-11,MFA reset required,E0796,Sales,over_3y,loss_framing,2,1,0,clicked_only,2.4,
5597,C5,2026-08-11,MFA reset required,E0797,HR,1_to_3y,social_norm,0,0,1,reported_only,,6.5
5598,C5,2026-08-11,MFA reset required,E0798,Sales,1_to_3y,social_norm,2,0,0,no_action,,
5599,C5,2026-08-11,MFA reset required,E0799,Operations,1_to_3y,warning_banner,1,0,0,no_action,,
5600,C5,2026-08-11,MFA reset required,E0800,IT & Security,under_1y,none,0,0,0,no_action,,
5601,C5,2026-08-11,MFA reset required,E0801,Legal & Compliance,1_to_3y,easy_report_prompt,1,0,1,reported_only,,3.2
5602,C5,2026-08-11,MFA reset required,E0802,IT & Security,over_3y,social_norm,1,0,0,no_action,,
5603,C5,2026-08-11,MFA reset required,E0803,Marketing,1_to_3y,just_in_time_tip,0,0,0,no_action,,
5604,C5,2026-08-11,MFA reset required,E0804,IT & Security,over_3y,warning_banner,0,0,1,reported_only,,20.1
5605,C5,2026-08-11,MFA reset required,E0805,Customer Support,1_to_3y,easy_report_prompt,1,0,0,no_action,,
5606,C5,2026-08-11,MFA reset required,E0806,Sales,1_to_3y,warning_banner,0,0,0,no_action,,
5607,C5,2026-08-11,MFA reset required,E0807,Operations,1_to_3y,easy_report_prompt,1,0,0,no_action,,
5608,C5,2026-08-11,MFA reset required,E0808,Engineering,over_3y,loss_framing,0,0,0,no_action,,
5609,C5,2026-08-11,MFA reset required,E0809,HR,over_3y,none,2,0,1,reported_only,,44.4
5610,C5,2026-08-11,MFA reset required,E0810,Marketing,1_to_3y,warning_banner,1,0,0,no_action,,
5611,C5,2026-08-11,MFA reset required,E0811,Marketing,under_1y,loss_framing,2,0,0,no_action,,
5612,C5,2026-08-11,MFA reset required,E0812,Operations,1_to_3y,loss_framing,1,1,0,clicked_only,1.4,
5613,C5,2026-08-11,MFA reset required,E0813,Operations,1_to_3y,warning_banner,0,0,0,no_action,,
5614,C5,2026-08-11,MFA reset required,E0814,IT & Security,under_1y,loss_framing,0,0,0,no_action,,
5615,C5,2026-08-11,MFA reset required,E0815,Customer Support,under_1y,warning_banner,0,0,0,no_action,,
5616,C5,2026-08-11,MFA reset required,E0816,Engineering,over_3y,social_norm,1,0,0,no_action,,
5617,C5,2026-08-11,MFA reset required,E0817,Customer Support,1_to_3y,easy_report_prompt,1,1,0,clicked_only,24.6,
5618,C5,2026-08-11,MFA reset required,E0818,Finance,over_3y,easy_report_prompt,2,0,1,reported_only,,9.7
5619,C5,2026-08-11,MFA reset required,E0819,Customer Support,1_to_3y,warning_banner,0,1,0,clicked_only,6.1,
5620,C5,2026-08-11,MFA reset required,E0820,Operations,under_1y,easy_report_prompt,1,0,0,no_action,,
5621,C5,2026-08-11,MFA reset required,E0821,Finance,over_3y,none,1,0,0,no_action,,
5622,C5,2026-08-11,MFA reset required,E0822,Sales,under_1y,none,0,0,0,no_action,,
5623,C5,2026-08-11,MFA reset required,E0823,Finance,1_to_3y,social_norm,0,1,0,clicked_only,8.1,
5624,C5,2026-08-11,MFA reset required,E0824,Sales,1_to_3y,warning_banner,2,0,1,reported_only,,9.9
5625,C5,2026-08-11,MFA reset required,E0825,Sales,under_1y,social_norm,2,0,0,no_action,,
5626,C5,2026-08-11,MFA reset required,E0826,Operations,over_3y,loss_framing,0,0,0,no_action,,
5627,C5,2026-08-11,MFA reset required,E0827,Engineering,1_to_3y,easy_report_prompt,1,0,0,no_action,,
5628,C5,2026-08-11,MFA reset required,E0828,Operations,over_3y,warning_banner,0,1,0,clicked_only,6.5,
5629,C5,2026-08-11,MFA reset required,E0829,Sales,1_to_3y,none,0,0,0,no_action,,
5630,C5,2026-08-11,MFA reset required,E0830,IT & Security,1_to_3y,warning_banner,0,0,1,reported_only,,160.0
5631,C5,2026-08-11,MFA reset required,E0831,Customer Support,over_3y,none,1,0,0,no_action,,
5632,C5,2026-08-11,MFA reset required,E0832,Marketing,under_1y,just_in_time_tip,0,0,0,no_action,,
5633,C5,2026-08-11,MFA reset required,E0833,IT & Security,1_to_3y,warning_banner,0,0,0,no_action,,
5634,C5,2026-08-11,MFA reset required,E0834,Sales,1_to_3y,loss_framing,0,0,1,reported_only,,19.8
5635,C5,2026-08-11,MFA reset required,E0835,Engineering,under_1y,none,0,0,0,no_action,,
5636,C5,2026-08-11,MFA reset required,E0836,Marketing,1_to_3y,none,1,0,1,reported_only,,9.2
5637,C5,2026-08-11,MFA reset required,E0837,Sales,over_3y,just_in_time_tip,1,0,0,no_action,,
5638,C5,2026-08-11,MFA reset required,E0838,IT & Security,over_3y,warning_banner,0,1,0,clicked_only,83.6,
5639,C5,2026-08-11,MFA reset required,E0839,Marketing,1_to_3y,social_norm,0,0,0,no_action,,
5640,C5,2026-08-11,MFA reset required,E0840,Sales,under_1y,just_in_time_tip,1,0,0,no_action,,
5641,C5,2026-08-11,MFA reset required,E0841,Customer Support,under_1y,social_norm,0,0,0,no_action,,
5642,C5,2026-08-11,MFA reset required,E0842,Legal & Compliance,over_3y,loss_framing,1,1,0,clicked_only,12.9,
5643,C5,2026-08-11,MFA reset required,E0843,Engineering,over_3y,none,1,1,0,clicked_only,21.6,
5644,C5,2026-08-11,MFA reset required,E0844,Customer Support,over_3y,none,3,0,0,no_action,,
5645,C5,2026-08-11,MFA reset required,E0845,Finance,1_to_3y,loss_framing,0,0,1,reported_only,,38.7
5646,C5,2026-08-11,MFA reset required,E0846,Customer Support,under_1y,social_norm,2,0,0,no_action,,
5647,C5,2026-08-11,MFA reset required,E0847,Engineering,1_to_3y,none,1,0,0,no_action,,
5648,C5,2026-08-11,MFA reset required,E0848,Customer Support,1_to_3y,loss_framing,1,1,0,clicked_only,1.1,
5649,C5,2026-08-11,MFA reset required,E0849,Finance,under_1y,just_in_time_tip,0,0,0,no_action,,
5650,C5,2026-08-11,MFA reset required,E0850,Sales,1_to_3y,social_norm,0,0,0,no_action,,
5651,C5,2026-08-11,MFA reset required,E0851,Sales,over_3y,warning_banner,0,0,0,no_action,,
5652,C5,2026-08-11,MFA reset required,E0852,Engineering,under_1y,warning_banner,0,0,0,no_action,,
5653,C5,2026-08-11,MFA reset required,E0853,Operations,1_to_3y,social_norm,1,0,0,no_action,,
5654,C5,2026-08-11,MFA reset required,E0854,HR,1_to_3y,loss_framing,0,0,0,no_action,,
5655,C5,2026-08-11,MFA reset required,E0855,Sales,over_3y,easy_report_prompt,0,0,0,no_action,,
5656,C5,2026-08-11,MFA reset required,E0856,Customer Support,1_to_3y,social_norm,2,1,0,clicked_only,1.5,
5657,C5,2026-08-11,MFA reset required,E0857,Marketing,over_3y,just_in_time_tip,0,0,0,no_action,,
5658,C5,2026-08-11,MFA reset required,E0858,Engineering,1_to_3y,just_in_time_tip,1,0,0,no_action,,
5659,C5,2026-08-11,MFA reset required,E0859,Customer Support,1_to_3y,social_norm,0,0,0,no_action,,
5660,C5,2026-08-11,MFA reset required,E0860,Customer Support,under_1y,easy_report_prompt,1,0,0,no_action,,
5661,C5,2026-08-11,MFA reset required,E0861,HR,1_to_3y,warning_banner,1,1,0,clicked_only,6.2,
5662,C5,2026-08-11,MFA reset required,E0862,Finance,over_3y,loss_framing,1,0,0,no_action,,
5663,C5,2026-08-11,MFA reset required,E0863,Engineering,over_3y,social_norm,0,0,0,no_action,,
5664,C5,2026-08-11,MFA reset required,E0864,Operations,over_3y,loss_framing,1,0,1,reported_only,,7.6
5665,C5,2026-08-11,MFA reset required,E0865,Engineering,over_3y,loss_framing,1,0,0,no_action,,
5666,C5,2026-08-11,MFA reset required,E0866,Legal & Compliance,under_1y,warning_banner,0,0,0,no_action,,
5667,C5,2026-08-11,MFA reset required,E0867,Customer Support,over_3y,warning_banner,0,0,0,no_action,,
5668,C5,2026-08-11,MFA reset required,E0868,Sales,over_3y,loss_framing,0,0,0,no_action,,
5669,C5,2026-08-11,MFA reset required,E0869,Customer Support,over_3y,loss_framing,1,1,1,clicked_and_reported,8.0,24.0
5670,C5,2026-08-11,MFA reset required,E0870,IT & Security,over_3y,social_norm,0,0,1,reported_only,,125.4
5671,C5,2026-08-11,MFA reset required,E0871,Sales,under_1y,warning_banner,0,0,0,no_action,,
5672,C5,2026-08-11,MFA reset required,E0872,IT & Security,under_1y,easy_report_prompt,1,0,0,no_action,,
5673,C5,2026-08-11,MFA reset required,E0873,Marketing,over_3y,social_norm,1,0,0,no_action,,
5674,C5,2026-08-11,MFA reset required,E0874,Customer Support,1_to_3y,warning_banner,0,0,0,no_action,,
5675,C5,2026-08-11,MFA reset required,E0875,Sales,over_3y,social_norm,0,0,0,no_action,,
5676,C5,2026-08-11,MFA reset required,E0876,Finance,1_to_3y,warning_banner,1,0,1,reported_only,,21.7
5677,C5,2026-08-11,MFA reset required,E0877,Customer Support,1_to_3y,social_norm,0,0,1,reported_only,,16.5
5678,C5,2026-08-11,MFA reset required,E0878,Sales,over_3y,warning_banner,1,1,0,clicked_only,5.3,
5679,C5,2026-08-11,MFA reset required,E0879,Operations,1_to_3y,just_in_time_tip,1,1,0,clicked_only,0.8,
5680,C5,2026-08-11,MFA reset required,E0880,Executive Office,under_1y,none,0,0,0,no_action,,
5681,C5,2026-08-11,MFA reset required,E0881,Marketing,1_to_3y,warning_banner,0,0,1,reported_only,,12.6
5682,C5,2026-08-11,MFA reset required,E0882,Operations,under_1y,social_norm,0,0,0,no_action,,
5683,C5,2026-08-11,MFA reset required,E0883,Sales,over_3y,social_norm,1,0,1,reported_only,,92.1
5684,C5,2026-08-11,MFA reset required,E0884,Finance,over_3y,warning_banner,2,0,1,reported_only,,9.0
5685,C5,2026-08-11,MFA reset required,E0885,IT & Security,under_1y,social_norm,1,0,0,no_action,,
5686,C5,2026-08-11,MFA reset required,E0886,Operations,1_to_3y,loss_framing,0,0,1,reported_only,,47.2
5687,C5,2026-08-11,MFA reset required,E0887,Sales,over_3y,warning_banner,0,0,0,no_action,,
5688,C5,2026-08-11,MFA reset required,E0888,Customer Support,under_1y,warning_banner,0,0,0,no_action,,
5689,C5,2026-08-11,MFA reset required,E0889,Operations,under_1y,loss_framing,1,0,0,no_action,,
5690,C5,2026-08-11,MFA reset required,E0890,Customer Support,under_1y,social_norm,0,0,0,no_action,,
5691,C5,2026-08-11,MFA reset required,E0891,Operations,over_3y,warning_banner,1,0,0,no_action,,
5692,C5,2026-08-11,MFA reset required,E0892,Executive Office,1_to_3y,easy_report_prompt,0,0,0,no_action,,
5693,C5,2026-08-11,MFA reset required,E0893,Finance,under_1y,easy_report_prompt,0,0,0,no_action,,
5694,C5,2026-08-11,MFA reset required,E0894,Operations,under_1y,easy_report_prompt,1,0,0,no_action,,
5695,C5,2026-08-11,MFA reset required,E0895,Engineering,under_1y,warning_banner,0,1,0,clicked_only,3.3,
5696,C5,2026-08-11,MFA reset required,E0896,Marketing,1_to_3y,just_in_time_tip,0,0,0,no_action,,
5697,C5,2026-08-11,MFA reset required,E0897,Sales,under_1y,warning_banner,2,0,0,no_action,,
5698,C5,2026-08-11,MFA reset required,E0898,Executive Office,over_3y,loss_framing,0,0,0,no_action,,
5699,C5,2026-08-11,MFA reset required,E0899,IT & Security,over_3y,loss_framing,2,0,1,reported_only,,3.8
5700,C5,2026-08-11,MFA reset required,E0900,Sales,over_3y,social_norm,0,1,0,clicked_only,37.1,
5701,C5,2026-08-11,MFA reset required,E0901,Operations,1_to_3y,warning_banner,0,1,0,clicked_only,4.2,
5702,C5,2026-08-11,MFA reset required,E0902,HR,under_1y,easy_report_prompt,1,0,0,no_action,,
5703,C5,2026-08-11,MFA reset required,E0903,Engineering,1_to_3y,just_in_time_tip,0,0,0,no_action,,
5704,C5,2026-08-11,MFA reset required,E0904,Operations,1_to_3y,loss_framing,1,1,0,clicked_only,2.8,
5705,C5,2026-08-11,MFA reset required,E0905,Customer Support,under_1y,just_in_time_tip,1,0,0,no_action,,
5706,C5,2026-08-11,MFA reset required,E0906,Engineering,under_1y,social_norm,1,0,1,reported_only,,81.2
5707,C5,2026-08-11,MFA reset required,E0907,Operations,over_3y,social_norm,0,1,0,clicked_only,2.2,
5708,C5,2026-08-11,MFA reset required,E0908,Operations,1_to_3y,easy_report_prompt,1,0,0,no_action,,
5709,C5,2026-08-11,MFA reset required,E0909,IT & Security,over_3y,warning_banner,0,0,0,no_action,,
5710,C5,2026-08-11,MFA reset required,E0910,Operations,1_to_3y,none,0,0,0,no_action,,
5711,C5,2026-08-11,MFA reset required,E0911,IT & Security,1_to_3y,just_in_time_tip,1,0,1,reported_only,,6.2
5712,C5,2026-08-11,MFA reset required,E0912,Operations,over_3y,just_in_time_tip,0,1,0,clicked_only,2.1,
5713,C5,2026-08-11,MFA reset required,E0913,Legal & Compliance,1_to_3y,just_in_time_tip,0,0,1,reported_only,,44.1
5714,C5,2026-08-11,MFA reset required,E0914,Finance,1_to_3y,loss_framing,0,0,0,no_action,,
5715,C5,2026-08-11,MFA reset required,E0915,Engineering,over_3y,loss_framing,1,0,0,no_action,,
5716,C5,2026-08-11,MFA reset required,E0916,Executive Office,over_3y,just_in_time_tip,1,0,0,no_action,,
5717,C5,2026-08-11,MFA reset required,E0917,HR,over_3y,loss_framing,0,0,0,no_action,,
5718,C5,2026-08-11,MFA reset required,E0918,Customer Support,over_3y,loss_framing,1,0,0,no_action,,
5719,C5,2026-08-11,MFA reset required,E0919,Operations,1_to_3y,none,1,1,0,clicked_only,33.7,
5720,C5,2026-08-11,MFA reset required,E0920,Engineering,1_to_3y,just_in_time_tip,0,0,0,no_action,,
5721,C5,2026-08-11,MFA reset required,E0921,Sales,over_3y,just_in_time_tip,0,0,0,no_action,,
5722,C5,2026-08-11,MFA reset required,E0922,Engineering,over_3y,loss_framing,1,0,0,no_action,,
5723,C5,2026-08-11,MFA reset required,E0923,Customer Support,under_1y,warning_banner,0,0,0,no_action,,
5724,C5,2026-08-11,MFA reset required,E0924,HR,over_3y,warning_banner,1,0,0,no_action,,
5725,C5,2026-08-11,MFA reset required,E0925,Customer Support,over_3y,none,0,1,0,clicked_only,9.7,
5726,C5,2026-08-11,MFA reset required,E0926,Customer Support,1_to_3y,social_norm,0,1,0,clicked_only,1.2,
5727,C5,2026-08-11,MFA reset required,E0927,Sales,1_to_3y,just_in_time_tip,0,0,1,reported_only,,53.3
5728,C5,2026-08-11,MFA reset required,E0928,HR,1_to_3y,easy_report_prompt,1,0,0,no_action,,
5729,C5,2026-08-11,MFA reset required,E0929,Finance,1_to_3y,loss_framing,1,0,0,no_action,,
5730,C5,2026-08-11,MFA reset required,E0930,Sales,1_to_3y,social_norm,1,0,0,no_action,,
5731,C5,2026-08-11,MFA reset required,E0931,Sales,under_1y,social_norm,0,0,0,no_action,,
5732,C5,2026-08-11,MFA reset required,E0932,HR,over_3y,just_in_time_tip,0,1,0,clicked_only,1.1,
5733,C5,2026-08-11,MFA reset required,E0933,Engineering,over_3y,none,1,0,0,no_action,,
5734,C5,2026-08-11,MFA reset required,E0934,Operations,over_3y,loss_framing,3,0,0,no_action,,
5735,C5,2026-08-11,MFA reset required,E0935,Finance,over_3y,social_norm,3,0,1,reported_only,,25.5
5736,C5,2026-08-11,MFA reset required,E0936,Marketing,1_to_3y,none,0,1,0,clicked_only,7.8,
5737,C5,2026-08-11,MFA reset required,E0937,Sales,over_3y,none,0,0,0,no_action,,
5738,C5,2026-08-11,MFA reset required,E0938,Finance,1_to_3y,loss_framing,1,0,1,reported_only,,3.3
5739,C5,2026-08-11,MFA reset required,E0939,Finance,over_3y,easy_report_prompt,1,0,0,no_action,,
5740,C5,2026-08-11,MFA reset required,E0940,Operations,1_to_3y,social_norm,0,0,0,no_action,,
5741,C5,2026-08-11,MFA reset required,E0941,Finance,1_to_3y,loss_framing,0,0,1,reported_only,,3.9
5742,C5,2026-08-11,MFA reset required,E0942,Sales,over_3y,easy_report_prompt,2,0,1,reported_only,,22.5
5743,C5,2026-08-11,MFA reset required,E0943,Operations,1_to_3y,just_in_time_tip,1,0,0,no_action,,
5744,C5,2026-08-11,MFA reset required,E0944,Sales,1_to_3y,social_norm,1,0,0,no_action,,
5745,C5,2026-08-11,MFA reset required,E0945,Engineering,1_to_3y,none,1,0,0,no_action,,
5746,C5,2026-08-11,MFA reset required,E0946,Customer Support,under_1y,none,1,1,0,clicked_only,28.2,
5747,C5,2026-08-11,MFA reset required,E0947,HR,1_to_3y,warning_banner,1,0,0,no_action,,
5748,C5,2026-08-11,MFA reset required,E0948,Operations,1_to_3y,loss_framing,2,0,0,no_action,,
5749,C5,2026-08-11,MFA reset required,E0949,IT & Security,1_to_3y,social_norm,1,0,0,no_action,,
5750,C5,2026-08-11,MFA reset required,E0950,Finance,1_to_3y,warning_banner,1,0,0,no_action,,
5751,C5,2026-08-11,MFA reset required,E0951,Engineering,under_1y,just_in_time_tip,0,1,0,clicked_only,6.5,
5752,C5,2026-08-11,MFA reset required,E0952,Customer Support,1_to_3y,none,0,1,0,clicked_only,78.5,
5753,C5,2026-08-11,MFA reset required,E0953,Operations,over_3y,easy_report_prompt,0,1,0,clicked_only,36.8,
5754,C5,2026-08-11,MFA reset required,E0954,IT & Security,1_to_3y,warning_banner,1,0,0,no_action,,
5755,C5,2026-08-11,MFA reset required,E0955,Finance,under_1y,social_norm,1,0,0,no_action,,
5756,C5,2026-08-11,MFA reset required,E0956,Operations,under_1y,loss_framing,2,0,0,no_action,,
5757,C5,2026-08-11,MFA reset required,E0957,Engineering,1_to_3y,warning_banner,0,0,0,no_action,,
5758,C5,2026-08-11,MFA reset required,E0958,Operations,1_to_3y,social_norm,1,0,0,no_action,,
5759,C5,2026-08-11,MFA reset required,E0959,Finance,1_to_3y,just_in_time_tip,0,0,0,no_action,,
5760,C5,2026-08-11,MFA reset required,E0960,Operations,1_to_3y,loss_framing,1,0,0,no_action,,
5761,C5,2026-08-11,MFA reset required,E0961,HR,1_to_3y,just_in_time_tip,0,0,1,reported_only,,11.4
5762,C5,2026-08-11,MFA reset required,E0962,Sales,1_to_3y,loss_framing,1,0,0,no_action,,
5763,C5,2026-08-11,MFA reset required,E0963,Finance,1_to_3y,social_norm,0,0,0,no_action,,
5764,C5,2026-08-11,MFA reset required,E0964,Engineering,over_3y,social_norm,1,0,0,no_action,,
5765,C5,2026-08-11,MFA reset required,E0965,IT & Security,under_1y,easy_report_prompt,0,0,1,reported_only,,12.6
5766,C5,2026-08-11,MFA reset required,E0966,Marketing,over_3y,none,1,0,0,no_action,,
5767,C5,2026-08-11,MFA reset required,E0967,Operations,over_3y,loss_framing,0,0,0,no_action,,
5768,C5,2026-08-11,MFA reset required,E0968,Sales,1_to_3y,warning_banner,1,0,0,no_action,,
5769,C5,2026-08-11,MFA reset required,E0969,IT & Security,under_1y,just_in_time_tip,3,0,1,reported_only,,9.5
5770,C5,2026-08-11,MFA reset required,E0970,Customer Support,over_3y,easy_report_prompt,2,0,0,no_action,,
5771,C5,2026-08-11,MFA reset required,E0971,Sales,over_3y,easy_report_prompt,1,1,0,clicked_only,5.9,
5772,C5,2026-08-11,MFA reset required,E0972,Customer Support,over_3y,just_in_time_tip,2,0,0,no_action,,
5773,C5,2026-08-11,MFA reset required,E0973,IT & Security,under_1y,loss_framing,1,0,0,no_action,,
5774,C5,2026-08-11,MFA reset required,E0974,Sales,1_to_3y,easy_report_prompt,0,0,0,no_action,,
5775,C5,2026-08-11,MFA reset required,E0975,IT & Security,1_to_3y,warning_banner,0,0,1,reported_only,,12.7
5776,C5,2026-08-11,MFA reset required,E0976,Customer Support,under_1y,none,0,1,0,clicked_only,6.1,
5777,C5,2026-08-11,MFA reset required,E0977,Operations,over_3y,none,0,0,0,no_action,,
5778,C5,2026-08-11,MFA reset required,E0978,Customer Support,1_to_3y,social_norm,0,1,0,clicked_only,6.0,
5779,C5,2026-08-11,MFA reset required,E0979,Sales,over_3y,warning_banner,1,1,0,clicked_only,2.4,
5780,C5,2026-08-11,MFA reset required,E0980,Operations,1_to_3y,social_norm,0,0,0,no_action,,
5781,C5,2026-08-11,MFA reset required,E0981,Customer Support,1_to_3y,easy_report_prompt,1,1,0,clicked_only,147.0,
5782,C5,2026-08-11,MFA reset required,E0982,Sales,1_to_3y,just_in_time_tip,0,0,0,no_action,,
5783,C5,2026-08-11,MFA reset required,E0983,IT & Security,1_to_3y,just_in_time_tip,0,0,0,no_action,,
5784,C5,2026-08-11,MFA reset required,E0984,HR,1_to_3y,none,0,1,0,clicked_only,12.0,
5785,C5,2026-08-11,MFA reset required,E0985,Marketing,under_1y,warning_banner,0,1,0,clicked_only,36.2,
5786,C5,2026-08-11,MFA reset required,E0986,HR,over_3y,social_norm,1,0,0,no_action,,
5787,C5,2026-08-11,MFA reset required,E0987,IT & Security,over_3y,just_in_time_tip,1,0,1,reported_only,,2.0
5788,C5,2026-08-11,MFA reset required,E0988,Engineering,over_3y,loss_framing,0,0,1,reported_only,,45.6
5789,C5,2026-08-11,MFA reset required,E0989,Customer Support,1_to_3y,warning_banner,0,1,0,clicked_only,27.8,
5790,C5,2026-08-11,MFA reset required,E0990,HR,1_to_3y,just_in_time_tip,0,0,0,no_action,,
5791,C5,2026-08-11,MFA reset required,E0991,Engineering,over_3y,none,0,0,0,no_action,,
5792,C5,2026-08-11,MFA reset required,E0992,Marketing,over_3y,none,2,0,0,no_action,,
5793,C5,2026-08-11,MFA reset required,E0993,Sales,over_3y,social_norm,0,0,0,no_action,,
5794,C5,2026-08-11,MFA reset required,E0994,Sales,under_1y,warning_banner,2,0,0,no_action,,
5795,C5,2026-08-11,MFA reset required,E0995,Sales,over_3y,none,1,0,0,no_action,,
5796,C5,2026-08-11,MFA reset required,E0996,Executive Office,1_to_3y,just_in_time_tip,1,0,0,no_action,,
5797,C5,2026-08-11,MFA reset required,E0997,Marketing,under_1y,loss_framing,0,0,0,no_action,,
5798,C5,2026-08-11,MFA reset required,E0998,Sales,1_to_3y,social_norm,0,1,1,clicked_and_reported,4.3,5.0
5799,C5,2026-08-11,MFA reset required,E0999,Engineering,over_3y,social_norm,0,0,0,no_action,,
5800,C5,2026-08-11,MFA reset required,E1000,Operations,1_to_3y,warning_banner,1,0,0,no_action,,
5801,C5,2026-08-11,MFA reset required,E1001,Sales,over_3y,loss_framing,0,1,0,clicked_only,0.8,
5802,C5,2026-08-11,MFA reset required,E1002,Customer Support,1_to_3y,none,0,0,0,no_action,,
5803,C5,2026-08-11,MFA reset required,E1003,Sales,under_1y,loss_framing,2,0,0,no_action,,
5804,C5,2026-08-11,MFA reset required,E1004,Operations,over_3y,easy_report_prompt,0,0,0,no_action,,
5805,C5,2026-08-11,MFA reset required,E1005,IT & Security,1_to_3y,social_norm,1,0,1,reported_only,,10.4
5806,C5,2026-08-11,MFA reset required,E1006,Operations,under_1y,social_norm,0,0,0,no_action,,
5807,C5,2026-08-11,MFA reset required,E1007,Sales,over_3y,warning_banner,3,0,1,reported_only,,5.8
5808,C5,2026-08-11,MFA reset required,E1008,HR,over_3y,none,0,0,0,no_action,,
5809,C5,2026-08-11,MFA reset required,E1009,Engineering,1_to_3y,none,1,0,0,no_action,,
5810,C5,2026-08-11,MFA reset required,E1010,Legal & Compliance,under_1y,none,1,0,0,no_action,,
5811,C5,2026-08-11,MFA reset required,E1011,Customer Support,over_3y,easy_report_prompt,1,0,1,reported_only,,32.8
5812,C5,2026-08-11,MFA reset required,E1012,Sales,over_3y,warning_banner,0,1,0,clicked_only,2.6,
5813,C5,2026-08-11,MFA reset required,E1013,Executive Office,under_1y,warning_banner,0,0,0,no_action,,
5814,C5,2026-08-11,MFA reset required,E1014,Sales,over_3y,none,1,0,0,no_action,,
5815,C5,2026-08-11,MFA reset required,E1015,Operations,1_to_3y,just_in_time_tip,1,0,1,reported_only,,28.3
5816,C5,2026-08-11,MFA reset required,E1016,Sales,over_3y,none,0,0,0,no_action,,
5817,C5,2026-08-11,MFA reset required,E1017,IT & Security,over_3y,social_norm,1,0,1,reported_only,,2.6
5818,C5,2026-08-11,MFA reset required,E1018,Engineering,under_1y,loss_framing,2,1,0,clicked_only,22.8,
5819,C5,2026-08-11,MFA reset required,E1019,HR,1_to_3y,social_norm,1,0,1,reported_only,,37.2
5820,C5,2026-08-11,MFA reset required,E1020,HR,over_3y,easy_report_prompt,0,0,0,no_action,,
5821,C5,2026-08-11,MFA reset required,E1021,Engineering,over_3y,warning_banner,1,0,0,no_action,,
5822,C5,2026-08-11,MFA reset required,E1022,Finance,over_3y,warning_banner,0,0,0,no_action,,
5823,C5,2026-08-11,MFA reset required,E1023,HR,over_3y,social_norm,2,1,0,clicked_only,1.3,
5824,C5,2026-08-11,MFA reset required,E1024,Engineering,over_3y,easy_report_prompt,1,0,1,reported_only,,2.0
5825,C5,2026-08-11,MFA reset required,E1025,Legal & Compliance,under_1y,none,0,0,0,no_action,,
5826,C5,2026-08-11,MFA reset required,E1026,Finance,over_3y,warning_banner,1,0,0,no_action,,
5827,C5,2026-08-11,MFA reset required,E1027,Operations,over_3y,none,0,0,1,reported_only,,123.1
5828,C5,2026-08-11,MFA reset required,E1028,Finance,1_to_3y,none,0,1,0,clicked_only,1.7,
5829,C5,2026-08-11,MFA reset required,E1029,Sales,1_to_3y,easy_report_prompt,0,0,0,no_action,,
5830,C5,2026-08-11,MFA reset required,E1030,IT & Security,1_to_3y,warning_banner,1,0,0,no_action,,
5831,C5,2026-08-11,MFA reset required,E1031,Customer Support,under_1y,just_in_time_tip,0,1,0,clicked_only,3.0,
5832,C5,2026-08-11,MFA reset required,E1032,Sales,1_to_3y,loss_framing,0,0,0,no_action,,
5833,C5,2026-08-11,MFA reset required,E1033,Finance,under_1y,easy_report_prompt,1,0,0,no_action,,
5834,C5,2026-08-11,MFA reset required,E1034,Operations,over_3y,social_norm,1,0,1,reported_only,,87.3
5835,C5,2026-08-11,MFA reset required,E1035,Operations,over_3y,easy_report_prompt,0,1,0,clicked_only,4.6,
5836,C5,2026-08-11,MFA reset required,E1036,IT & Security,under_1y,social_norm,1,0,1,reported_only,,7.1
5837,C5,2026-08-11,MFA reset required,E1037,Engineering,over_3y,just_in_time_tip,3,1,0,clicked_only,33.7,
5838,C5,2026-08-11,MFA reset required,E1038,Sales,1_to_3y,social_norm,0,1,0,clicked_only,2.9,
5839,C5,2026-08-11,MFA reset required,E1039,Customer Support,under_1y,easy_report_prompt,0,0,1,reported_only,,17.9
5840,C5,2026-08-11,MFA reset required,E1040,Operations,1_to_3y,loss_framing,0,0,0,no_action,,
5841,C5,2026-08-11,MFA reset required,E1041,Operations,1_to_3y,warning_banner,1,0,0,no_action,,
5842,C5,2026-08-11,MFA reset required,E1042,IT & Security,over_3y,loss_framing,0,0,1,reported_only,,86.9
5843,C5,2026-08-11,MFA reset required,E1043,HR,1_to_3y,just_in_time_tip,2,0,0,no_action,,
5844,C5,2026-08-11,MFA reset required,E1044,Marketing,under_1y,warning_banner,0,0,1,reported_only,,4.0
5845,C5,2026-08-11,MFA reset required,E1045,IT & Security,under_1y,easy_report_prompt,1,0,0,no_action,,
5846,C5,2026-08-11,MFA reset required,E1046,Customer Support,over_3y,just_in_time_tip,1,1,0,clicked_only,10.2,
5847,C5,2026-08-11,MFA reset required,E1047,Engineering,1_to_3y,easy_report_prompt,0,0,0,no_action,,
5848,C5,2026-08-11,MFA reset required,E1048,Customer Support,over_3y,none,1,0,0,no_action,,
5849,C5,2026-08-11,MFA reset required,E1049,Finance,under_1y,none,0,0,0,no_action,,
5850,C5,2026-08-11,MFA reset required,E1050,Customer Support,1_to_3y,none,0,1,0,clicked_only,23.2,
5851,C5,2026-08-11,MFA reset required,E1051,HR,1_to_3y,none,1,0,1,reported_only,,44.2
5852,C5,2026-08-11,MFA reset required,E1052,Operations,under_1y,social_norm,0,0,0,no_action,,
5853,C5,2026-08-11,MFA reset required,E1053,Legal & Compliance,1_to_3y,loss_framing,1,0,1,reported_only,,12.8
5854,C5,2026-08-11,MFA reset required,E1054,Engineering,1_to_3y,easy_report_prompt,1,0,0,no_action,,
5855,C5,2026-08-11,MFA reset required,E1055,Engineering,1_to_3y,just_in_time_tip,0,0,1,reported_only,,13.7
5856,C5,2026-08-11,MFA reset required,E1056,IT & Security,1_to_3y,social_norm,2,0,1,reported_only,,16.0
5857,C5,2026-08-11,MFA reset required,E1057,Engineering,1_to_3y,none,2,0,0,no_action,,
5858,C5,2026-08-11,MFA reset required,E1058,Sales,1_to_3y,social_norm,0,0,1,reported_only,,15.5
5859,C5,2026-08-11,MFA reset required,E1059,Customer Support,1_to_3y,just_in_time_tip,1,1,0,clicked_only,1.4,
5860,C5,2026-08-11,MFA reset required,E1060,Marketing,over_3y,just_in_time_tip,1,0,0,no_action,,
5861,C5,2026-08-11,MFA reset required,E1061,Sales,over_3y,easy_report_prompt,1,0,0,no_action,,
5862,C5,2026-08-11,MFA reset required,E1062,Engineering,1_to_3y,loss_framing,0,1,0,clicked_only,7.5,
5863,C5,2026-08-11,MFA reset required,E1063,Sales,under_1y,none,1,0,0,no_action,,
5864,C5,2026-08-11,MFA reset required,E1064,Engineering,1_to_3y,social_norm,1,0,0,no_action,,
5865,C5,2026-08-11,MFA reset required,E1065,Finance,over_3y,warning_banner,1,0,0,no_action,,
5866,C5,2026-08-11,MFA reset required,E1066,Sales,1_to_3y,just_in_time_tip,1,0,0,no_action,,
5867,C5,2026-08-11,MFA reset required,E1067,HR,over_3y,warning_banner,0,0,0,no_action,,
5868,C5,2026-08-11,MFA reset required,E1068,Operations,under_1y,just_in_time_tip,1,0,0,no_action,,
5869,C5,2026-08-11,MFA reset required,E1069,HR,under_1y,loss_framing,1,0,0,no_action,,
5870,C5,2026-08-11,MFA reset required,E1070,Marketing,over_3y,warning_banner,1,0,0,no_action,,
5871,C5,2026-08-11,MFA reset required,E1071,Customer Support,over_3y,loss_framing,0,0,0,no_action,,
5872,C5,2026-08-11,MFA reset required,E1072,Customer Support,under_1y,just_in_time_tip,1,0,0,no_action,,
5873,C5,2026-08-11,MFA reset required,E1073,Operations,over_3y,none,2,0,0,no_action,,
5874,C5,2026-08-11,MFA reset required,E1074,Executive Office,over_3y,just_in_time_tip,0,0,0,no_action,,
5875,C5,2026-08-11,MFA reset required,E1075,Legal & Compliance,1_to_3y,none,0,0,0,no_action,,
5876,C5,2026-08-11,MFA reset required,E1076,Sales,1_to_3y,just_in_time_tip,0,0,0,no_action,,
5877,C5,2026-08-11,MFA reset required,E1077,Engineering,1_to_3y,easy_report_prompt,0,0,0,no_action,,
5878,C5,2026-08-11,MFA reset required,E1078,IT & Security,1_to_3y,easy_report_prompt,2,0,1,reported_only,,4.1
5879,C5,2026-08-11,MFA reset required,E1079,Marketing,over_3y,social_norm,0,0,0,no_action,,
5880,C5,2026-08-11,MFA reset required,E1080,IT & Security,under_1y,none,0,0,0,no_action,,
5881,C5,2026-08-11,MFA reset required,E1081,Engineering,over_3y,social_norm,0,0,1,reported_only,,51.3
5882,C5,2026-08-11,MFA reset required,E1082,Executive Office,over_3y,none,1,0,0,no_action,,
5883,C5,2026-08-11,MFA reset required,E1083,Operations,over_3y,warning_banner,0,0,0,no_action,,
5884,C5,2026-08-11,MFA reset required,E1084,Engineering,under_1y,none,0,1,0,clicked_only,20.3,
5885,C5,2026-08-11,MFA reset required,E1085,Engineering,1_to_3y,just_in_time_tip,2,0,0,no_action,,
5886,C5,2026-08-11,MFA reset required,E1086,Engineering,under_1y,warning_banner,1,0,1,reported_only,,11.6
5887,C5,2026-08-11,MFA reset required,E1087,Operations,1_to_3y,social_norm,1,0,0,no_action,,
5888,C5,2026-08-11,MFA reset required,E1088,Sales,1_to_3y,just_in_time_tip,2,0,0,no_action,,
5889,C5,2026-08-11,MFA reset required,E1089,Operations,1_to_3y,easy_report_prompt,0,0,1,reported_only,,9.4
5890,C5,2026-08-11,MFA reset required,E1090,Finance,under_1y,social_norm,1,1,0,clicked_only,0.7,
5891,C5,2026-08-11,MFA reset required,E1091,HR,over_3y,just_in_time_tip,0,0,1,reported_only,,4.2
5892,C5,2026-08-11,MFA reset required,E1092,Sales,over_3y,just_in_time_tip,2,0,0,no_action,,
5893,C5,2026-08-11,MFA reset required,E1093,Operations,1_to_3y,none,0,0,0,no_action,,
5894,C5,2026-08-11,MFA reset required,E1094,Sales,under_1y,just_in_time_tip,1,0,0,no_action,,
5895,C5,2026-08-11,MFA reset required,E1095,Marketing,over_3y,loss_framing,1,1,0,clicked_only,1.9,
5896,C5,2026-08-11,MFA reset required,E1096,Finance,over_3y,loss_framing,2,0,0,no_action,,
5897,C5,2026-08-11,MFA reset required,E1097,Operations,over_3y,none,1,0,0,no_action,,
5898,C5,2026-08-11,MFA reset required,E1098,Marketing,over_3y,loss_framing,2,0,0,no_action,,
5899,C5,2026-08-11,MFA reset required,E1099,Sales,over_3y,loss_framing,2,0,0,no_action,,
5900,C5,2026-08-11,MFA reset required,E1100,Operations,over_3y,easy_report_prompt,1,0,0,no_action,,
5901,C5,2026-08-11,MFA reset required,E1101,Customer Support,under_1y,just_in_time_tip,0,0,0,no_action,,
5902,C5,2026-08-11,MFA reset required,E1102,Operations,over_3y,easy_report_prompt,1,0,0,no_action,,
5903,C5,2026-08-11,MFA reset required,E1103,HR,under_1y,loss_framing,1,0,0,no_action,,
5904,C5,2026-08-11,MFA reset required,E1104,Sales,1_to_3y,warning_banner,0,0,0,no_action,,
5905,C5,2026-08-11,MFA reset required,E1105,Sales,over_3y,warning_banner,1,0,0,no_action,,
5906,C5,2026-08-11,MFA reset required,E1106,Engineering,over_3y,none,1,0,1,reported_only,,109.4
5907,C5,2026-08-11,MFA reset required,E1107,Operations,1_to_3y,warning_banner,0,0,0,no_action,,
5908,C5,2026-08-11,MFA reset required,E1108,Engineering,over_3y,social_norm,0,0,0,no_action,,
5909,C5,2026-08-11,MFA reset required,E1109,Sales,under_1y,social_norm,0,0,1,reported_only,,47.8
5910,C5,2026-08-11,MFA reset required,E1110,IT & Security,1_to_3y,easy_report_prompt,1,0,1,reported_only,,5.3
5911,C5,2026-08-11,MFA reset required,E1111,Finance,under_1y,warning_banner,1,0,1,reported_only,,53.8
5912,C5,2026-08-11,MFA reset required,E1112,Customer Support,over_3y,none,0,0,1,reported_only,,52.1
5913,C5,2026-08-11,MFA reset required,E1113,Sales,under_1y,easy_report_prompt,0,0,0,no_action,,
5914,C5,2026-08-11,MFA reset required,E1114,Engineering,1_to_3y,just_in_time_tip,0,0,0,no_action,,
5915,C5,2026-08-11,MFA reset required,E1115,Legal & Compliance,1_to_3y,easy_report_prompt,0,0,0,no_action,,
5916,C5,2026-08-11,MFA reset required,E1116,Operations,1_to_3y,loss_framing,1,0,0,no_action,,
5917,C5,2026-08-11,MFA reset required,E1117,Operations,over_3y,warning_banner,1,0,0,no_action,,
5918,C5,2026-08-11,MFA reset required,E1118,Operations,over_3y,social_norm,0,0,0,no_action,,
5919,C5,2026-08-11,MFA reset required,E1119,Engineering,1_to_3y,none,0,0,0,no_action,,
5920,C5,2026-08-11,MFA reset required,E1120,IT & Security,under_1y,warning_banner,1,0,1,reported_only,,7.8
5921,C5,2026-08-11,MFA reset required,E1121,Legal & Compliance,over_3y,warning_banner,0,0,0,no_action,,
5922,C5,2026-08-11,MFA reset required,E1122,Engineering,over_3y,warning_banner,1,0,0,no_action,,
5923,C5,2026-08-11,MFA reset required,E1123,Sales,over_3y,loss_framing,1,0,0,no_action,,
5924,C5,2026-08-11,MFA reset required,E1124,Engineering,under_1y,warning_banner,1,0,1,reported_only,,28.5
5925,C5,2026-08-11,MFA reset required,E1125,Finance,over_3y,just_in_time_tip,3,0,0,no_action,,
5926,C5,2026-08-11,MFA reset required,E1126,Legal & Compliance,over_3y,social_norm,0,0,1,reported_only,,1.5
5927,C5,2026-08-11,MFA reset required,E1127,Customer Support,over_3y,warning_banner,0,1,0,clicked_only,7.4,
5928,C5,2026-08-11,MFA reset required,E1128,Executive Office,1_to_3y,social_norm,0,0,0,no_action,,
5929,C5,2026-08-11,MFA reset required,E1129,Sales,over_3y,easy_report_prompt,0,1,0,clicked_only,0.3,
5930,C5,2026-08-11,MFA reset required,E1130,Customer Support,1_to_3y,social_norm,0,1,1,clicked_and_reported,5.9,9.2
5931,C5,2026-08-11,MFA reset required,E1131,Marketing,over_3y,none,0,0,0,no_action,,
5932,C5,2026-08-11,MFA reset required,E1132,Executive Office,1_to_3y,none,0,0,0,no_action,,
5933,C5,2026-08-11,MFA reset required,E1133,Operations,over_3y,loss_framing,0,0,0,no_action,,
5934,C5,2026-08-11,MFA reset required,E1134,Sales,under_1y,just_in_time_tip,2,0,0,no_action,,
5935,C5,2026-08-11,MFA reset required,E1135,Operations,1_to_3y,loss_framing,1,0,0,no_action,,
5936,C5,2026-08-11,MFA reset required,E1136,Engineering,1_to_3y,easy_report_prompt,1,0,0,no_action,,
5937,C5,2026-08-11,MFA reset required,E1137,Engineering,under_1y,easy_report_prompt,1,0,0,no_action,,
5938,C5,2026-08-11,MFA reset required,E1138,Sales,1_to_3y,loss_framing,1,0,0,no_action,,
5939,C5,2026-08-11,MFA reset required,E1139,Sales,over_3y,just_in_time_tip,0,0,1,reported_only,,15.7
5940,C5,2026-08-11,MFA reset required,E1140,Marketing,over_3y,loss_framing,1,0,0,no_action,,
5941,C5,2026-08-11,MFA reset required,E1141,Sales,over_3y,easy_report_prompt,1,0,0,no_action,,
5942,C5,2026-08-11,MFA reset required,E1142,Engineering,over_3y,none,2,0,1,reported_only,,20.4
5943,C5,2026-08-11,MFA reset required,E1143,HR,1_to_3y,none,1,0,0,no_action,,
5944,C5,2026-08-11,MFA reset required,E1144,Engineering,over_3y,social_norm,1,1,1,clicked_and_reported,36.4,39.8
5945,C5,2026-08-11,MFA reset required,E1145,Operations,under_1y,warning_banner,1,1,0,clicked_only,2.2,
5946,C5,2026-08-11,MFA reset required,E1146,Sales,over_3y,social_norm,1,0,0,no_action,,
5947,C5,2026-08-11,MFA reset required,E1147,Finance,under_1y,loss_framing,1,0,0,no_action,,
5948,C5,2026-08-11,MFA reset required,E1148,IT & Security,under_1y,warning_banner,0,0,0,no_action,,
5949,C5,2026-08-11,MFA reset required,E1149,Engineering,over_3y,easy_report_prompt,2,0,1,reported_only,,151.0
5950,C5,2026-08-11,MFA reset required,E1150,Marketing,over_3y,loss_framing,0,1,0,clicked_only,1.1,
5951,C5,2026-08-11,MFA reset required,E1151,Marketing,1_to_3y,easy_report_prompt,0,1,0,clicked_only,4.5,
5952,C5,2026-08-11,MFA reset required,E1152,IT & Security,over_3y,none,1,0,1,reported_only,,1.0
5953,C5,2026-08-11,MFA reset required,E1153,Marketing,1_to_3y,loss_framing,0,0,1,reported_only,,19.7
5954,C5,2026-08-11,MFA reset required,E1154,Sales,1_to_3y,just_in_time_tip,1,0,0,no_action,,
5955,C5,2026-08-11,MFA reset required,E1155,IT & Security,over_3y,warning_banner,1,0,1,reported_only,,8.5
5956,C5,2026-08-11,MFA reset required,E1156,Customer Support,under_1y,easy_report_prompt,0,0,0,no_action,,
5957,C5,2026-08-11,MFA reset required,E1157,Marketing,1_to_3y,just_in_time_tip,1,0,0,no_action,,
5958,C5,2026-08-11,MFA reset required,E1158,HR,1_to_3y,none,0,0,0,no_action,,
5959,C5,2026-08-11,MFA reset required,E1159,Finance,over_3y,warning_banner,1,0,0,no_action,,
5960,C5,2026-08-11,MFA reset required,E1160,Finance,under_1y,none,2,0,0,no_action,,
5961,C5,2026-08-11,MFA reset required,E1161,Sales,over_3y,none,1,0,0,no_action,,
5962,C5,2026-08-11,MFA reset required,E1162,Engineering,over_3y,social_norm,0,0,1,reported_only,,12.3
5963,C5,2026-08-11,MFA reset required,E1163,Sales,1_to_3y,easy_report_prompt,1,0,0,no_action,,
5964,C5,2026-08-11,MFA reset required,E1164,HR,1_to_3y,warning_banner,0,0,0,no_action,,
5965,C5,2026-08-11,MFA reset required,E1165,Finance,under_1y,none,0,0,0,no_action,,
5966,C5,2026-08-11,MFA reset required,E1166,Marketing,1_to_3y,none,0,0,0,no_action,,
5967,C5,2026-08-11,MFA reset required,E1167,Sales,1_to_3y,none,1,1,0,clicked_only,8.7,
5968,C5,2026-08-11,MFA reset required,E1168,Operations,over_3y,easy_report_prompt,1,0,1,reported_only,,6.0
5969,C5,2026-08-11,MFA reset required,E1169,Legal & Compliance,1_to_3y,easy_report_prompt,0,0,1,reported_only,,9.5
5970,C5,2026-08-11,MFA reset required,E1170,Engineering,over_3y,loss_framing,0,0,0,no_action,,
5971,C5,2026-08-11,MFA reset required,E1171,Sales,over_3y,easy_report_prompt,0,1,0,clicked_only,7.3,
5972,C5,2026-08-11,MFA reset required,E1172,Operations,under_1y,warning_banner,0,0,1,reported_only,,30.5
5973,C5,2026-08-11,MFA reset required,E1173,Finance,1_to_3y,social_norm,1,0,1,reported_only,,107.4
5974,C5,2026-08-11,MFA reset required,E1174,Engineering,over_3y,warning_banner,1,0,0,no_action,,
5975,C5,2026-08-11,MFA reset required,E1175,Executive Office,1_to_3y,easy_report_prompt,0,1,0,clicked_only,2.6,
5976,C5,2026-08-11,MFA reset required,E1176,Operations,1_to_3y,just_in_time_tip,0,0,0,no_action,,
5977,C5,2026-08-11,MFA reset required,E1177,Operations,under_1y,none,0,0,0,no_action,,
5978,C5,2026-08-11,MFA reset required,E1178,Legal & Compliance,over_3y,loss_framing,0,0,0,no_action,,
5979,C5,2026-08-11,MFA reset required,E1179,Operations,under_1y,just_in_time_tip,0,1,0,clicked_only,2.0,
5980,C5,2026-08-11,MFA reset required,E1180,IT & Security,1_to_3y,warning_banner,1,0,0,no_action,,
5981,C5,2026-08-11,MFA reset required,E1181,Sales,over_3y,loss_framing,0,1,0,clicked_only,2.2,
5982,C5,2026-08-11,MFA reset required,E1182,Operations,over_3y,easy_report_prompt,0,0,0,no_action,,
5983,C5,2026-08-11,MFA reset required,E1183,Engineering,under_1y,warning_banner,0,0,0,no_action,,
5984,C5,2026-08-11,MFA reset required,E1184,Engineering,over_3y,social_norm,1,0,1,reported_only,,10.6
5985,C5,2026-08-11,MFA reset required,E1185,IT & Security,over_3y,easy_report_prompt,1,0,0,no_action,,
5986,C5,2026-08-11,MFA reset required,E1186,Engineering,over_3y,social_norm,3,0,0,no_action,,
5987,C5,2026-08-11,MFA reset required,E1187,Finance,1_to_3y,social_norm,0,0,0,no_action,,
5988,C5,2026-08-11,MFA reset required,E1188,IT & Security,over_3y,easy_report_prompt,0,0,0,no_action,,
5989,C5,2026-08-11,MFA reset required,E1189,Customer Support,over_3y,social_norm,0,0,0,no_action,,
5990,C5,2026-08-11,MFA reset required,E1190,Sales,1_to_3y,warning_banner,0,0,0,no_action,,
5991,C5,2026-08-11,MFA reset required,E1191,Operations,1_to_3y,none,0,0,0,no_action,,
5992,C5,2026-08-11,MFA reset required,E1192,Finance,under_1y,loss_framing,0,0,0,no_action,,
5993,C5,2026-08-11,MFA reset required,E1193,Engineering,under_1y,warning_banner,2,0,1,reported_only,,10.4
5994,C5,2026-08-11,MFA reset required,E1194,Operations,under_1y,easy_report_prompt,1,0,0,no_action,,
5995,C5,2026-08-11,MFA reset required,E1195,Operations,under_1y,warning_banner,1,1,0,clicked_only,27.0,
5996,C5,2026-08-11,MFA reset required,E1196,Legal & Compliance,over_3y,just_in_time_tip,2,0,1,reported_only,,14.3
5997,C5,2026-08-11,MFA reset required,E1197,Engineering,over_3y,just_in_time_tip,0,0,1,reported_only,,9.6
5998,C5,2026-08-11,MFA reset required,E1198,Engineering,1_to_3y,social_norm,1,1,0,clicked_only,7.8,
5999,C5,2026-08-11,MFA reset required,E1199,Customer Support,1_to_3y,just_in_time_tip,0,0,0,no_action,,
6000,C5,2026-08-11,MFA reset required,E1200,Engineering,over_3y,none,0,0,0,no_action,,
6001,C6,2026-09-08,Payroll bonus notice,E0001,Engineering,1_to_3y,social_norm,0,1,0,clicked_only,7.0,
6002,C6,2026-09-08,Payroll bonus notice,E0002,Sales,1_to_3y,easy_report_prompt,1,1,0,clicked_only,6.1,
6003,C6,2026-09-08,Payroll bonus notice,E0003,Executive Office,over_3y,warning_banner,2,0,0,no_action,,
6004,C6,2026-09-08,Payroll bonus notice,E0004,Operations,over_3y,none,0,0,0,no_action,,
6005,C6,2026-09-08,Payroll bonus notice,E0005,Sales,over_3y,just_in_time_tip,3,1,0,clicked_only,16.5,
6006,C6,2026-09-08,Payroll bonus notice,E0006,Customer Support,under_1y,loss_framing,1,0,0,no_action,,
6007,C6,2026-09-08,Payroll bonus notice,E0007,Customer Support,1_to_3y,social_norm,1,0,0,no_action,,
6008,C6,2026-09-08,Payroll bonus notice,E0008,Sales,1_to_3y,just_in_time_tip,0,0,0,no_action,,
6009,C6,2026-09-08,Payroll bonus notice,E0009,Engineering,1_to_3y,easy_report_prompt,3,0,0,no_action,,
6010,C6,2026-09-08,Payroll bonus notice,E0010,Operations,over_3y,easy_report_prompt,0,0,0,no_action,,
6011,C6,2026-09-08,Payroll bonus notice,E0011,Customer Support,1_to_3y,social_norm,1,0,0,no_action,,
6012,C6,2026-09-08,Payroll bonus notice,E0012,Legal & Compliance,1_to_3y,social_norm,2,0,1,reported_only,,2.7
6013,C6,2026-09-08,Payroll bonus notice,E0013,Finance,over_3y,just_in_time_tip,1,1,1,clicked_and_reported,1.3,9.6
6014,C6,2026-09-08,Payroll bonus notice,E0014,Engineering,1_to_3y,just_in_time_tip,1,0,1,reported_only,,12.8
6015,C6,2026-09-08,Payroll bonus notice,E0015,Marketing,over_3y,loss_framing,2,0,0,no_action,,
6016,C6,2026-09-08,Payroll bonus notice,E0016,Customer Support,over_3y,social_norm,0,1,0,clicked_only,4.3,
6017,C6,2026-09-08,Payroll bonus notice,E0017,Operations,over_3y,easy_report_prompt,0,0,0,no_action,,
6018,C6,2026-09-08,Payroll bonus notice,E0018,Customer Support,over_3y,none,2,0,1,reported_only,,15.0
6019,C6,2026-09-08,Payroll bonus notice,E0019,HR,over_3y,loss_framing,1,1,0,clicked_only,0.9,
6020,C6,2026-09-08,Payroll bonus notice,E0020,Operations,over_3y,loss_framing,2,1,0,clicked_only,4.4,
6021,C6,2026-09-08,Payroll bonus notice,E0021,Sales,over_3y,none,1,1,0,clicked_only,1.2,
6022,C6,2026-09-08,Payroll bonus notice,E0022,Sales,over_3y,easy_report_prompt,0,1,0,clicked_only,5.5,
6023,C6,2026-09-08,Payroll bonus notice,E0023,Sales,over_3y,loss_framing,2,1,0,clicked_only,3.9,
6024,C6,2026-09-08,Payroll bonus notice,E0024,Customer Support,1_to_3y,none,1,0,0,no_action,,
6025,C6,2026-09-08,Payroll bonus notice,E0025,Sales,1_to_3y,loss_framing,0,1,1,clicked_and_reported,2.0,109.2
6026,C6,2026-09-08,Payroll bonus notice,E0026,Sales,under_1y,easy_report_prompt,1,1,0,clicked_only,4.7,
6027,C6,2026-09-08,Payroll bonus notice,E0027,Engineering,over_3y,social_norm,0,0,0,no_action,,
6028,C6,2026-09-08,Payroll bonus notice,E0028,Engineering,under_1y,warning_banner,1,0,0,no_action,,
6029,C6,2026-09-08,Payroll bonus notice,E0029,Engineering,over_3y,just_in_time_tip,2,0,1,reported_only,,190.6
6030,C6,2026-09-08,Payroll bonus notice,E0030,Finance,1_to_3y,none,3,1,0,clicked_only,20.2,
6031,C6,2026-09-08,Payroll bonus notice,E0031,Sales,over_3y,just_in_time_tip,0,0,0,no_action,,
6032,C6,2026-09-08,Payroll bonus notice,E0032,Operations,under_1y,easy_report_prompt,0,0,0,no_action,,
6033,C6,2026-09-08,Payroll bonus notice,E0033,Engineering,1_to_3y,warning_banner,1,0,1,reported_only,,11.0
6034,C6,2026-09-08,Payroll bonus notice,E0034,Customer Support,over_3y,warning_banner,0,0,0,no_action,,
6035,C6,2026-09-08,Payroll bonus notice,E0035,Engineering,1_to_3y,just_in_time_tip,1,0,0,no_action,,
6036,C6,2026-09-08,Payroll bonus notice,E0036,Engineering,1_to_3y,just_in_time_tip,0,0,1,reported_only,,90.4
6037,C6,2026-09-08,Payroll bonus notice,E0037,Operations,under_1y,loss_framing,1,0,0,no_action,,
6038,C6,2026-09-08,Payroll bonus notice,E0038,Engineering,under_1y,easy_report_prompt,1,0,1,reported_only,,52.4
6039,C6,2026-09-08,Payroll bonus notice,E0039,Finance,over_3y,social_norm,0,1,0,clicked_only,12.4,
6040,C6,2026-09-08,Payroll bonus notice,E0040,Customer Support,1_to_3y,easy_report_prompt,0,0,0,no_action,,
6041,C6,2026-09-08,Payroll bonus notice,E0041,Sales,over_3y,social_norm,0,0,0,no_action,,
6042,C6,2026-09-08,Payroll bonus notice,E0042,Legal & Compliance,1_to_3y,just_in_time_tip,1,0,0,no_action,,
6043,C6,2026-09-08,Payroll bonus notice,E0043,Operations,1_to_3y,loss_framing,1,0,0,no_action,,
6044,C6,2026-09-08,Payroll bonus notice,E0044,Customer Support,over_3y,just_in_time_tip,1,1,0,clicked_only,18.6,
6045,C6,2026-09-08,Payroll bonus notice,E0045,Engineering,over_3y,loss_framing,3,0,0,no_action,,
6046,C6,2026-09-08,Payroll bonus notice,E0046,Sales,1_to_3y,warning_banner,0,1,0,clicked_only,3.9,
6047,C6,2026-09-08,Payroll bonus notice,E0047,IT & Security,over_3y,loss_framing,0,0,0,no_action,,
6048,C6,2026-09-08,Payroll bonus notice,E0048,Customer Support,under_1y,social_norm,1,1,0,clicked_only,6.5,
6049,C6,2026-09-08,Payroll bonus notice,E0049,Engineering,1_to_3y,warning_banner,0,0,0,no_action,,
6050,C6,2026-09-08,Payroll bonus notice,E0050,Executive Office,1_to_3y,just_in_time_tip,0,0,0,no_action,,
6051,C6,2026-09-08,Payroll bonus notice,E0051,Legal & Compliance,1_to_3y,loss_framing,1,0,0,no_action,,
6052,C6,2026-09-08,Payroll bonus notice,E0052,Engineering,1_to_3y,warning_banner,2,0,1,reported_only,,15.4
6053,C6,2026-09-08,Payroll bonus notice,E0053,Marketing,over_3y,just_in_time_tip,1,0,0,no_action,,
6054,C6,2026-09-08,Payroll bonus notice,E0054,Legal & Compliance,1_to_3y,warning_banner,1,0,0,no_action,,
6055,C6,2026-09-08,Payroll bonus notice,E0055,IT & Security,over_3y,just_in_time_tip,1,0,1,reported_only,,23.7
6056,C6,2026-09-08,Payroll bonus notice,E0056,Engineering,under_1y,social_norm,0,0,0,no_action,,
6057,C6,2026-09-08,Payroll bonus notice,E0057,Customer Support,over_3y,social_norm,1,0,0,no_action,,
6058,C6,2026-09-08,Payroll bonus notice,E0058,Customer Support,1_to_3y,loss_framing,2,1,0,clicked_only,25.8,
6059,C6,2026-09-08,Payroll bonus notice,E0059,Engineering,over_3y,none,0,0,0,no_action,,
6060,C6,2026-09-08,Payroll bonus notice,E0060,Operations,1_to_3y,easy_report_prompt,1,0,0,no_action,,
6061,C6,2026-09-08,Payroll bonus notice,E0061,Operations,1_to_3y,none,0,0,0,no_action,,
6062,C6,2026-09-08,Payroll bonus notice,E0062,Finance,over_3y,easy_report_prompt,2,0,1,reported_only,,13.3
6063,C6,2026-09-08,Payroll bonus notice,E0063,Customer Support,over_3y,none,0,1,0,clicked_only,4.9,
6064,C6,2026-09-08,Payroll bonus notice,E0064,Executive Office,over_3y,social_norm,2,0,0,no_action,,
6065,C6,2026-09-08,Payroll bonus notice,E0065,Sales,under_1y,warning_banner,2,1,0,clicked_only,3.9,
6066,C6,2026-09-08,Payroll bonus notice,E0066,Customer Support,under_1y,loss_framing,3,0,0,no_action,,
6067,C6,2026-09-08,Payroll bonus notice,E0067,Operations,under_1y,loss_framing,0,0,0,no_action,,
6068,C6,2026-09-08,Payroll bonus notice,E0068,Operations,1_to_3y,loss_framing,1,0,0,no_action,,
6069,C6,2026-09-08,Payroll bonus notice,E0069,Finance,under_1y,social_norm,0,1,0,clicked_only,8.2,
6070,C6,2026-09-08,Payroll bonus notice,E0070,Sales,over_3y,none,0,0,0,no_action,,
6071,C6,2026-09-08,Payroll bonus notice,E0071,Customer Support,1_to_3y,loss_framing,2,0,0,no_action,,
6072,C6,2026-09-08,Payroll bonus notice,E0072,Operations,1_to_3y,warning_banner,0,0,0,no_action,,
6073,C6,2026-09-08,Payroll bonus notice,E0073,Marketing,under_1y,easy_report_prompt,2,0,0,no_action,,
6074,C6,2026-09-08,Payroll bonus notice,E0074,Engineering,1_to_3y,warning_banner,1,0,1,reported_only,,12.0
6075,C6,2026-09-08,Payroll bonus notice,E0075,Operations,1_to_3y,social_norm,3,0,1,reported_only,,136.0
6076,C6,2026-09-08,Payroll bonus notice,E0076,Marketing,1_to_3y,easy_report_prompt,1,0,1,reported_only,,21.1
6077,C6,2026-09-08,Payroll bonus notice,E0077,Customer Support,under_1y,just_in_time_tip,3,0,0,no_action,,
6078,C6,2026-09-08,Payroll bonus notice,E0078,HR,over_3y,social_norm,2,0,0,no_action,,
6079,C6,2026-09-08,Payroll bonus notice,E0079,Engineering,over_3y,none,1,0,0,no_action,,
6080,C6,2026-09-08,Payroll bonus notice,E0080,Engineering,1_to_3y,none,1,0,0,no_action,,
6081,C6,2026-09-08,Payroll bonus notice,E0081,Sales,1_to_3y,easy_report_prompt,0,0,0,no_action,,
6082,C6,2026-09-08,Payroll bonus notice,E0082,IT & Security,over_3y,social_norm,1,0,0,no_action,,
6083,C6,2026-09-08,Payroll bonus notice,E0083,Customer Support,1_to_3y,just_in_time_tip,2,0,0,no_action,,
6084,C6,2026-09-08,Payroll bonus notice,E0084,Operations,under_1y,loss_framing,0,0,1,reported_only,,14.4
6085,C6,2026-09-08,Payroll bonus notice,E0085,Finance,under_1y,easy_report_prompt,0,1,0,clicked_only,1.5,
6086,C6,2026-09-08,Payroll bonus notice,E0086,Sales,over_3y,social_norm,0,0,0,no_action,,
6087,C6,2026-09-08,Payroll bonus notice,E0087,Operations,over_3y,loss_framing,2,0,0,no_action,,
6088,C6,2026-09-08,Payroll bonus notice,E0088,HR,1_to_3y,warning_banner,0,0,0,no_action,,
6089,C6,2026-09-08,Payroll bonus notice,E0089,IT & Security,under_1y,social_norm,0,1,1,clicked_and_reported,2.0,3.2
6090,C6,2026-09-08,Payroll bonus notice,E0090,Legal & Compliance,over_3y,loss_framing,0,0,0,no_action,,
6091,C6,2026-09-08,Payroll bonus notice,E0091,Engineering,1_to_3y,none,0,0,0,no_action,,
6092,C6,2026-09-08,Payroll bonus notice,E0092,Customer Support,1_to_3y,loss_framing,0,0,0,no_action,,
6093,C6,2026-09-08,Payroll bonus notice,E0093,HR,over_3y,social_norm,1,0,0,no_action,,
6094,C6,2026-09-08,Payroll bonus notice,E0094,Marketing,over_3y,none,2,0,0,no_action,,
6095,C6,2026-09-08,Payroll bonus notice,E0095,Engineering,under_1y,just_in_time_tip,0,0,0,no_action,,
6096,C6,2026-09-08,Payroll bonus notice,E0096,Customer Support,1_to_3y,loss_framing,0,0,0,no_action,,
6097,C6,2026-09-08,Payroll bonus notice,E0097,Legal & Compliance,1_to_3y,loss_framing,1,0,0,no_action,,
6098,C6,2026-09-08,Payroll bonus notice,E0098,Operations,over_3y,warning_banner,0,1,0,clicked_only,2.0,
6099,C6,2026-09-08,Payroll bonus notice,E0099,Finance,1_to_3y,social_norm,1,0,0,no_action,,
6100,C6,2026-09-08,Payroll bonus notice,E0100,Engineering,1_to_3y,none,0,0,1,reported_only,,2.2
6101,C6,2026-09-08,Payroll bonus notice,E0101,Operations,over_3y,social_norm,1,0,0,no_action,,
6102,C6,2026-09-08,Payroll bonus notice,E0102,Marketing,over_3y,easy_report_prompt,2,0,1,reported_only,,21.5
6103,C6,2026-09-08,Payroll bonus notice,E0103,IT & Security,over_3y,none,1,0,1,reported_only,,12.2
6104,C6,2026-09-08,Payroll bonus notice,E0104,Finance,1_to_3y,easy_report_prompt,1,0,0,no_action,,
6105,C6,2026-09-08,Payroll bonus notice,E0105,Engineering,under_1y,warning_banner,1,0,0,no_action,,
6106,C6,2026-09-08,Payroll bonus notice,E0106,Engineering,1_to_3y,easy_report_prompt,2,1,0,clicked_only,7.4,
6107,C6,2026-09-08,Payroll bonus notice,E0107,Engineering,over_3y,none,2,1,0,clicked_only,8.0,
6108,C6,2026-09-08,Payroll bonus notice,E0108,HR,under_1y,just_in_time_tip,0,0,1,reported_only,,45.8
6109,C6,2026-09-08,Payroll bonus notice,E0109,Executive Office,over_3y,easy_report_prompt,2,0,0,no_action,,
6110,C6,2026-09-08,Payroll bonus notice,E0110,Legal & Compliance,over_3y,social_norm,0,1,0,clicked_only,19.2,
6111,C6,2026-09-08,Payroll bonus notice,E0111,Finance,over_3y,social_norm,0,0,0,no_action,,
6112,C6,2026-09-08,Payroll bonus notice,E0112,Finance,1_to_3y,none,1,0,0,no_action,,
6113,C6,2026-09-08,Payroll bonus notice,E0113,IT & Security,over_3y,just_in_time_tip,1,0,0,no_action,,
6114,C6,2026-09-08,Payroll bonus notice,E0114,Operations,over_3y,social_norm,0,0,0,no_action,,
6115,C6,2026-09-08,Payroll bonus notice,E0115,IT & Security,over_3y,none,2,0,0,no_action,,
6116,C6,2026-09-08,Payroll bonus notice,E0116,Engineering,under_1y,easy_report_prompt,1,0,1,reported_only,,5.7
6117,C6,2026-09-08,Payroll bonus notice,E0117,Sales,over_3y,loss_framing,2,0,0,no_action,,
6118,C6,2026-09-08,Payroll bonus notice,E0118,Customer Support,over_3y,none,0,0,0,no_action,,
6119,C6,2026-09-08,Payroll bonus notice,E0119,Marketing,1_to_3y,loss_framing,1,1,0,clicked_only,9.7,
6120,C6,2026-09-08,Payroll bonus notice,E0120,Sales,1_to_3y,social_norm,0,0,0,no_action,,
6121,C6,2026-09-08,Payroll bonus notice,E0121,Finance,1_to_3y,just_in_time_tip,1,0,0,no_action,,
6122,C6,2026-09-08,Payroll bonus notice,E0122,Engineering,over_3y,loss_framing,0,0,1,reported_only,,15.1
6123,C6,2026-09-08,Payroll bonus notice,E0123,Sales,under_1y,social_norm,0,0,1,reported_only,,28.1
6124,C6,2026-09-08,Payroll bonus notice,E0124,Operations,over_3y,easy_report_prompt,1,1,0,clicked_only,5.3,
6125,C6,2026-09-08,Payroll bonus notice,E0125,Sales,1_to_3y,loss_framing,0,0,0,no_action,,
6126,C6,2026-09-08,Payroll bonus notice,E0126,IT & Security,over_3y,warning_banner,0,0,1,reported_only,,75.5
6127,C6,2026-09-08,Payroll bonus notice,E0127,Sales,under_1y,warning_banner,1,0,0,no_action,,
6128,C6,2026-09-08,Payroll bonus notice,E0128,HR,over_3y,easy_report_prompt,0,1,0,clicked_only,20.7,
6129,C6,2026-09-08,Payroll bonus notice,E0129,Finance,under_1y,social_norm,1,0,0,no_action,,
6130,C6,2026-09-08,Payroll bonus notice,E0130,Engineering,over_3y,just_in_time_tip,0,1,1,clicked_and_reported,4.0,7.1
6131,C6,2026-09-08,Payroll bonus notice,E0131,Operations,under_1y,just_in_time_tip,2,0,0,no_action,,
6132,C6,2026-09-08,Payroll bonus notice,E0132,HR,over_3y,just_in_time_tip,2,0,1,reported_only,,8.9
6133,C6,2026-09-08,Payroll bonus notice,E0133,Executive Office,1_to_3y,just_in_time_tip,1,0,0,no_action,,
6134,C6,2026-09-08,Payroll bonus notice,E0134,Marketing,1_to_3y,loss_framing,0,0,0,no_action,,
6135,C6,2026-09-08,Payroll bonus notice,E0135,IT & Security,over_3y,easy_report_prompt,2,0,1,reported_only,,17.2
6136,C6,2026-09-08,Payroll bonus notice,E0136,Operations,1_to_3y,none,1,0,0,no_action,,
6137,C6,2026-09-08,Payroll bonus notice,E0137,HR,1_to_3y,warning_banner,2,0,0,no_action,,
6138,C6,2026-09-08,Payroll bonus notice,E0138,Engineering,over_3y,social_norm,1,0,0,no_action,,
6139,C6,2026-09-08,Payroll bonus notice,E0139,Operations,under_1y,loss_framing,0,0,0,no_action,,
6140,C6,2026-09-08,Payroll bonus notice,E0140,Sales,over_3y,easy_report_prompt,0,0,0,no_action,,
6141,C6,2026-09-08,Payroll bonus notice,E0141,Engineering,over_3y,loss_framing,0,0,1,reported_only,,22.5
6142,C6,2026-09-08,Payroll bonus notice,E0142,Engineering,1_to_3y,none,0,0,0,no_action,,
6143,C6,2026-09-08,Payroll bonus notice,E0143,Executive Office,over_3y,none,2,0,0,no_action,,
6144,C6,2026-09-08,Payroll bonus notice,E0144,HR,1_to_3y,easy_report_prompt,1,0,0,no_action,,
6145,C6,2026-09-08,Payroll bonus notice,E0145,Operations,1_to_3y,easy_report_prompt,3,0,0,no_action,,
6146,C6,2026-09-08,Payroll bonus notice,E0146,Marketing,1_to_3y,just_in_time_tip,3,0,0,no_action,,
6147,C6,2026-09-08,Payroll bonus notice,E0147,Sales,under_1y,just_in_time_tip,0,0,1,reported_only,,135.5
6148,C6,2026-09-08,Payroll bonus notice,E0148,Customer Support,over_3y,loss_framing,1,0,0,no_action,,
6149,C6,2026-09-08,Payroll bonus notice,E0149,Engineering,under_1y,loss_framing,0,0,1,reported_only,,10.0
6150,C6,2026-09-08,Payroll bonus notice,E0150,Legal & Compliance,over_3y,easy_report_prompt,2,0,0,no_action,,
6151,C6,2026-09-08,Payroll bonus notice,E0151,Customer Support,over_3y,warning_banner,1,0,0,no_action,,
6152,C6,2026-09-08,Payroll bonus notice,E0152,HR,1_to_3y,just_in_time_tip,0,0,0,no_action,,
6153,C6,2026-09-08,Payroll bonus notice,E0153,IT & Security,over_3y,warning_banner,2,0,1,reported_only,,5.2
6154,C6,2026-09-08,Payroll bonus notice,E0154,Engineering,under_1y,loss_framing,1,0,0,no_action,,
6155,C6,2026-09-08,Payroll bonus notice,E0155,Customer Support,over_3y,warning_banner,0,0,0,no_action,,
6156,C6,2026-09-08,Payroll bonus notice,E0156,Operations,over_3y,just_in_time_tip,1,1,0,clicked_only,12.1,
6157,C6,2026-09-08,Payroll bonus notice,E0157,Customer Support,over_3y,loss_framing,0,0,0,no_action,,
6158,C6,2026-09-08,Payroll bonus notice,E0158,Customer Support,under_1y,loss_framing,0,0,0,no_action,,
6159,C6,2026-09-08,Payroll bonus notice,E0159,Marketing,under_1y,warning_banner,1,1,0,clicked_only,4.9,
6160,C6,2026-09-08,Payroll bonus notice,E0160,HR,over_3y,loss_framing,0,0,0,no_action,,
6161,C6,2026-09-08,Payroll bonus notice,E0161,Engineering,1_to_3y,just_in_time_tip,2,1,1,clicked_and_reported,4.9,16.7
6162,C6,2026-09-08,Payroll bonus notice,E0162,Marketing,over_3y,loss_framing,2,0,0,no_action,,
6163,C6,2026-09-08,Payroll bonus notice,E0163,Operations,1_to_3y,easy_report_prompt,3,0,1,reported_only,,41.7
6164,C6,2026-09-08,Payroll bonus notice,E0164,IT & Security,1_to_3y,social_norm,0,0,1,reported_only,,5.5
6165,C6,2026-09-08,Payroll bonus notice,E0165,HR,over_3y,loss_framing,1,1,0,clicked_only,0.2,
6166,C6,2026-09-08,Payroll bonus notice,E0166,Operations,over_3y,just_in_time_tip,1,0,0,no_action,,
6167,C6,2026-09-08,Payroll bonus notice,E0167,Operations,1_to_3y,social_norm,0,0,0,no_action,,
6168,C6,2026-09-08,Payroll bonus notice,E0168,IT & Security,1_to_3y,none,2,0,1,reported_only,,78.1
6169,C6,2026-09-08,Payroll bonus notice,E0169,Marketing,under_1y,none,0,1,0,clicked_only,9.5,
6170,C6,2026-09-08,Payroll bonus notice,E0170,Sales,over_3y,loss_framing,1,1,0,clicked_only,1.5,
6171,C6,2026-09-08,Payroll bonus notice,E0171,Operations,over_3y,none,1,0,0,no_action,,
6172,C6,2026-09-08,Payroll bonus notice,E0172,Operations,under_1y,social_norm,2,0,0,no_action,,
6173,C6,2026-09-08,Payroll bonus notice,E0173,Engineering,1_to_3y,warning_banner,2,1,1,clicked_and_reported,4.9,10.0
6174,C6,2026-09-08,Payroll bonus notice,E0174,Operations,over_3y,warning_banner,2,1,0,clicked_only,24.8,
6175,C6,2026-09-08,Payroll bonus notice,E0175,Legal & Compliance,1_to_3y,warning_banner,3,0,0,no_action,,
6176,C6,2026-09-08,Payroll bonus notice,E0176,Customer Support,1_to_3y,easy_report_prompt,0,0,0,no_action,,
6177,C6,2026-09-08,Payroll bonus notice,E0177,Sales,1_to_3y,just_in_time_tip,3,0,0,no_action,,
6178,C6,2026-09-08,Payroll bonus notice,E0178,Engineering,over_3y,social_norm,0,0,1,reported_only,,22.9
6179,C6,2026-09-08,Payroll bonus notice,E0179,Sales,over_3y,just_in_time_tip,0,0,0,no_action,,
6180,C6,2026-09-08,Payroll bonus notice,E0180,Engineering,under_1y,social_norm,1,0,0,no_action,,
6181,C6,2026-09-08,Payroll bonus notice,E0181,Customer Support,1_to_3y,social_norm,0,0,0,no_action,,
6182,C6,2026-09-08,Payroll bonus notice,E0182,IT & Security,over_3y,none,2,0,0,no_action,,
6183,C6,2026-09-08,Payroll bonus notice,E0183,IT & Security,over_3y,social_norm,0,0,1,reported_only,,1.5
6184,C6,2026-09-08,Payroll bonus notice,E0184,Operations,over_3y,loss_framing,1,0,0,no_action,,
6185,C6,2026-09-08,Payroll bonus notice,E0185,Marketing,over_3y,just_in_time_tip,1,0,0,no_action,,
6186,C6,2026-09-08,Payroll bonus notice,E0186,Marketing,over_3y,warning_banner,1,0,0,no_action,,
6187,C6,2026-09-08,Payroll bonus notice,E0187,Finance,over_3y,warning_banner,1,1,0,clicked_only,23.5,
6188,C6,2026-09-08,Payroll bonus notice,E0188,Engineering,1_to_3y,easy_report_prompt,2,1,0,clicked_only,4.3,
6189,C6,2026-09-08,Payroll bonus notice,E0189,Customer Support,under_1y,loss_framing,1,0,0,no_action,,
6190,C6,2026-09-08,Payroll bonus notice,E0190,Operations,under_1y,social_norm,0,0,0,no_action,,
6191,C6,2026-09-08,Payroll bonus notice,E0191,Operations,1_to_3y,warning_banner,0,0,0,no_action,,
6192,C6,2026-09-08,Payroll bonus notice,E0192,Finance,under_1y,just_in_time_tip,1,0,0,no_action,,
6193,C6,2026-09-08,Payroll bonus notice,E0193,Operations,over_3y,easy_report_prompt,0,0,1,reported_only,,3.0
6194,C6,2026-09-08,Payroll bonus notice,E0194,IT & Security,under_1y,warning_banner,1,0,0,no_action,,
6195,C6,2026-09-08,Payroll bonus notice,E0195,Finance,over_3y,warning_banner,0,0,0,no_action,,
6196,C6,2026-09-08,Payroll bonus notice,E0196,Legal & Compliance,1_to_3y,warning_banner,0,0,0,no_action,,
6197,C6,2026-09-08,Payroll bonus notice,E0197,Sales,under_1y,social_norm,0,0,0,no_action,,
6198,C6,2026-09-08,Payroll bonus notice,E0198,Operations,1_to_3y,warning_banner,1,0,0,no_action,,
6199,C6,2026-09-08,Payroll bonus notice,E0199,Executive Office,under_1y,just_in_time_tip,3,1,0,clicked_only,41.8,
6200,C6,2026-09-08,Payroll bonus notice,E0200,Engineering,under_1y,loss_framing,0,0,0,no_action,,
6201,C6,2026-09-08,Payroll bonus notice,E0201,Sales,under_1y,easy_report_prompt,0,0,0,no_action,,
6202,C6,2026-09-08,Payroll bonus notice,E0202,Operations,over_3y,warning_banner,2,0,0,no_action,,
6203,C6,2026-09-08,Payroll bonus notice,E0203,Operations,1_to_3y,none,1,0,0,no_action,,
6204,C6,2026-09-08,Payroll bonus notice,E0204,Sales,1_to_3y,social_norm,1,0,0,no_action,,
6205,C6,2026-09-08,Payroll bonus notice,E0205,Engineering,under_1y,just_in_time_tip,1,0,0,no_action,,
6206,C6,2026-09-08,Payroll bonus notice,E0206,Marketing,under_1y,loss_framing,2,0,0,no_action,,
6207,C6,2026-09-08,Payroll bonus notice,E0207,Operations,over_3y,easy_report_prompt,0,1,0,clicked_only,4.7,
6208,C6,2026-09-08,Payroll bonus notice,E0208,Engineering,1_to_3y,warning_banner,0,0,0,no_action,,
6209,C6,2026-09-08,Payroll bonus notice,E0209,IT & Security,1_to_3y,easy_report_prompt,2,0,0,no_action,,
6210,C6,2026-09-08,Payroll bonus notice,E0210,Operations,under_1y,warning_banner,0,0,0,no_action,,
6211,C6,2026-09-08,Payroll bonus notice,E0211,IT & Security,over_3y,none,1,0,1,reported_only,,5.2
6212,C6,2026-09-08,Payroll bonus notice,E0212,Finance,over_3y,none,1,0,0,no_action,,
6213,C6,2026-09-08,Payroll bonus notice,E0213,Operations,1_to_3y,just_in_time_tip,0,0,0,no_action,,
6214,C6,2026-09-08,Payroll bonus notice,E0214,Operations,1_to_3y,social_norm,0,0,1,reported_only,,15.0
6215,C6,2026-09-08,Payroll bonus notice,E0215,HR,1_to_3y,social_norm,2,0,0,no_action,,
6216,C6,2026-09-08,Payroll bonus notice,E0216,Operations,under_1y,social_norm,2,1,0,clicked_only,8.3,
6217,C6,2026-09-08,Payroll bonus notice,E0217,Engineering,1_to_3y,warning_banner,2,0,0,no_action,,
6218,C6,2026-09-08,Payroll bonus notice,E0218,Engineering,over_3y,loss_framing,0,0,0,no_action,,
6219,C6,2026-09-08,Payroll bonus notice,E0219,Finance,under_1y,warning_banner,2,1,0,clicked_only,38.9,
6220,C6,2026-09-08,Payroll bonus notice,E0220,HR,over_3y,just_in_time_tip,0,0,0,no_action,,
6221,C6,2026-09-08,Payroll bonus notice,E0221,Operations,under_1y,warning_banner,1,0,1,reported_only,,13.1
6222,C6,2026-09-08,Payroll bonus notice,E0222,Sales,1_to_3y,easy_report_prompt,2,0,0,no_action,,
6223,C6,2026-09-08,Payroll bonus notice,E0223,Sales,over_3y,easy_report_prompt,1,0,1,reported_only,,10.4
6224,C6,2026-09-08,Payroll bonus notice,E0224,Marketing,1_to_3y,easy_report_prompt,0,0,0,no_action,,
6225,C6,2026-09-08,Payroll bonus notice,E0225,Engineering,over_3y,social_norm,0,0,0,no_action,,
6226,C6,2026-09-08,Payroll bonus notice,E0226,Engineering,over_3y,warning_banner,2,1,0,clicked_only,8.1,
6227,C6,2026-09-08,Payroll bonus notice,E0227,IT & Security,over_3y,loss_framing,0,0,1,reported_only,,43.3
6228,C6,2026-09-08,Payroll bonus notice,E0228,Engineering,1_to_3y,social_norm,0,1,0,clicked_only,9.3,
6229,C6,2026-09-08,Payroll bonus notice,E0229,Operations,under_1y,easy_report_prompt,0,0,0,no_action,,
6230,C6,2026-09-08,Payroll bonus notice,E0230,Customer Support,1_to_3y,loss_framing,1,0,0,no_action,,
6231,C6,2026-09-08,Payroll bonus notice,E0231,IT & Security,under_1y,easy_report_prompt,0,0,0,no_action,,
6232,C6,2026-09-08,Payroll bonus notice,E0232,Executive Office,over_3y,easy_report_prompt,1,0,0,no_action,,
6233,C6,2026-09-08,Payroll bonus notice,E0233,Sales,over_3y,warning_banner,2,0,0,no_action,,
6234,C6,2026-09-08,Payroll bonus notice,E0234,Finance,1_to_3y,easy_report_prompt,0,1,0,clicked_only,4.8,
6235,C6,2026-09-08,Payroll bonus notice,E0235,Engineering,over_3y,just_in_time_tip,1,0,0,no_action,,
6236,C6,2026-09-08,Payroll bonus notice,E0236,IT & Security,over_3y,just_in_time_tip,0,0,1,reported_only,,7.7
6237,C6,2026-09-08,Payroll bonus notice,E0237,Legal & Compliance,1_to_3y,social_norm,2,0,1,reported_only,,16.0
6238,C6,2026-09-08,Payroll bonus notice,E0238,HR,under_1y,social_norm,0,0,0,no_action,,
6239,C6,2026-09-08,Payroll bonus notice,E0239,Sales,1_to_3y,warning_banner,0,1,0,clicked_only,2.9,
6240,C6,2026-09-08,Payroll bonus notice,E0240,Engineering,1_to_3y,easy_report_prompt,1,0,0,no_action,,
6241,C6,2026-09-08,Payroll bonus notice,E0241,Operations,over_3y,warning_banner,0,0,1,reported_only,,18.0
6242,C6,2026-09-08,Payroll bonus notice,E0242,Marketing,over_3y,easy_report_prompt,4,0,1,reported_only,,1.6
6243,C6,2026-09-08,Payroll bonus notice,E0243,Operations,under_1y,warning_banner,1,0,0,no_action,,
6244,C6,2026-09-08,Payroll bonus notice,E0244,HR,over_3y,loss_framing,0,0,0,no_action,,
6245,C6,2026-09-08,Payroll bonus notice,E0245,Engineering,under_1y,just_in_time_tip,2,0,0,no_action,,
6246,C6,2026-09-08,Payroll bonus notice,E0246,Engineering,1_to_3y,none,1,0,0,no_action,,
6247,C6,2026-09-08,Payroll bonus notice,E0247,Engineering,under_1y,easy_report_prompt,0,1,0,clicked_only,58.5,
6248,C6,2026-09-08,Payroll bonus notice,E0248,Sales,1_to_3y,loss_framing,1,1,0,clicked_only,0.9,
6249,C6,2026-09-08,Payroll bonus notice,E0249,Engineering,over_3y,none,1,0,0,no_action,,
6250,C6,2026-09-08,Payroll bonus notice,E0250,Sales,over_3y,warning_banner,1,0,1,reported_only,,14.4
6251,C6,2026-09-08,Payroll bonus notice,E0251,Operations,1_to_3y,loss_framing,1,0,0,no_action,,
6252,C6,2026-09-08,Payroll bonus notice,E0252,Sales,over_3y,easy_report_prompt,0,1,0,clicked_only,1.9,
6253,C6,2026-09-08,Payroll bonus notice,E0253,Legal & Compliance,over_3y,warning_banner,1,0,1,reported_only,,4.6
6254,C6,2026-09-08,Payroll bonus notice,E0254,Legal & Compliance,1_to_3y,none,0,1,0,clicked_only,1.3,
6255,C6,2026-09-08,Payroll bonus notice,E0255,Legal & Compliance,over_3y,loss_framing,3,0,0,no_action,,
6256,C6,2026-09-08,Payroll bonus notice,E0256,Operations,over_3y,none,2,0,0,no_action,,
6257,C6,2026-09-08,Payroll bonus notice,E0257,Engineering,under_1y,none,1,1,0,clicked_only,17.9,
6258,C6,2026-09-08,Payroll bonus notice,E0258,Finance,1_to_3y,easy_report_prompt,0,0,0,no_action,,
6259,C6,2026-09-08,Payroll bonus notice,E0259,IT & Security,over_3y,social_norm,0,1,0,clicked_only,0.7,
6260,C6,2026-09-08,Payroll bonus notice,E0260,Finance,1_to_3y,loss_framing,3,0,0,no_action,,
6261,C6,2026-09-08,Payroll bonus notice,E0261,Sales,1_to_3y,easy_report_prompt,0,1,0,clicked_only,18.3,
6262,C6,2026-09-08,Payroll bonus notice,E0262,Finance,1_to_3y,loss_framing,1,0,0,no_action,,
6263,C6,2026-09-08,Payroll bonus notice,E0263,Engineering,over_3y,easy_report_prompt,0,0,0,no_action,,
6264,C6,2026-09-08,Payroll bonus notice,E0264,Engineering,over_3y,social_norm,1,0,0,no_action,,
6265,C6,2026-09-08,Payroll bonus notice,E0265,Operations,under_1y,easy_report_prompt,1,1,0,clicked_only,11.2,
6266,C6,2026-09-08,Payroll bonus notice,E0266,Finance,over_3y,just_in_time_tip,3,0,0,no_action,,
6267,C6,2026-09-08,Payroll bonus notice,E0267,IT & Security,over_3y,warning_banner,1,0,1,reported_only,,20.6
6268,C6,2026-09-08,Payroll bonus notice,E0268,Finance,1_to_3y,social_norm,1,0,1,reported_only,,4.7
6269,C6,2026-09-08,Payroll bonus notice,E0269,HR,1_to_3y,warning_banner,1,1,0,clicked_only,7.1,
6270,C6,2026-09-08,Payroll bonus notice,E0270,Customer Support,1_to_3y,warning_banner,1,0,0,no_action,,
6271,C6,2026-09-08,Payroll bonus notice,E0271,Finance,over_3y,social_norm,0,1,0,clicked_only,12.4,
6272,C6,2026-09-08,Payroll bonus notice,E0272,Finance,1_to_3y,none,1,0,0,no_action,,
6273,C6,2026-09-08,Payroll bonus notice,E0273,Sales,over_3y,easy_report_prompt,1,0,0,no_action,,
6274,C6,2026-09-08,Payroll bonus notice,E0274,Operations,over_3y,loss_framing,2,0,0,no_action,,
6275,C6,2026-09-08,Payroll bonus notice,E0275,Engineering,over_3y,warning_banner,2,0,0,no_action,,
6276,C6,2026-09-08,Payroll bonus notice,E0276,Customer Support,over_3y,none,1,1,0,clicked_only,23.6,
6277,C6,2026-09-08,Payroll bonus notice,E0277,Engineering,under_1y,easy_report_prompt,0,0,0,no_action,,
6278,C6,2026-09-08,Payroll bonus notice,E0278,Engineering,1_to_3y,easy_report_prompt,1,0,1,reported_only,,4.9
6279,C6,2026-09-08,Payroll bonus notice,E0279,Operations,1_to_3y,none,0,0,1,reported_only,,15.3
6280,C6,2026-09-08,Payroll bonus notice,E0280,IT & Security,under_1y,easy_report_prompt,2,0,1,reported_only,,10.1
6281,C6,2026-09-08,Payroll bonus notice,E0281,Engineering,1_to_3y,loss_framing,0,0,0,no_action,,
6282,C6,2026-09-08,Payroll bonus notice,E0282,Finance,1_to_3y,warning_banner,0,0,0,no_action,,
6283,C6,2026-09-08,Payroll bonus notice,E0283,Engineering,under_1y,warning_banner,0,0,1,reported_only,,32.0
6284,C6,2026-09-08,Payroll bonus notice,E0284,Operations,under_1y,social_norm,2,0,0,no_action,,
6285,C6,2026-09-08,Payroll bonus notice,E0285,Marketing,under_1y,none,2,0,0,no_action,,
6286,C6,2026-09-08,Payroll bonus notice,E0286,Marketing,under_1y,warning_banner,2,0,1,reported_only,,20.5
6287,C6,2026-09-08,Payroll bonus notice,E0287,Engineering,over_3y,social_norm,2,0,0,no_action,,
6288,C6,2026-09-08,Payroll bonus notice,E0288,IT & Security,1_to_3y,warning_banner,1,0,0,no_action,,
6289,C6,2026-09-08,Payroll bonus notice,E0289,Customer Support,over_3y,just_in_time_tip,1,1,0,clicked_only,5.0,
6290,C6,2026-09-08,Payroll bonus notice,E0290,Legal & Compliance,under_1y,easy_report_prompt,1,1,1,clicked_and_reported,1.2,4.2
6291,C6,2026-09-08,Payroll bonus notice,E0291,Operations,over_3y,none,0,0,0,no_action,,
6292,C6,2026-09-08,Payroll bonus notice,E0292,Customer Support,1_to_3y,social_norm,0,0,0,no_action,,
6293,C6,2026-09-08,Payroll bonus notice,E0293,Engineering,over_3y,easy_report_prompt,0,0,0,no_action,,
6294,C6,2026-09-08,Payroll bonus notice,E0294,Sales,over_3y,social_norm,0,1,0,clicked_only,15.6,
6295,C6,2026-09-08,Payroll bonus notice,E0295,IT & Security,1_to_3y,loss_framing,0,0,1,reported_only,,2.9
6296,C6,2026-09-08,Payroll bonus notice,E0296,Sales,over_3y,none,0,0,0,no_action,,
6297,C6,2026-09-08,Payroll bonus notice,E0297,Marketing,under_1y,none,1,1,0,clicked_only,5.0,
6298,C6,2026-09-08,Payroll bonus notice,E0298,Engineering,over_3y,warning_banner,1,0,0,no_action,,
6299,C6,2026-09-08,Payroll bonus notice,E0299,Marketing,1_to_3y,warning_banner,0,0,0,no_action,,
6300,C6,2026-09-08,Payroll bonus notice,E0300,Sales,under_1y,just_in_time_tip,1,0,0,no_action,,
6301,C6,2026-09-08,Payroll bonus notice,E0301,Operations,1_to_3y,none,2,0,0,no_action,,
6302,C6,2026-09-08,Payroll bonus notice,E0302,Sales,under_1y,none,0,0,0,no_action,,
6303,C6,2026-09-08,Payroll bonus notice,E0303,Customer Support,over_3y,loss_framing,0,0,1,reported_only,,10.6
6304,C6,2026-09-08,Payroll bonus notice,E0304,Sales,1_to_3y,just_in_time_tip,0,1,0,clicked_only,11.8,
6305,C6,2026-09-08,Payroll bonus notice,E0305,Sales,1_to_3y,none,0,0,0,no_action,,
6306,C6,2026-09-08,Payroll bonus notice,E0306,Operations,over_3y,none,1,0,0,no_action,,
6307,C6,2026-09-08,Payroll bonus notice,E0307,Sales,1_to_3y,warning_banner,1,0,0,no_action,,
6308,C6,2026-09-08,Payroll bonus notice,E0308,Sales,over_3y,just_in_time_tip,0,0,0,no_action,,
6309,C6,2026-09-08,Payroll bonus notice,E0309,IT & Security,over_3y,easy_report_prompt,2,0,1,reported_only,,45.4
6310,C6,2026-09-08,Payroll bonus notice,E0310,Engineering,over_3y,loss_framing,0,0,0,no_action,,
6311,C6,2026-09-08,Payroll bonus notice,E0311,Customer Support,under_1y,easy_report_prompt,0,0,0,no_action,,
6312,C6,2026-09-08,Payroll bonus notice,E0312,Engineering,1_to_3y,social_norm,0,0,0,no_action,,
6313,C6,2026-09-08,Payroll bonus notice,E0313,Operations,1_to_3y,just_in_time_tip,0,0,0,no_action,,
6314,C6,2026-09-08,Payroll bonus notice,E0314,Marketing,over_3y,loss_framing,1,0,0,no_action,,
6315,C6,2026-09-08,Payroll bonus notice,E0315,Operations,under_1y,loss_framing,0,0,0,no_action,,
6316,C6,2026-09-08,Payroll bonus notice,E0316,HR,under_1y,warning_banner,0,1,0,clicked_only,6.1,
6317,C6,2026-09-08,Payroll bonus notice,E0317,Engineering,over_3y,social_norm,1,0,0,no_action,,
6318,C6,2026-09-08,Payroll bonus notice,E0318,Marketing,1_to_3y,just_in_time_tip,0,0,0,no_action,,
6319,C6,2026-09-08,Payroll bonus notice,E0319,Finance,1_to_3y,warning_banner,1,0,0,no_action,,
6320,C6,2026-09-08,Payroll bonus notice,E0320,Operations,under_1y,warning_banner,0,0,0,no_action,,
6321,C6,2026-09-08,Payroll bonus notice,E0321,Marketing,under_1y,warning_banner,0,1,0,clicked_only,1.2,
6322,C6,2026-09-08,Payroll bonus notice,E0322,Sales,1_to_3y,loss_framing,1,0,0,no_action,,
6323,C6,2026-09-08,Payroll bonus notice,E0323,Sales,1_to_3y,social_norm,0,0,0,no_action,,
6324,C6,2026-09-08,Payroll bonus notice,E0324,Sales,over_3y,none,1,0,0,no_action,,
6325,C6,2026-09-08,Payroll bonus notice,E0325,HR,over_3y,easy_report_prompt,0,0,0,no_action,,
6326,C6,2026-09-08,Payroll bonus notice,E0326,Finance,1_to_3y,easy_report_prompt,0,0,0,no_action,,
6327,C6,2026-09-08,Payroll bonus notice,E0327,Engineering,over_3y,social_norm,2,0,0,no_action,,
6328,C6,2026-09-08,Payroll bonus notice,E0328,Operations,under_1y,social_norm,0,0,0,no_action,,
6329,C6,2026-09-08,Payroll bonus notice,E0329,Marketing,over_3y,none,0,1,0,clicked_only,7.3,
6330,C6,2026-09-08,Payroll bonus notice,E0330,Sales,1_to_3y,easy_report_prompt,0,1,0,clicked_only,11.8,
6331,C6,2026-09-08,Payroll bonus notice,E0331,IT & Security,over_3y,just_in_time_tip,1,0,0,no_action,,
6332,C6,2026-09-08,Payroll bonus notice,E0332,HR,over_3y,warning_banner,2,0,0,no_action,,
6333,C6,2026-09-08,Payroll bonus notice,E0333,Operations,over_3y,warning_banner,0,0,0,no_action,,
6334,C6,2026-09-08,Payroll bonus notice,E0334,Sales,1_to_3y,none,2,0,0,no_action,,
6335,C6,2026-09-08,Payroll bonus notice,E0335,Engineering,under_1y,none,0,0,1,reported_only,,4.8
6336,C6,2026-09-08,Payroll bonus notice,E0336,Operations,under_1y,social_norm,1,0,0,no_action,,
6337,C6,2026-09-08,Payroll bonus notice,E0337,Engineering,1_to_3y,social_norm,0,0,0,no_action,,
6338,C6,2026-09-08,Payroll bonus notice,E0338,IT & Security,under_1y,easy_report_prompt,0,0,0,no_action,,
6339,C6,2026-09-08,Payroll bonus notice,E0339,Operations,1_to_3y,warning_banner,1,0,1,reported_only,,1.7
6340,C6,2026-09-08,Payroll bonus notice,E0340,Sales,over_3y,social_norm,0,0,0,no_action,,
6341,C6,2026-09-08,Payroll bonus notice,E0341,Operations,1_to_3y,just_in_time_tip,1,0,0,no_action,,
6342,C6,2026-09-08,Payroll bonus notice,E0342,Engineering,1_to_3y,social_norm,1,1,1,clicked_and_reported,3.0,8.1
6343,C6,2026-09-08,Payroll bonus notice,E0343,Operations,over_3y,warning_banner,1,1,0,clicked_only,9.9,
6344,C6,2026-09-08,Payroll bonus notice,E0344,Engineering,over_3y,social_norm,1,0,1,reported_only,,13.4
6345,C6,2026-09-08,Payroll bonus notice,E0345,Operations,1_to_3y,easy_report_prompt,1,0,1,reported_only,,29.1
6346,C6,2026-09-08,Payroll bonus notice,E0346,Operations,1_to_3y,just_in_time_tip,0,0,0,no_action,,
6347,C6,2026-09-08,Payroll bonus notice,E0347,Operations,1_to_3y,just_in_time_tip,2,0,0,no_action,,
6348,C6,2026-09-08,Payroll bonus notice,E0348,Customer Support,over_3y,loss_framing,0,0,0,no_action,,
6349,C6,2026-09-08,Payroll bonus notice,E0349,IT & Security,under_1y,just_in_time_tip,1,0,0,no_action,,
6350,C6,2026-09-08,Payroll bonus notice,E0350,Engineering,over_3y,warning_banner,1,0,0,no_action,,
6351,C6,2026-09-08,Payroll bonus notice,E0351,Customer Support,under_1y,loss_framing,0,0,0,no_action,,
6352,C6,2026-09-08,Payroll bonus notice,E0352,Engineering,1_to_3y,loss_framing,0,0,0,no_action,,
6353,C6,2026-09-08,Payroll bonus notice,E0353,Engineering,over_3y,warning_banner,0,0,1,reported_only,,3.0
6354,C6,2026-09-08,Payroll bonus notice,E0354,Operations,under_1y,social_norm,1,0,0,no_action,,
6355,C6,2026-09-08,Payroll bonus notice,E0355,Engineering,over_3y,social_norm,1,0,0,no_action,,
6356,C6,2026-09-08,Payroll bonus notice,E0356,Operations,1_to_3y,easy_report_prompt,2,0,0,no_action,,
6357,C6,2026-09-08,Payroll bonus notice,E0357,Finance,1_to_3y,loss_framing,1,0,0,no_action,,
6358,C6,2026-09-08,Payroll bonus notice,E0358,Marketing,1_to_3y,easy_report_prompt,0,1,0,clicked_only,6.8,
6359,C6,2026-09-08,Payroll bonus notice,E0359,Operations,under_1y,easy_report_prompt,1,0,1,reported_only,,48.3
6360,C6,2026-09-08,Payroll bonus notice,E0360,Engineering,1_to_3y,none,1,0,0,no_action,,
6361,C6,2026-09-08,Payroll bonus notice,E0361,HR,1_to_3y,social_norm,2,1,0,clicked_only,5.1,
6362,C6,2026-09-08,Payroll bonus notice,E0362,Finance,over_3y,social_norm,3,0,0,no_action,,
6363,C6,2026-09-08,Payroll bonus notice,E0363,Marketing,over_3y,none,1,0,0,no_action,,
6364,C6,2026-09-08,Payroll bonus notice,E0364,Operations,over_3y,easy_report_prompt,0,0,1,reported_only,,12.3
6365,C6,2026-09-08,Payroll bonus notice,E0365,Operations,1_to_3y,warning_banner,3,1,0,clicked_only,8.4,
6366,C6,2026-09-08,Payroll bonus notice,E0366,Operations,over_3y,none,0,0,0,no_action,,
6367,C6,2026-09-08,Payroll bonus notice,E0367,Sales,over_3y,social_norm,1,0,0,no_action,,
6368,C6,2026-09-08,Payroll bonus notice,E0368,Engineering,1_to_3y,easy_report_prompt,3,0,1,reported_only,,4.9
6369,C6,2026-09-08,Payroll bonus notice,E0369,Finance,under_1y,just_in_time_tip,1,1,0,clicked_only,33.2,
6370,C6,2026-09-08,Payroll bonus notice,E0370,Customer Support,1_to_3y,none,1,0,0,no_action,,
6371,C6,2026-09-08,Payroll bonus notice,E0371,Sales,over_3y,warning_banner,1,0,0,no_action,,
6372,C6,2026-09-08,Payroll bonus notice,E0372,Operations,1_to_3y,just_in_time_tip,2,0,0,no_action,,
6373,C6,2026-09-08,Payroll bonus notice,E0373,IT & Security,under_1y,loss_framing,1,0,0,no_action,,
6374,C6,2026-09-08,Payroll bonus notice,E0374,Legal & Compliance,over_3y,social_norm,3,0,0,no_action,,
6375,C6,2026-09-08,Payroll bonus notice,E0375,Finance,over_3y,none,2,0,0,no_action,,
6376,C6,2026-09-08,Payroll bonus notice,E0376,Customer Support,under_1y,easy_report_prompt,1,1,0,clicked_only,0.6,
6377,C6,2026-09-08,Payroll bonus notice,E0377,Customer Support,over_3y,none,1,0,0,no_action,,
6378,C6,2026-09-08,Payroll bonus notice,E0378,Engineering,1_to_3y,loss_framing,1,0,0,no_action,,
6379,C6,2026-09-08,Payroll bonus notice,E0379,Engineering,1_to_3y,just_in_time_tip,1,0,0,no_action,,
6380,C6,2026-09-08,Payroll bonus notice,E0380,Sales,1_to_3y,easy_report_prompt,1,0,0,no_action,,
6381,C6,2026-09-08,Payroll bonus notice,E0381,Finance,1_to_3y,warning_banner,0,0,0,no_action,,
6382,C6,2026-09-08,Payroll bonus notice,E0382,Operations,over_3y,social_norm,2,0,0,no_action,,
6383,C6,2026-09-08,Payroll bonus notice,E0383,Customer Support,over_3y,none,1,1,0,clicked_only,0.7,
6384,C6,2026-09-08,Payroll bonus notice,E0384,Executive Office,1_to_3y,loss_framing,1,0,0,no_action,,
6385,C6,2026-09-08,Payroll bonus notice,E0385,Legal & Compliance,1_to_3y,none,0,1,0,clicked_only,4.7,
6386,C6,2026-09-08,Payroll bonus notice,E0386,Customer Support,under_1y,loss_framing,0,0,0,no_action,,
6387,C6,2026-09-08,Payroll bonus notice,E0387,Executive Office,1_to_3y,none,1,1,0,clicked_only,28.4,
6388,C6,2026-09-08,Payroll bonus notice,E0388,Finance,over_3y,warning_banner,0,0,1,reported_only,,14.6
6389,C6,2026-09-08,Payroll bonus notice,E0389,HR,1_to_3y,social_norm,1,0,0,no_action,,
6390,C6,2026-09-08,Payroll bonus notice,E0390,Finance,over_3y,loss_framing,1,0,0,no_action,,
6391,C6,2026-09-08,Payroll bonus notice,E0391,Customer Support,1_to_3y,none,0,0,0,no_action,,
6392,C6,2026-09-08,Payroll bonus notice,E0392,Engineering,over_3y,none,2,0,1,reported_only,,51.1
6393,C6,2026-09-08,Payroll bonus notice,E0393,Sales,under_1y,just_in_time_tip,1,0,0,no_action,,
6394,C6,2026-09-08,Payroll bonus notice,E0394,Sales,under_1y,warning_banner,0,0,0,no_action,,
6395,C6,2026-09-08,Payroll bonus notice,E0395,Finance,1_to_3y,easy_report_prompt,2,1,0,clicked_only,16.0,
6396,C6,2026-09-08,Payroll bonus notice,E0396,HR,over_3y,none,0,0,0,no_action,,
6397,C6,2026-09-08,Payroll bonus notice,E0397,HR,over_3y,social_norm,2,1,0,clicked_only,26.8,
6398,C6,2026-09-08,Payroll bonus notice,E0398,IT & Security,1_to_3y,easy_report_prompt,0,0,1,reported_only,,2.5
6399,C6,2026-09-08,Payroll bonus notice,E0399,Finance,1_to_3y,loss_framing,1,0,0,no_action,,
6400,C6,2026-09-08,Payroll bonus notice,E0400,Customer Support,under_1y,none,0,1,0,clicked_only,4.3,
6401,C6,2026-09-08,Payroll bonus notice,E0401,Executive Office,over_3y,none,1,1,0,clicked_only,12.0,
6402,C6,2026-09-08,Payroll bonus notice,E0402,Sales,over_3y,just_in_time_tip,0,1,0,clicked_only,4.8,
6403,C6,2026-09-08,Payroll bonus notice,E0403,Engineering,over_3y,social_norm,1,0,0,no_action,,
6404,C6,2026-09-08,Payroll bonus notice,E0404,Sales,over_3y,loss_framing,0,0,0,no_action,,
6405,C6,2026-09-08,Payroll bonus notice,E0405,Engineering,1_to_3y,easy_report_prompt,0,0,0,no_action,,
6406,C6,2026-09-08,Payroll bonus notice,E0406,Legal & Compliance,over_3y,none,0,1,0,clicked_only,2.6,
6407,C6,2026-09-08,Payroll bonus notice,E0407,Finance,1_to_3y,easy_report_prompt,0,1,0,clicked_only,2.8,
6408,C6,2026-09-08,Payroll bonus notice,E0408,Operations,over_3y,just_in_time_tip,0,0,0,no_action,,
6409,C6,2026-09-08,Payroll bonus notice,E0409,Customer Support,1_to_3y,warning_banner,1,0,1,reported_only,,5.2
6410,C6,2026-09-08,Payroll bonus notice,E0410,Sales,over_3y,social_norm,0,1,0,clicked_only,5.5,
6411,C6,2026-09-08,Payroll bonus notice,E0411,HR,1_to_3y,warning_banner,1,0,0,no_action,,
6412,C6,2026-09-08,Payroll bonus notice,E0412,IT & Security,1_to_3y,just_in_time_tip,2,0,0,no_action,,
6413,C6,2026-09-08,Payroll bonus notice,E0413,Legal & Compliance,1_to_3y,social_norm,0,0,0,no_action,,
6414,C6,2026-09-08,Payroll bonus notice,E0414,Marketing,1_to_3y,loss_framing,1,0,0,no_action,,
6415,C6,2026-09-08,Payroll bonus notice,E0415,Engineering,under_1y,none,2,0,0,no_action,,
6416,C6,2026-09-08,Payroll bonus notice,E0416,Sales,over_3y,warning_banner,0,1,0,clicked_only,3.6,
6417,C6,2026-09-08,Payroll bonus notice,E0417,Engineering,over_3y,easy_report_prompt,1,1,1,clicked_and_reported,8.8,23.5
6418,C6,2026-09-08,Payroll bonus notice,E0418,Engineering,1_to_3y,social_norm,0,0,1,reported_only,,11.1
6419,C6,2026-09-08,Payroll bonus notice,E0419,Executive Office,over_3y,loss_framing,2,0,0,no_action,,
6420,C6,2026-09-08,Payroll bonus notice,E0420,Sales,over_3y,easy_report_prompt,1,0,0,no_action,,
6421,C6,2026-09-08,Payroll bonus notice,E0421,HR,over_3y,social_norm,3,0,0,no_action,,
6422,C6,2026-09-08,Payroll bonus notice,E0422,Customer Support,over_3y,just_in_time_tip,0,1,0,clicked_only,3.1,
6423,C6,2026-09-08,Payroll bonus notice,E0423,Customer Support,over_3y,social_norm,0,0,0,no_action,,
6424,C6,2026-09-08,Payroll bonus notice,E0424,Sales,over_3y,none,2,0,0,no_action,,
6425,C6,2026-09-08,Payroll bonus notice,E0425,Engineering,over_3y,just_in_time_tip,0,0,0,no_action,,
6426,C6,2026-09-08,Payroll bonus notice,E0426,Customer Support,over_3y,easy_report_prompt,0,0,1,reported_only,,5.7
6427,C6,2026-09-08,Payroll bonus notice,E0427,Operations,over_3y,loss_framing,1,0,0,no_action,,
6428,C6,2026-09-08,Payroll bonus notice,E0428,Sales,1_to_3y,none,1,0,1,reported_only,,147.8
6429,C6,2026-09-08,Payroll bonus notice,E0429,Marketing,under_1y,social_norm,1,0,1,reported_only,,83.4
6430,C6,2026-09-08,Payroll bonus notice,E0430,Sales,over_3y,none,0,0,1,reported_only,,9.4
6431,C6,2026-09-08,Payroll bonus notice,E0431,Engineering,1_to_3y,just_in_time_tip,1,0,0,no_action,,
6432,C6,2026-09-08,Payroll bonus notice,E0432,Finance,over_3y,easy_report_prompt,1,0,0,no_action,,
6433,C6,2026-09-08,Payroll bonus notice,E0433,Sales,over_3y,just_in_time_tip,1,1,0,clicked_only,7.9,
6434,C6,2026-09-08,Payroll bonus notice,E0434,Operations,over_3y,loss_framing,1,0,0,no_action,,
6435,C6,2026-09-08,Payroll bonus notice,E0435,Executive Office,1_to_3y,social_norm,1,0,0,no_action,,
6436,C6,2026-09-08,Payroll bonus notice,E0436,Engineering,over_3y,loss_framing,2,0,0,no_action,,
6437,C6,2026-09-08,Payroll bonus notice,E0437,Customer Support,over_3y,none,0,0,1,reported_only,,45.5
6438,C6,2026-09-08,Payroll bonus notice,E0438,Finance,under_1y,just_in_time_tip,0,0,0,no_action,,
6439,C6,2026-09-08,Payroll bonus notice,E0439,Finance,over_3y,warning_banner,1,0,0,no_action,,
6440,C6,2026-09-08,Payroll bonus notice,E0440,Customer Support,over_3y,easy_report_prompt,0,1,0,clicked_only,2.3,
6441,C6,2026-09-08,Payroll bonus notice,E0441,Marketing,over_3y,warning_banner,1,0,0,no_action,,
6442,C6,2026-09-08,Payroll bonus notice,E0442,Customer Support,1_to_3y,loss_framing,1,0,0,no_action,,
6443,C6,2026-09-08,Payroll bonus notice,E0443,Customer Support,over_3y,social_norm,0,0,1,reported_only,,33.9
6444,C6,2026-09-08,Payroll bonus notice,E0444,Customer Support,under_1y,easy_report_prompt,0,0,0,no_action,,
6445,C6,2026-09-08,Payroll bonus notice,E0445,Engineering,over_3y,none,2,0,0,no_action,,
6446,C6,2026-09-08,Payroll bonus notice,E0446,IT & Security,over_3y,just_in_time_tip,0,0,0,no_action,,
6447,C6,2026-09-08,Payroll bonus notice,E0447,Engineering,1_to_3y,easy_report_prompt,1,0,1,reported_only,,4.5
6448,C6,2026-09-08,Payroll bonus notice,E0448,Operations,under_1y,loss_framing,0,0,0,no_action,,
6449,C6,2026-09-08,Payroll bonus notice,E0449,HR,over_3y,social_norm,1,0,0,no_action,,
6450,C6,2026-09-08,Payroll bonus notice,E0450,Operations,1_to_3y,easy_report_prompt,2,0,1,reported_only,,11.4
6451,C6,2026-09-08,Payroll bonus notice,E0451,Legal & Compliance,1_to_3y,easy_report_prompt,0,1,0,clicked_only,5.0,
6452,C6,2026-09-08,Payroll bonus notice,E0452,Finance,over_3y,social_norm,1,0,0,no_action,,
6453,C6,2026-09-08,Payroll bonus notice,E0453,Operations,over_3y,loss_framing,2,0,0,no_action,,
6454,C6,2026-09-08,Payroll bonus notice,E0454,Sales,over_3y,social_norm,0,0,0,no_action,,
6455,C6,2026-09-08,Payroll bonus notice,E0455,Operations,over_3y,none,1,0,1,reported_only,,9.9
6456,C6,2026-09-08,Payroll bonus notice,E0456,Finance,under_1y,easy_report_prompt,0,0,1,reported_only,,75.0
6457,C6,2026-09-08,Payroll bonus notice,E0457,Engineering,1_to_3y,just_in_time_tip,0,0,0,no_action,,
6458,C6,2026-09-08,Payroll bonus notice,E0458,Engineering,1_to_3y,none,2,0,0,no_action,,
6459,C6,2026-09-08,Payroll bonus notice,E0459,Legal & Compliance,1_to_3y,just_in_time_tip,1,0,0,no_action,,
6460,C6,2026-09-08,Payroll bonus notice,E0460,Operations,under_1y,warning_banner,0,0,0,no_action,,
6461,C6,2026-09-08,Payroll bonus notice,E0461,Engineering,1_to_3y,loss_framing,0,0,0,no_action,,
6462,C6,2026-09-08,Payroll bonus notice,E0462,IT & Security,1_to_3y,none,1,0,1,reported_only,,29.1
6463,C6,2026-09-08,Payroll bonus notice,E0463,HR,under_1y,just_in_time_tip,1,1,0,clicked_only,105.0,
6464,C6,2026-09-08,Payroll bonus notice,E0464,Sales,1_to_3y,none,1,0,0,no_action,,
6465,C6,2026-09-08,Payroll bonus notice,E0465,Legal & Compliance,1_to_3y,warning_banner,2,0,0,no_action,,
6466,C6,2026-09-08,Payroll bonus notice,E0466,Sales,over_3y,warning_banner,0,0,0,no_action,,
6467,C6,2026-09-08,Payroll bonus notice,E0467,Engineering,1_to_3y,loss_framing,1,0,0,no_action,,
6468,C6,2026-09-08,Payroll bonus notice,E0468,Sales,1_to_3y,loss_framing,0,1,0,clicked_only,13.8,
6469,C6,2026-09-08,Payroll bonus notice,E0469,IT & Security,under_1y,none,1,0,1,reported_only,,21.7
6470,C6,2026-09-08,Payroll bonus notice,E0470,Engineering,1_to_3y,none,1,0,0,no_action,,
6471,C6,2026-09-08,Payroll bonus notice,E0471,Legal & Compliance,1_to_3y,none,1,0,0,no_action,,
6472,C6,2026-09-08,Payroll bonus notice,E0472,Engineering,under_1y,easy_report_prompt,0,0,0,no_action,,
6473,C6,2026-09-08,Payroll bonus notice,E0473,Engineering,1_to_3y,warning_banner,0,0,1,reported_only,,76.6
6474,C6,2026-09-08,Payroll bonus notice,E0474,HR,1_to_3y,easy_report_prompt,2,0,0,no_action,,
6475,C6,2026-09-08,Payroll bonus notice,E0475,Operations,1_to_3y,loss_framing,3,1,0,clicked_only,15.0,
6476,C6,2026-09-08,Payroll bonus notice,E0476,Customer Support,1_to_3y,just_in_time_tip,1,0,1,reported_only,,27.9
6477,C6,2026-09-08,Payroll bonus notice,E0477,Marketing,over_3y,social_norm,3,1,0,clicked_only,8.7,
6478,C6,2026-09-08,Payroll bonus notice,E0478,IT & Security,1_to_3y,none,0,0,1,reported_only,,510.5
6479,C6,2026-09-08,Payroll bonus notice,E0479,Finance,1_to_3y,none,1,0,0,no_action,,
6480,C6,2026-09-08,Payroll bonus notice,E0480,IT & Security,over_3y,easy_report_prompt,0,0,1,reported_only,,5.4
6481,C6,2026-09-08,Payroll bonus notice,E0481,IT & Security,over_3y,warning_banner,1,1,0,clicked_only,2.9,
6482,C6,2026-09-08,Payroll bonus notice,E0482,Sales,over_3y,just_in_time_tip,1,0,0,no_action,,
6483,C6,2026-09-08,Payroll bonus notice,E0483,Marketing,1_to_3y,just_in_time_tip,1,0,0,no_action,,
6484,C6,2026-09-08,Payroll bonus notice,E0484,Sales,under_1y,easy_report_prompt,0,1,0,clicked_only,14.3,
6485,C6,2026-09-08,Payroll bonus notice,E0485,Finance,over_3y,social_norm,0,1,0,clicked_only,1.1,
6486,C6,2026-09-08,Payroll bonus notice,E0486,IT & Security,over_3y,loss_framing,1,0,0,no_action,,
6487,C6,2026-09-08,Payroll bonus notice,E0487,Legal & Compliance,over_3y,loss_framing,0,0,1,reported_only,,8.5
6488,C6,2026-09-08,Payroll bonus notice,E0488,Customer Support,under_1y,none,0,1,0,clicked_only,8.3,
6489,C6,2026-09-08,Payroll bonus notice,E0489,Customer Support,under_1y,easy_report_prompt,2,1,0,clicked_only,6.3,
6490,C6,2026-09-08,Payroll bonus notice,E0490,Finance,over_3y,warning_banner,1,0,0,no_action,,
6491,C6,2026-09-08,Payroll bonus notice,E0491,Finance,1_to_3y,social_norm,2,0,0,no_action,,
6492,C6,2026-09-08,Payroll bonus notice,E0492,Sales,over_3y,none,0,0,0,no_action,,
6493,C6,2026-09-08,Payroll bonus notice,E0493,Engineering,over_3y,easy_report_prompt,0,0,1,reported_only,,11.0
6494,C6,2026-09-08,Payroll bonus notice,E0494,Sales,1_to_3y,just_in_time_tip,0,0,1,reported_only,,660.4
6495,C6,2026-09-08,Payroll bonus notice,E0495,Finance,over_3y,just_in_time_tip,1,0,0,no_action,,
6496,C6,2026-09-08,Payroll bonus notice,E0496,HR,1_to_3y,loss_framing,0,1,0,clicked_only,24.4,
6497,C6,2026-09-08,Payroll bonus notice,E0497,Engineering,over_3y,easy_report_prompt,1,0,0,no_action,,
6498,C6,2026-09-08,Payroll bonus notice,E0498,Finance,over_3y,easy_report_prompt,1,0,0,no_action,,
6499,C6,2026-09-08,Payroll bonus notice,E0499,Sales,over_3y,loss_framing,2,0,0,no_action,,
6500,C6,2026-09-08,Payroll bonus notice,E0500,Finance,1_to_3y,none,1,0,0,no_action,,
6501,C6,2026-09-08,Payroll bonus notice,E0501,Operations,under_1y,loss_framing,1,0,0,no_action,,
6502,C6,2026-09-08,Payroll bonus notice,E0502,Engineering,1_to_3y,loss_framing,1,0,0,no_action,,
6503,C6,2026-09-08,Payroll bonus notice,E0503,Engineering,over_3y,social_norm,2,1,0,clicked_only,28.2,
6504,C6,2026-09-08,Payroll bonus notice,E0504,IT & Security,over_3y,just_in_time_tip,0,0,0,no_action,,
6505,C6,2026-09-08,Payroll bonus notice,E0505,Engineering,1_to_3y,loss_framing,0,0,0,no_action,,
6506,C6,2026-09-08,Payroll bonus notice,E0506,Finance,1_to_3y,none,1,0,0,no_action,,
6507,C6,2026-09-08,Payroll bonus notice,E0507,Sales,over_3y,just_in_time_tip,1,0,0,no_action,,
6508,C6,2026-09-08,Payroll bonus notice,E0508,HR,1_to_3y,none,2,0,0,no_action,,
6509,C6,2026-09-08,Payroll bonus notice,E0509,Marketing,over_3y,loss_framing,1,0,0,no_action,,
6510,C6,2026-09-08,Payroll bonus notice,E0510,IT & Security,over_3y,none,1,1,0,clicked_only,5.2,
6511,C6,2026-09-08,Payroll bonus notice,E0511,HR,over_3y,warning_banner,2,0,1,reported_only,,18.2
6512,C6,2026-09-08,Payroll bonus notice,E0512,Engineering,under_1y,just_in_time_tip,1,0,0,no_action,,
6513,C6,2026-09-08,Payroll bonus notice,E0513,Operations,over_3y,warning_banner,0,0,0,no_action,,
6514,C6,2026-09-08,Payroll bonus notice,E0514,Engineering,under_1y,easy_report_prompt,0,0,0,no_action,,
6515,C6,2026-09-08,Payroll bonus notice,E0515,Finance,1_to_3y,loss_framing,2,1,0,clicked_only,3.9,
6516,C6,2026-09-08,Payroll bonus notice,E0516,Sales,over_3y,none,0,0,1,reported_only,,17.1
6517,C6,2026-09-08,Payroll bonus notice,E0517,Executive Office,over_3y,warning_banner,0,0,0,no_action,,
6518,C6,2026-09-08,Payroll bonus notice,E0518,Operations,under_1y,just_in_time_tip,1,0,0,no_action,,
6519,C6,2026-09-08,Payroll bonus notice,E0519,Finance,over_3y,loss_framing,2,0,0,no_action,,
6520,C6,2026-09-08,Payroll bonus notice,E0520,Sales,1_to_3y,warning_banner,2,0,0,no_action,,
6521,C6,2026-09-08,Payroll bonus notice,E0521,Marketing,over_3y,warning_banner,2,0,0,no_action,,
6522,C6,2026-09-08,Payroll bonus notice,E0522,Engineering,over_3y,loss_framing,0,0,0,no_action,,
6523,C6,2026-09-08,Payroll bonus notice,E0523,Executive Office,over_3y,social_norm,1,0,0,no_action,,
6524,C6,2026-09-08,Payroll bonus notice,E0524,Legal & Compliance,over_3y,warning_banner,0,0,0,no_action,,
6525,C6,2026-09-08,Payroll bonus notice,E0525,Engineering,under_1y,loss_framing,1,0,0,no_action,,
6526,C6,2026-09-08,Payroll bonus notice,E0526,Engineering,1_to_3y,warning_banner,0,0,1,reported_only,,46.9
6527,C6,2026-09-08,Payroll bonus notice,E0527,Marketing,under_1y,social_norm,3,1,0,clicked_only,24.4,
6528,C6,2026-09-08,Payroll bonus notice,E0528,Executive Office,1_to_3y,social_norm,0,0,0,no_action,,
6529,C6,2026-09-08,Payroll bonus notice,E0529,Sales,1_to_3y,warning_banner,1,0,0,no_action,,
6530,C6,2026-09-08,Payroll bonus notice,E0530,Legal & Compliance,1_to_3y,warning_banner,1,0,0,no_action,,
6531,C6,2026-09-08,Payroll bonus notice,E0531,Operations,1_to_3y,warning_banner,0,0,0,no_action,,
6532,C6,2026-09-08,Payroll bonus notice,E0532,Operations,1_to_3y,easy_report_prompt,0,0,1,reported_only,,9.8
6533,C6,2026-09-08,Payroll bonus notice,E0533,Engineering,over_3y,loss_framing,1,0,0,no_action,,
6534,C6,2026-09-08,Payroll bonus notice,E0534,Operations,under_1y,easy_report_prompt,0,1,0,clicked_only,9.5,
6535,C6,2026-09-08,Payroll bonus notice,E0535,Engineering,1_to_3y,just_in_time_tip,2,1,0,clicked_only,4.9,
6536,C6,2026-09-08,Payroll bonus notice,E0536,Engineering,over_3y,loss_framing,1,0,0,no_action,,
6537,C6,2026-09-08,Payroll bonus notice,E0537,Sales,under_1y,warning_banner,2,0,0,no_action,,
6538,C6,2026-09-08,Payroll bonus notice,E0538,HR,1_to_3y,social_norm,1,0,0,no_action,,
6539,C6,2026-09-08,Payroll bonus notice,E0539,Operations,1_to_3y,easy_report_prompt,0,0,0,no_action,,
6540,C6,2026-09-08,Payroll bonus notice,E0540,Sales,over_3y,social_norm,2,0,0,no_action,,
6541,C6,2026-09-08,Payroll bonus notice,E0541,IT & Security,under_1y,easy_report_prompt,0,0,1,reported_only,,1.3
6542,C6,2026-09-08,Payroll bonus notice,E0542,Operations,under_1y,just_in_time_tip,2,0,0,no_action,,
6543,C6,2026-09-08,Payroll bonus notice,E0543,Customer Support,1_to_3y,loss_framing,1,1,0,clicked_only,2.6,
6544,C6,2026-09-08,Payroll bonus notice,E0544,Customer Support,over_3y,none,0,1,0,clicked_only,49.9,
6545,C6,2026-09-08,Payroll bonus notice,E0545,HR,over_3y,easy_report_prompt,2,1,0,clicked_only,21.9,
6546,C6,2026-09-08,Payroll bonus notice,E0546,Marketing,1_to_3y,none,3,0,0,no_action,,
6547,C6,2026-09-08,Payroll bonus notice,E0547,IT & Security,over_3y,easy_report_prompt,1,1,0,clicked_only,16.4,
6548,C6,2026-09-08,Payroll bonus notice,E0548,Customer Support,over_3y,social_norm,0,0,0,no_action,,
6549,C6,2026-09-08,Payroll bonus notice,E0549,Sales,over_3y,social_norm,0,0,0,no_action,,
6550,C6,2026-09-08,Payroll bonus notice,E0550,Sales,over_3y,loss_framing,1,0,0,no_action,,
6551,C6,2026-09-08,Payroll bonus notice,E0551,Executive Office,over_3y,warning_banner,1,0,0,no_action,,
6552,C6,2026-09-08,Payroll bonus notice,E0552,Operations,under_1y,none,1,0,0,no_action,,
6553,C6,2026-09-08,Payroll bonus notice,E0553,Customer Support,over_3y,easy_report_prompt,1,0,0,no_action,,
6554,C6,2026-09-08,Payroll bonus notice,E0554,Legal & Compliance,over_3y,just_in_time_tip,0,0,1,reported_only,,10.0
6555,C6,2026-09-08,Payroll bonus notice,E0555,Marketing,under_1y,none,0,1,0,clicked_only,15.1,
6556,C6,2026-09-08,Payroll bonus notice,E0556,IT & Security,under_1y,warning_banner,0,0,0,no_action,,
6557,C6,2026-09-08,Payroll bonus notice,E0557,Engineering,under_1y,just_in_time_tip,0,1,0,clicked_only,7.9,
6558,C6,2026-09-08,Payroll bonus notice,E0558,Customer Support,1_to_3y,loss_framing,1,1,0,clicked_only,11.4,
6559,C6,2026-09-08,Payroll bonus notice,E0559,IT & Security,under_1y,loss_framing,0,0,1,reported_only,,3.9
6560,C6,2026-09-08,Payroll bonus notice,E0560,Engineering,1_to_3y,just_in_time_tip,0,0,0,no_action,,
6561,C6,2026-09-08,Payroll bonus notice,E0561,Finance,under_1y,easy_report_prompt,0,0,0,no_action,,
6562,C6,2026-09-08,Payroll bonus notice,E0562,Marketing,under_1y,just_in_time_tip,2,0,0,no_action,,
6563,C6,2026-09-08,Payroll bonus notice,E0563,Engineering,under_1y,loss_framing,2,0,1,reported_only,,69.8
6564,C6,2026-09-08,Payroll bonus notice,E0564,Legal & Compliance,under_1y,none,0,0,0,no_action,,
6565,C6,2026-09-08,Payroll bonus notice,E0565,HR,over_3y,loss_framing,1,0,0,no_action,,
6566,C6,2026-09-08,Payroll bonus notice,E0566,Engineering,over_3y,just_in_time_tip,0,0,1,reported_only,,28.2
6567,C6,2026-09-08,Payroll bonus notice,E0567,Customer Support,over_3y,warning_banner,2,0,0,no_action,,
6568,C6,2026-09-08,Payroll bonus notice,E0568,Engineering,over_3y,easy_report_prompt,1,0,1,reported_only,,10.7
6569,C6,2026-09-08,Payroll bonus notice,E0569,Operations,1_to_3y,just_in_time_tip,0,0,1,reported_only,,18.5
6570,C6,2026-09-08,Payroll bonus notice,E0570,Operations,over_3y,social_norm,2,0,0,no_action,,
6571,C6,2026-09-08,Payroll bonus notice,E0571,Engineering,over_3y,just_in_time_tip,0,0,0,no_action,,
6572,C6,2026-09-08,Payroll bonus notice,E0572,Customer Support,1_to_3y,easy_report_prompt,0,0,0,no_action,,
6573,C6,2026-09-08,Payroll bonus notice,E0573,Customer Support,over_3y,warning_banner,2,0,0,no_action,,
6574,C6,2026-09-08,Payroll bonus notice,E0574,Operations,1_to_3y,loss_framing,1,1,0,clicked_only,12.3,
6575,C6,2026-09-08,Payroll bonus notice,E0575,Engineering,under_1y,none,0,0,1,reported_only,,79.2
6576,C6,2026-09-08,Payroll bonus notice,E0576,Customer Support,under_1y,warning_banner,1,1,0,clicked_only,4.5,
6577,C6,2026-09-08,Payroll bonus notice,E0577,Operations,over_3y,none,2,0,0,no_action,,
6578,C6,2026-09-08,Payroll bonus notice,E0578,Customer Support,1_to_3y,warning_banner,0,0,1,reported_only,,32.3
6579,C6,2026-09-08,Payroll bonus notice,E0579,Operations,over_3y,social_norm,0,0,0,no_action,,
6580,C6,2026-09-08,Payroll bonus notice,E0580,Finance,1_to_3y,loss_framing,0,0,0,no_action,,
6581,C6,2026-09-08,Payroll bonus notice,E0581,Sales,under_1y,loss_framing,3,0,0,no_action,,
6582,C6,2026-09-08,Payroll bonus notice,E0582,Engineering,1_to_3y,easy_report_prompt,1,0,0,no_action,,
6583,C6,2026-09-08,Payroll bonus notice,E0583,Customer Support,under_1y,just_in_time_tip,1,1,0,clicked_only,6.4,
6584,C6,2026-09-08,Payroll bonus notice,E0584,Sales,over_3y,warning_banner,1,0,0,no_action,,
6585,C6,2026-09-08,Payroll bonus notice,E0585,IT & Security,1_to_3y,warning_banner,0,1,1,clicked_and_reported,61.9,63.4
6586,C6,2026-09-08,Payroll bonus notice,E0586,Engineering,over_3y,social_norm,0,0,0,no_action,,
6587,C6,2026-09-08,Payroll bonus notice,E0587,Engineering,under_1y,warning_banner,1,0,0,no_action,,
6588,C6,2026-09-08,Payroll bonus notice,E0588,Engineering,under_1y,none,0,0,0,no_action,,
6589,C6,2026-09-08,Payroll bonus notice,E0589,Customer Support,under_1y,warning_banner,1,0,0,no_action,,
6590,C6,2026-09-08,Payroll bonus notice,E0590,Finance,over_3y,easy_report_prompt,0,0,0,no_action,,
6591,C6,2026-09-08,Payroll bonus notice,E0591,Finance,1_to_3y,loss_framing,0,0,0,no_action,,
6592,C6,2026-09-08,Payroll bonus notice,E0592,Operations,1_to_3y,just_in_time_tip,0,0,0,no_action,,
6593,C6,2026-09-08,Payroll bonus notice,E0593,Customer Support,1_to_3y,none,0,0,0,no_action,,
6594,C6,2026-09-08,Payroll bonus notice,E0594,Executive Office,under_1y,none,0,1,0,clicked_only,1.6,
6595,C6,2026-09-08,Payroll bonus notice,E0595,Sales,under_1y,warning_banner,1,0,0,no_action,,
6596,C6,2026-09-08,Payroll bonus notice,E0596,Operations,1_to_3y,easy_report_prompt,1,0,0,no_action,,
6597,C6,2026-09-08,Payroll bonus notice,E0597,Operations,1_to_3y,just_in_time_tip,0,0,0,no_action,,
6598,C6,2026-09-08,Payroll bonus notice,E0598,Engineering,over_3y,social_norm,2,0,1,reported_only,,55.9
6599,C6,2026-09-08,Payroll bonus notice,E0599,Finance,over_3y,none,0,0,0,no_action,,
6600,C6,2026-09-08,Payroll bonus notice,E0600,IT & Security,over_3y,just_in_time_tip,3,0,1,reported_only,,30.9
6601,C6,2026-09-08,Payroll bonus notice,E0601,Engineering,under_1y,social_norm,0,0,1,reported_only,,8.8
6602,C6,2026-09-08,Payroll bonus notice,E0602,Finance,1_to_3y,social_norm,1,0,0,no_action,,
6603,C6,2026-09-08,Payroll bonus notice,E0603,Operations,under_1y,social_norm,0,0,0,no_action,,
6604,C6,2026-09-08,Payroll bonus notice,E0604,Sales,over_3y,just_in_time_tip,0,0,0,no_action,,
6605,C6,2026-09-08,Payroll bonus notice,E0605,Finance,1_to_3y,warning_banner,2,0,0,no_action,,
6606,C6,2026-09-08,Payroll bonus notice,E0606,Engineering,1_to_3y,easy_report_prompt,1,0,1,reported_only,,33.8
6607,C6,2026-09-08,Payroll bonus notice,E0607,Engineering,1_to_3y,social_norm,2,0,0,no_action,,
6608,C6,2026-09-08,Payroll bonus notice,E0608,Sales,under_1y,warning_banner,0,1,0,clicked_only,5.5,
6609,C6,2026-09-08,Payroll bonus notice,E0609,Legal & Compliance,over_3y,easy_report_prompt,1,0,0,no_action,,
6610,C6,2026-09-08,Payroll bonus notice,E0610,Customer Support,1_to_3y,just_in_time_tip,0,0,0,no_action,,
6611,C6,2026-09-08,Payroll bonus notice,E0611,Engineering,1_to_3y,loss_framing,3,0,1,reported_only,,50.8
6612,C6,2026-09-08,Payroll bonus notice,E0612,Executive Office,over_3y,warning_banner,1,0,0,no_action,,
6613,C6,2026-09-08,Payroll bonus notice,E0613,Customer Support,1_to_3y,warning_banner,2,0,0,no_action,,
6614,C6,2026-09-08,Payroll bonus notice,E0614,HR,over_3y,easy_report_prompt,2,0,0,no_action,,
6615,C6,2026-09-08,Payroll bonus notice,E0615,IT & Security,over_3y,just_in_time_tip,1,0,0,no_action,,
6616,C6,2026-09-08,Payroll bonus notice,E0616,Operations,under_1y,social_norm,1,0,1,reported_only,,191.4
6617,C6,2026-09-08,Payroll bonus notice,E0617,Engineering,1_to_3y,just_in_time_tip,1,0,0,no_action,,
6618,C6,2026-09-08,Payroll bonus notice,E0618,Marketing,under_1y,just_in_time_tip,1,0,1,reported_only,,6.8
6619,C6,2026-09-08,Payroll bonus notice,E0619,Marketing,1_to_3y,easy_report_prompt,1,0,1,reported_only,,1.8
6620,C6,2026-09-08,Payroll bonus notice,E0620,Sales,1_to_3y,easy_report_prompt,0,1,0,clicked_only,79.8,
6621,C6,2026-09-08,Payroll bonus notice,E0621,HR,over_3y,just_in_time_tip,1,0,0,no_action,,
6622,C6,2026-09-08,Payroll bonus notice,E0622,Marketing,1_to_3y,social_norm,1,1,0,clicked_only,22.0,
6623,C6,2026-09-08,Payroll bonus notice,E0623,Sales,1_to_3y,easy_report_prompt,2,1,0,clicked_only,8.9,
6624,C6,2026-09-08,Payroll bonus notice,E0624,Customer Support,1_to_3y,social_norm,2,1,0,clicked_only,2.8,
6625,C6,2026-09-08,Payroll bonus notice,E0625,Finance,over_3y,loss_framing,1,0,0,no_action,,
6626,C6,2026-09-08,Payroll bonus notice,E0626,IT & Security,over_3y,loss_framing,0,0,1,reported_only,,1.4
6627,C6,2026-09-08,Payroll bonus notice,E0627,IT & Security,under_1y,just_in_time_tip,0,0,0,no_action,,
6628,C6,2026-09-08,Payroll bonus notice,E0628,Sales,over_3y,easy_report_prompt,0,1,0,clicked_only,4.1,
6629,C6,2026-09-08,Payroll bonus notice,E0629,Customer Support,under_1y,easy_report_prompt,2,0,0,no_action,,
6630,C6,2026-09-08,Payroll bonus notice,E0630,Finance,over_3y,just_in_time_tip,1,0,1,reported_only,,54.9
6631,C6,2026-09-08,Payroll bonus notice,E0631,IT & Security,under_1y,just_in_time_tip,1,0,0,no_action,,
6632,C6,2026-09-08,Payroll bonus notice,E0632,Operations,under_1y,warning_banner,0,0,0,no_action,,
6633,C6,2026-09-08,Payroll bonus notice,E0633,HR,over_3y,just_in_time_tip,1,1,0,clicked_only,3.1,
6634,C6,2026-09-08,Payroll bonus notice,E0634,Engineering,over_3y,none,2,0,0,no_action,,
6635,C6,2026-09-08,Payroll bonus notice,E0635,Sales,1_to_3y,loss_framing,0,1,0,clicked_only,4.2,
6636,C6,2026-09-08,Payroll bonus notice,E0636,Operations,under_1y,none,1,0,1,reported_only,,200.1
6637,C6,2026-09-08,Payroll bonus notice,E0637,Operations,1_to_3y,none,1,0,0,no_action,,
6638,C6,2026-09-08,Payroll bonus notice,E0638,Marketing,1_to_3y,loss_framing,1,1,0,clicked_only,8.9,
6639,C6,2026-09-08,Payroll bonus notice,E0639,HR,1_to_3y,none,0,0,0,no_action,,
6640,C6,2026-09-08,Payroll bonus notice,E0640,Customer Support,under_1y,just_in_time_tip,0,0,1,reported_only,,2.9
6641,C6,2026-09-08,Payroll bonus notice,E0641,Engineering,1_to_3y,easy_report_prompt,1,1,0,clicked_only,21.3,
6642,C6,2026-09-08,Payroll bonus notice,E0642,Operations,under_1y,loss_framing,2,0,0,no_action,,
6643,C6,2026-09-08,Payroll bonus notice,E0643,Operations,under_1y,none,1,0,0,no_action,,
6644,C6,2026-09-08,Payroll bonus notice,E0644,Customer Support,over_3y,social_norm,2,0,0,no_action,,
6645,C6,2026-09-08,Payroll bonus notice,E0645,Sales,over_3y,social_norm,1,0,0,no_action,,
6646,C6,2026-09-08,Payroll bonus notice,E0646,Finance,over_3y,easy_report_prompt,0,0,1,reported_only,,253.2
6647,C6,2026-09-08,Payroll bonus notice,E0647,Customer Support,over_3y,loss_framing,0,0,0,no_action,,
6648,C6,2026-09-08,Payroll bonus notice,E0648,Executive Office,1_to_3y,loss_framing,1,1,0,clicked_only,10.0,
6649,C6,2026-09-08,Payroll bonus notice,E0649,Engineering,over_3y,easy_report_prompt,2,0,0,no_action,,
6650,C6,2026-09-08,Payroll bonus notice,E0650,Sales,over_3y,none,0,0,0,no_action,,
6651,C6,2026-09-08,Payroll bonus notice,E0651,Sales,over_3y,just_in_time_tip,1,1,0,clicked_only,6.3,
6652,C6,2026-09-08,Payroll bonus notice,E0652,Finance,1_to_3y,just_in_time_tip,1,0,1,reported_only,,27.5
6653,C6,2026-09-08,Payroll bonus notice,E0653,HR,over_3y,social_norm,1,0,0,no_action,,
6654,C6,2026-09-08,Payroll bonus notice,E0654,Executive Office,over_3y,warning_banner,1,0,0,no_action,,
6655,C6,2026-09-08,Payroll bonus notice,E0655,HR,under_1y,loss_framing,1,0,0,no_action,,
6656,C6,2026-09-08,Payroll bonus notice,E0656,Engineering,1_to_3y,just_in_time_tip,1,0,0,no_action,,
6657,C6,2026-09-08,Payroll bonus notice,E0657,Engineering,1_to_3y,none,1,0,0,no_action,,
6658,C6,2026-09-08,Payroll bonus notice,E0658,Engineering,under_1y,none,2,1,0,clicked_only,7.1,
6659,C6,2026-09-08,Payroll bonus notice,E0659,Sales,1_to_3y,social_norm,2,0,1,reported_only,,9.9
6660,C6,2026-09-08,Payroll bonus notice,E0660,Operations,over_3y,easy_report_prompt,0,0,0,no_action,,
6661,C6,2026-09-08,Payroll bonus notice,E0661,Finance,under_1y,social_norm,1,0,0,no_action,,
6662,C6,2026-09-08,Payroll bonus notice,E0662,Sales,1_to_3y,warning_banner,0,0,1,reported_only,,23.3
6663,C6,2026-09-08,Payroll bonus notice,E0663,IT & Security,1_to_3y,warning_banner,0,0,1,reported_only,,21.7
6664,C6,2026-09-08,Payroll bonus notice,E0664,IT & Security,1_to_3y,easy_report_prompt,1,0,0,no_action,,
6665,C6,2026-09-08,Payroll bonus notice,E0665,Engineering,over_3y,just_in_time_tip,1,0,0,no_action,,
6666,C6,2026-09-08,Payroll bonus notice,E0666,Operations,1_to_3y,warning_banner,1,1,0,clicked_only,3.4,
6667,C6,2026-09-08,Payroll bonus notice,E0667,Customer Support,1_to_3y,just_in_time_tip,1,0,0,no_action,,
6668,C6,2026-09-08,Payroll bonus notice,E0668,Sales,over_3y,social_norm,1,0,0,no_action,,
6669,C6,2026-09-08,Payroll bonus notice,E0669,Finance,over_3y,warning_banner,0,1,0,clicked_only,40.9,
6670,C6,2026-09-08,Payroll bonus notice,E0670,IT & Security,under_1y,none,1,1,0,clicked_only,1.6,
6671,C6,2026-09-08,Payroll bonus notice,E0671,Operations,1_to_3y,none,2,0,1,reported_only,,64.3
6672,C6,2026-09-08,Payroll bonus notice,E0672,Operations,1_to_3y,just_in_time_tip,2,1,0,clicked_only,34.4,
6673,C6,2026-09-08,Payroll bonus notice,E0673,Engineering,1_to_3y,easy_report_prompt,1,1,1,clicked_and_reported,32.8,36.5
6674,C6,2026-09-08,Payroll bonus notice,E0674,Engineering,1_to_3y,easy_report_prompt,1,0,0,no_action,,
6675,C6,2026-09-08,Payroll bonus notice,E0675,Engineering,over_3y,social_norm,0,0,0,no_action,,
6676,C6,2026-09-08,Payroll bonus notice,E0676,Customer Support,1_to_3y,none,0,0,1,reported_only,,48.8
6677,C6,2026-09-08,Payroll bonus notice,E0677,Engineering,under_1y,loss_framing,1,0,0,no_action,,
6678,C6,2026-09-08,Payroll bonus notice,E0678,Finance,under_1y,loss_framing,0,0,0,no_action,,
6679,C6,2026-09-08,Payroll bonus notice,E0679,Sales,1_to_3y,loss_framing,0,0,1,reported_only,,10.7
6680,C6,2026-09-08,Payroll bonus notice,E0680,IT & Security,over_3y,loss_framing,1,0,0,no_action,,
6681,C6,2026-09-08,Payroll bonus notice,E0681,Customer Support,under_1y,none,0,0,0,no_action,,
6682,C6,2026-09-08,Payroll bonus notice,E0682,Customer Support,under_1y,warning_banner,0,1,0,clicked_only,6.5,
6683,C6,2026-09-08,Payroll bonus notice,E0683,Operations,over_3y,loss_framing,1,0,0,no_action,,
6684,C6,2026-09-08,Payroll bonus notice,E0684,Marketing,under_1y,loss_framing,0,0,0,no_action,,
6685,C6,2026-09-08,Payroll bonus notice,E0685,Engineering,over_3y,loss_framing,1,0,0,no_action,,
6686,C6,2026-09-08,Payroll bonus notice,E0686,Marketing,under_1y,warning_banner,1,0,0,no_action,,
6687,C6,2026-09-08,Payroll bonus notice,E0687,Marketing,over_3y,loss_framing,1,0,0,no_action,,
6688,C6,2026-09-08,Payroll bonus notice,E0688,Sales,1_to_3y,just_in_time_tip,0,0,0,no_action,,
6689,C6,2026-09-08,Payroll bonus notice,E0689,Operations,under_1y,loss_framing,1,0,0,no_action,,
6690,C6,2026-09-08,Payroll bonus notice,E0690,Customer Support,over_3y,just_in_time_tip,0,0,0,no_action,,
6691,C6,2026-09-08,Payroll bonus notice,E0691,HR,under_1y,easy_report_prompt,0,1,0,clicked_only,4.0,
6692,C6,2026-09-08,Payroll bonus notice,E0692,IT & Security,over_3y,warning_banner,1,0,0,no_action,,
6693,C6,2026-09-08,Payroll bonus notice,E0693,Engineering,over_3y,warning_banner,0,0,1,reported_only,,36.5
6694,C6,2026-09-08,Payroll bonus notice,E0694,Sales,under_1y,social_norm,1,0,1,reported_only,,21.3
6695,C6,2026-09-08,Payroll bonus notice,E0695,Engineering,1_to_3y,loss_framing,1,0,1,reported_only,,9.3
6696,C6,2026-09-08,Payroll bonus notice,E0696,Operations,over_3y,just_in_time_tip,1,0,0,no_action,,
6697,C6,2026-09-08,Payroll bonus notice,E0697,Finance,1_to_3y,just_in_time_tip,2,1,0,clicked_only,31.1,
6698,C6,2026-09-08,Payroll bonus notice,E0698,Sales,1_to_3y,none,1,1,0,clicked_only,1.9,
6699,C6,2026-09-08,Payroll bonus notice,E0699,Sales,under_1y,warning_banner,1,1,0,clicked_only,2.5,
6700,C6,2026-09-08,Payroll bonus notice,E0700,Marketing,1_to_3y,social_norm,2,1,0,clicked_only,26.3,
6701,C6,2026-09-08,Payroll bonus notice,E0701,Operations,1_to_3y,just_in_time_tip,0,0,0,no_action,,
6702,C6,2026-09-08,Payroll bonus notice,E0702,Marketing,over_3y,social_norm,1,0,0,no_action,,
6703,C6,2026-09-08,Payroll bonus notice,E0703,Marketing,over_3y,easy_report_prompt,1,0,0,no_action,,
6704,C6,2026-09-08,Payroll bonus notice,E0704,Marketing,over_3y,just_in_time_tip,0,0,0,no_action,,
6705,C6,2026-09-08,Payroll bonus notice,E0705,Finance,over_3y,social_norm,1,0,0,no_action,,
6706,C6,2026-09-08,Payroll bonus notice,E0706,Sales,over_3y,easy_report_prompt,1,0,0,no_action,,
6707,C6,2026-09-08,Payroll bonus notice,E0707,Operations,under_1y,social_norm,0,0,0,no_action,,
6708,C6,2026-09-08,Payroll bonus notice,E0708,Customer Support,over_3y,none,0,0,0,no_action,,
6709,C6,2026-09-08,Payroll bonus notice,E0709,Sales,1_to_3y,just_in_time_tip,0,0,0,no_action,,
6710,C6,2026-09-08,Payroll bonus notice,E0710,Engineering,1_to_3y,warning_banner,1,0,1,reported_only,,54.4
6711,C6,2026-09-08,Payroll bonus notice,E0711,Operations,over_3y,easy_report_prompt,2,0,1,reported_only,,0.5
6712,C6,2026-09-08,Payroll bonus notice,E0712,Finance,1_to_3y,just_in_time_tip,0,0,0,no_action,,
6713,C6,2026-09-08,Payroll bonus notice,E0713,Engineering,1_to_3y,just_in_time_tip,1,0,0,no_action,,
6714,C6,2026-09-08,Payroll bonus notice,E0714,Marketing,under_1y,none,2,1,0,clicked_only,5.3,
6715,C6,2026-09-08,Payroll bonus notice,E0715,Legal & Compliance,over_3y,easy_report_prompt,1,0,0,no_action,,
6716,C6,2026-09-08,Payroll bonus notice,E0716,IT & Security,over_3y,social_norm,1,0,1,reported_only,,14.1
6717,C6,2026-09-08,Payroll bonus notice,E0717,Engineering,over_3y,warning_banner,0,0,0,no_action,,
6718,C6,2026-09-08,Payroll bonus notice,E0718,Marketing,over_3y,none,1,0,1,reported_only,,4.5
6719,C6,2026-09-08,Payroll bonus notice,E0719,Marketing,under_1y,easy_report_prompt,0,0,0,no_action,,
6720,C6,2026-09-08,Payroll bonus notice,E0720,Engineering,1_to_3y,none,0,0,0,no_action,,
6721,C6,2026-09-08,Payroll bonus notice,E0721,Sales,1_to_3y,loss_framing,0,0,0,no_action,,
6722,C6,2026-09-08,Payroll bonus notice,E0722,Marketing,over_3y,social_norm,0,1,1,clicked_and_reported,1.8,7.5
6723,C6,2026-09-08,Payroll bonus notice,E0723,Engineering,under_1y,none,1,1,1,clicked_and_reported,10.2,36.0
6724,C6,2026-09-08,Payroll bonus notice,E0724,IT & Security,under_1y,social_norm,1,0,1,reported_only,,11.3
6725,C6,2026-09-08,Payroll bonus notice,E0725,Marketing,over_3y,none,0,0,0,no_action,,
6726,C6,2026-09-08,Payroll bonus notice,E0726,Operations,under_1y,easy_report_prompt,2,0,0,no_action,,
6727,C6,2026-09-08,Payroll bonus notice,E0727,HR,over_3y,none,0,1,0,clicked_only,2.8,
6728,C6,2026-09-08,Payroll bonus notice,E0728,Executive Office,1_to_3y,warning_banner,1,0,0,no_action,,
6729,C6,2026-09-08,Payroll bonus notice,E0729,Marketing,over_3y,social_norm,0,0,0,no_action,,
6730,C6,2026-09-08,Payroll bonus notice,E0730,Marketing,under_1y,easy_report_prompt,0,0,0,no_action,,
6731,C6,2026-09-08,Payroll bonus notice,E0731,Marketing,over_3y,loss_framing,0,1,0,clicked_only,2.8,
6732,C6,2026-09-08,Payroll bonus notice,E0732,Operations,over_3y,social_norm,1,1,0,clicked_only,2.3,
6733,C6,2026-09-08,Payroll bonus notice,E0733,Marketing,over_3y,easy_report_prompt,1,0,0,no_action,,
6734,C6,2026-09-08,Payroll bonus notice,E0734,Operations,1_to_3y,loss_framing,0,0,0,no_action,,
6735,C6,2026-09-08,Payroll bonus notice,E0735,Customer Support,over_3y,just_in_time_tip,0,0,1,reported_only,,10.5
6736,C6,2026-09-08,Payroll bonus notice,E0736,Engineering,over_3y,warning_banner,0,0,0,no_action,,
6737,C6,2026-09-08,Payroll bonus notice,E0737,Customer Support,over_3y,easy_report_prompt,0,1,1,clicked_and_reported,9.4,11.6
6738,C6,2026-09-08,Payroll bonus notice,E0738,Operations,1_to_3y,warning_banner,0,0,0,no_action,,
6739,C6,2026-09-08,Payroll bonus notice,E0739,Sales,over_3y,social_norm,1,0,0,no_action,,
6740,C6,2026-09-08,Payroll bonus notice,E0740,Operations,over_3y,just_in_time_tip,3,0,0,no_action,,
6741,C6,2026-09-08,Payroll bonus notice,E0741,Engineering,over_3y,warning_banner,2,0,0,no_action,,
6742,C6,2026-09-08,Payroll bonus notice,E0742,Sales,1_to_3y,social_norm,2,0,0,no_action,,
6743,C6,2026-09-08,Payroll bonus notice,E0743,Engineering,over_3y,social_norm,1,0,1,reported_only,,35.5
6744,C6,2026-09-08,Payroll bonus notice,E0744,Sales,under_1y,easy_report_prompt,1,1,0,clicked_only,6.0,
6745,C6,2026-09-08,Payroll bonus notice,E0745,Sales,1_to_3y,just_in_time_tip,0,1,0,clicked_only,5.0,
6746,C6,2026-09-08,Payroll bonus notice,E0746,Sales,over_3y,social_norm,2,0,0,no_action,,
6747,C6,2026-09-08,Payroll bonus notice,E0747,Engineering,over_3y,just_in_time_tip,0,0,0,no_action,,
6748,C6,2026-09-08,Payroll bonus notice,E0748,Finance,under_1y,easy_report_prompt,1,1,0,clicked_only,8.5,
6749,C6,2026-09-08,Payroll bonus notice,E0749,Engineering,1_to_3y,loss_framing,1,0,0,no_action,,
6750,C6,2026-09-08,Payroll bonus notice,E0750,Operations,over_3y,none,1,0,0,no_action,,
6751,C6,2026-09-08,Payroll bonus notice,E0751,Operations,over_3y,easy_report_prompt,1,0,1,reported_only,,17.1
6752,C6,2026-09-08,Payroll bonus notice,E0752,Sales,1_to_3y,loss_framing,1,0,0,no_action,,
6753,C6,2026-09-08,Payroll bonus notice,E0753,Finance,1_to_3y,loss_framing,2,0,0,no_action,,
6754,C6,2026-09-08,Payroll bonus notice,E0754,Engineering,1_to_3y,loss_framing,2,1,0,clicked_only,4.0,
6755,C6,2026-09-08,Payroll bonus notice,E0755,Executive Office,under_1y,loss_framing,2,0,0,no_action,,
6756,C6,2026-09-08,Payroll bonus notice,E0756,Operations,under_1y,warning_banner,0,1,1,clicked_and_reported,2.4,6.6
6757,C6,2026-09-08,Payroll bonus notice,E0757,Engineering,1_to_3y,just_in_time_tip,1,0,0,no_action,,
6758,C6,2026-09-08,Payroll bonus notice,E0758,Customer Support,over_3y,none,1,0,1,reported_only,,3.8
6759,C6,2026-09-08,Payroll bonus notice,E0759,Engineering,1_to_3y,none,0,0,0,no_action,,
6760,C6,2026-09-08,Payroll bonus notice,E0760,Marketing,1_to_3y,loss_framing,1,1,0,clicked_only,3.5,
6761,C6,2026-09-08,Payroll bonus notice,E0761,Executive Office,over_3y,just_in_time_tip,0,0,0,no_action,,
6762,C6,2026-09-08,Payroll bonus notice,E0762,Sales,1_to_3y,just_in_time_tip,0,1,0,clicked_only,5.3,
6763,C6,2026-09-08,Payroll bonus notice,E0763,IT & Security,under_1y,just_in_time_tip,2,0,0,no_action,,
6764,C6,2026-09-08,Payroll bonus notice,E0764,IT & Security,over_3y,warning_banner,1,0,1,reported_only,,5.5
6765,C6,2026-09-08,Payroll bonus notice,E0765,Engineering,under_1y,none,0,0,1,reported_only,,13.9
6766,C6,2026-09-08,Payroll bonus notice,E0766,Operations,under_1y,loss_framing,1,0,0,no_action,,
6767,C6,2026-09-08,Payroll bonus notice,E0767,Marketing,over_3y,warning_banner,0,0,0,no_action,,
6768,C6,2026-09-08,Payroll bonus notice,E0768,IT & Security,1_to_3y,just_in_time_tip,1,0,0,no_action,,
6769,C6,2026-09-08,Payroll bonus notice,E0769,Engineering,over_3y,social_norm,1,0,0,no_action,,
6770,C6,2026-09-08,Payroll bonus notice,E0770,Operations,1_to_3y,social_norm,1,0,1,reported_only,,30.1
6771,C6,2026-09-08,Payroll bonus notice,E0771,Operations,over_3y,easy_report_prompt,1,0,0,no_action,,
6772,C6,2026-09-08,Payroll bonus notice,E0772,Customer Support,under_1y,loss_framing,1,0,0,no_action,,
6773,C6,2026-09-08,Payroll bonus notice,E0773,Legal & Compliance,over_3y,social_norm,0,0,0,no_action,,
6774,C6,2026-09-08,Payroll bonus notice,E0774,Sales,over_3y,just_in_time_tip,2,0,0,no_action,,
6775,C6,2026-09-08,Payroll bonus notice,E0775,Customer Support,over_3y,social_norm,0,0,1,reported_only,,6.5
6776,C6,2026-09-08,Payroll bonus notice,E0776,Operations,under_1y,just_in_time_tip,1,1,0,clicked_only,4.8,
6777,C6,2026-09-08,Payroll bonus notice,E0777,IT & Security,1_to_3y,just_in_time_tip,0,0,0,no_action,,
6778,C6,2026-09-08,Payroll bonus notice,E0778,Customer Support,under_1y,none,0,0,0,no_action,,
6779,C6,2026-09-08,Payroll bonus notice,E0779,Marketing,over_3y,warning_banner,0,0,0,no_action,,
6780,C6,2026-09-08,Payroll bonus notice,E0780,Engineering,1_to_3y,easy_report_prompt,3,0,0,no_action,,
6781,C6,2026-09-08,Payroll bonus notice,E0781,Engineering,1_to_3y,social_norm,2,0,0,no_action,,
6782,C6,2026-09-08,Payroll bonus notice,E0782,Finance,1_to_3y,none,2,0,0,no_action,,
6783,C6,2026-09-08,Payroll bonus notice,E0783,Sales,over_3y,loss_framing,0,1,1,clicked_and_reported,2.7,4.1
6784,C6,2026-09-08,Payroll bonus notice,E0784,Operations,1_to_3y,easy_report_prompt,1,0,0,no_action,,
6785,C6,2026-09-08,Payroll bonus notice,E0785,Customer Support,under_1y,just_in_time_tip,1,0,0,no_action,,
6786,C6,2026-09-08,Payroll bonus notice,E0786,Sales,1_to_3y,loss_framing,0,0,0,no_action,,
6787,C6,2026-09-08,Payroll bonus notice,E0787,Customer Support,over_3y,just_in_time_tip,1,0,0,no_action,,
6788,C6,2026-09-08,Payroll bonus notice,E0788,Customer Support,1_to_3y,warning_banner,0,0,0,no_action,,
6789,C6,2026-09-08,Payroll bonus notice,E0789,Customer Support,under_1y,just_in_time_tip,1,1,0,clicked_only,8.8,
6790,C6,2026-09-08,Payroll bonus notice,E0790,Engineering,1_to_3y,warning_banner,3,1,0,clicked_only,1.1,
6791,C6,2026-09-08,Payroll bonus notice,E0791,Finance,1_to_3y,easy_report_prompt,2,1,0,clicked_only,1.6,
6792,C6,2026-09-08,Payroll bonus notice,E0792,Sales,under_1y,easy_report_prompt,0,1,0,clicked_only,1.9,
6793,C6,2026-09-08,Payroll bonus notice,E0793,Operations,over_3y,social_norm,1,0,0,no_action,,
6794,C6,2026-09-08,Payroll bonus notice,E0794,Engineering,over_3y,easy_report_prompt,2,0,1,reported_only,,7.3
6795,C6,2026-09-08,Payroll bonus notice,E0795,Marketing,under_1y,warning_banner,0,0,0,no_action,,
6796,C6,2026-09-08,Payroll bonus notice,E0796,Sales,over_3y,none,0,0,0,no_action,,
6797,C6,2026-09-08,Payroll bonus notice,E0797,HR,1_to_3y,none,0,1,0,clicked_only,9.7,
6798,C6,2026-09-08,Payroll bonus notice,E0798,Sales,1_to_3y,loss_framing,1,0,0,no_action,,
6799,C6,2026-09-08,Payroll bonus notice,E0799,Operations,1_to_3y,none,0,0,1,reported_only,,10.5
6800,C6,2026-09-08,Payroll bonus notice,E0800,IT & Security,under_1y,warning_banner,0,0,1,reported_only,,12.3
6801,C6,2026-09-08,Payroll bonus notice,E0801,Legal & Compliance,1_to_3y,easy_report_prompt,2,1,1,clicked_and_reported,5.4,16.6
6802,C6,2026-09-08,Payroll bonus notice,E0802,IT & Security,over_3y,loss_framing,0,0,1,reported_only,,14.9
6803,C6,2026-09-08,Payroll bonus notice,E0803,Marketing,1_to_3y,just_in_time_tip,1,0,1,reported_only,,60.1
6804,C6,2026-09-08,Payroll bonus notice,E0804,IT & Security,over_3y,social_norm,1,0,1,reported_only,,20.0
6805,C6,2026-09-08,Payroll bonus notice,E0805,Customer Support,1_to_3y,easy_report_prompt,2,1,0,clicked_only,237.7,
6806,C6,2026-09-08,Payroll bonus notice,E0806,Sales,1_to_3y,none,1,0,0,no_action,,
6807,C6,2026-09-08,Payroll bonus notice,E0807,Operations,1_to_3y,none,0,0,0,no_action,,
6808,C6,2026-09-08,Payroll bonus notice,E0808,Engineering,over_3y,social_norm,1,0,0,no_action,,
6809,C6,2026-09-08,Payroll bonus notice,E0809,HR,over_3y,warning_banner,0,0,0,no_action,,
6810,C6,2026-09-08,Payroll bonus notice,E0810,Marketing,1_to_3y,social_norm,2,0,0,no_action,,
6811,C6,2026-09-08,Payroll bonus notice,E0811,Marketing,under_1y,just_in_time_tip,1,1,0,clicked_only,1.7,
6812,C6,2026-09-08,Payroll bonus notice,E0812,Operations,1_to_3y,social_norm,1,0,0,no_action,,
6813,C6,2026-09-08,Payroll bonus notice,E0813,Operations,1_to_3y,none,1,0,0,no_action,,
6814,C6,2026-09-08,Payroll bonus notice,E0814,IT & Security,under_1y,social_norm,1,1,0,clicked_only,44.5,
6815,C6,2026-09-08,Payroll bonus notice,E0815,Customer Support,under_1y,warning_banner,1,0,1,reported_only,,14.0
6816,C6,2026-09-08,Payroll bonus notice,E0816,Engineering,over_3y,just_in_time_tip,0,0,0,no_action,,
6817,C6,2026-09-08,Payroll bonus notice,E0817,Customer Support,1_to_3y,social_norm,0,1,0,clicked_only,5.8,
6818,C6,2026-09-08,Payroll bonus notice,E0818,Finance,over_3y,warning_banner,0,0,0,no_action,,
6819,C6,2026-09-08,Payroll bonus notice,E0819,Customer Support,1_to_3y,easy_report_prompt,1,1,1,clicked_and_reported,2.8,10.9
6820,C6,2026-09-08,Payroll bonus notice,E0820,Operations,under_1y,just_in_time_tip,0,0,0,no_action,,
6821,C6,2026-09-08,Payroll bonus notice,E0821,Finance,over_3y,social_norm,1,0,1,reported_only,,19.2
6822,C6,2026-09-08,Payroll bonus notice,E0822,Sales,under_1y,none,1,0,0,no_action,,
6823,C6,2026-09-08,Payroll bonus notice,E0823,Finance,1_to_3y,warning_banner,1,0,0,no_action,,
6824,C6,2026-09-08,Payroll bonus notice,E0824,Sales,1_to_3y,none,1,1,0,clicked_only,16.6,
6825,C6,2026-09-08,Payroll bonus notice,E0825,Sales,under_1y,warning_banner,0,0,0,no_action,,
6826,C6,2026-09-08,Payroll bonus notice,E0826,Operations,over_3y,loss_framing,1,0,0,no_action,,
6827,C6,2026-09-08,Payroll bonus notice,E0827,Engineering,1_to_3y,social_norm,0,0,0,no_action,,
6828,C6,2026-09-08,Payroll bonus notice,E0828,Operations,over_3y,loss_framing,1,1,0,clicked_only,7.0,
6829,C6,2026-09-08,Payroll bonus notice,E0829,Sales,1_to_3y,social_norm,1,0,1,reported_only,,25.9
6830,C6,2026-09-08,Payroll bonus notice,E0830,IT & Security,1_to_3y,none,0,0,1,reported_only,,1.1
6831,C6,2026-09-08,Payroll bonus notice,E0831,Customer Support,over_3y,social_norm,1,0,0,no_action,,
6832,C6,2026-09-08,Payroll bonus notice,E0832,Marketing,under_1y,none,0,0,0,no_action,,
6833,C6,2026-09-08,Payroll bonus notice,E0833,IT & Security,1_to_3y,warning_banner,1,0,0,no_action,,
6834,C6,2026-09-08,Payroll bonus notice,E0834,Sales,1_to_3y,social_norm,1,0,1,reported_only,,4.7
6835,C6,2026-09-08,Payroll bonus notice,E0835,Engineering,under_1y,warning_banner,0,0,0,no_action,,
6836,C6,2026-09-08,Payroll bonus notice,E0836,Marketing,1_to_3y,warning_banner,0,0,0,no_action,,
6837,C6,2026-09-08,Payroll bonus notice,E0837,Sales,over_3y,warning_banner,1,1,0,clicked_only,8.2,
6838,C6,2026-09-08,Payroll bonus notice,E0838,IT & Security,over_3y,warning_banner,1,0,1,reported_only,,34.2
6839,C6,2026-09-08,Payroll bonus notice,E0839,Marketing,1_to_3y,social_norm,1,0,0,no_action,,
6840,C6,2026-09-08,Payroll bonus notice,E0840,Sales,under_1y,loss_framing,1,0,1,reported_only,,33.0
6841,C6,2026-09-08,Payroll bonus notice,E0841,Customer Support,under_1y,loss_framing,2,0,0,no_action,,
6842,C6,2026-09-08,Payroll bonus notice,E0842,Legal & Compliance,over_3y,just_in_time_tip,0,0,0,no_action,,
6843,C6,2026-09-08,Payroll bonus notice,E0843,Engineering,over_3y,just_in_time_tip,1,0,1,reported_only,,2.5
6844,C6,2026-09-08,Payroll bonus notice,E0844,Customer Support,over_3y,just_in_time_tip,0,0,1,reported_only,,32.0
6845,C6,2026-09-08,Payroll bonus notice,E0845,Finance,1_to_3y,social_norm,0,1,0,clicked_only,24.8,
6846,C6,2026-09-08,Payroll bonus notice,E0846,Customer Support,under_1y,just_in_time_tip,0,0,0,no_action,,
6847,C6,2026-09-08,Payroll bonus notice,E0847,Engineering,1_to_3y,warning_banner,0,0,1,reported_only,,26.9
6848,C6,2026-09-08,Payroll bonus notice,E0848,Customer Support,1_to_3y,easy_report_prompt,3,0,0,no_action,,
6849,C6,2026-09-08,Payroll bonus notice,E0849,Finance,under_1y,loss_framing,3,1,0,clicked_only,2.0,
6850,C6,2026-09-08,Payroll bonus notice,E0850,Sales,1_to_3y,loss_framing,1,0,0,no_action,,
6851,C6,2026-09-08,Payroll bonus notice,E0851,Sales,over_3y,loss_framing,1,0,0,no_action,,
6852,C6,2026-09-08,Payroll bonus notice,E0852,Engineering,under_1y,just_in_time_tip,0,1,0,clicked_only,3.5,
6853,C6,2026-09-08,Payroll bonus notice,E0853,Operations,1_to_3y,loss_framing,1,0,0,no_action,,
6854,C6,2026-09-08,Payroll bonus notice,E0854,HR,1_to_3y,warning_banner,0,0,0,no_action,,
6855,C6,2026-09-08,Payroll bonus notice,E0855,Sales,over_3y,just_in_time_tip,2,0,1,reported_only,,6.7
6856,C6,2026-09-08,Payroll bonus notice,E0856,Customer Support,1_to_3y,none,0,0,0,no_action,,
6857,C6,2026-09-08,Payroll bonus notice,E0857,Marketing,over_3y,social_norm,2,1,0,clicked_only,40.2,
6858,C6,2026-09-08,Payroll bonus notice,E0858,Engineering,1_to_3y,easy_report_prompt,0,0,0,no_action,,
6859,C6,2026-09-08,Payroll bonus notice,E0859,Customer Support,1_to_3y,warning_banner,0,1,0,clicked_only,15.7,
6860,C6,2026-09-08,Payroll bonus notice,E0860,Customer Support,under_1y,easy_report_prompt,2,1,0,clicked_only,11.1,
6861,C6,2026-09-08,Payroll bonus notice,E0861,HR,1_to_3y,easy_report_prompt,0,0,0,no_action,,
6862,C6,2026-09-08,Payroll bonus notice,E0862,Finance,over_3y,just_in_time_tip,3,0,1,reported_only,,43.8
6863,C6,2026-09-08,Payroll bonus notice,E0863,Engineering,over_3y,easy_report_prompt,0,0,0,no_action,,
6864,C6,2026-09-08,Payroll bonus notice,E0864,Operations,over_3y,just_in_time_tip,2,1,0,clicked_only,12.2,
6865,C6,2026-09-08,Payroll bonus notice,E0865,Engineering,over_3y,none,1,0,0,no_action,,
6866,C6,2026-09-08,Payroll bonus notice,E0866,Legal & Compliance,under_1y,just_in_time_tip,1,0,0,no_action,,
6867,C6,2026-09-08,Payroll bonus notice,E0867,Customer Support,over_3y,none,0,0,0,no_action,,
6868,C6,2026-09-08,Payroll bonus notice,E0868,Sales,over_3y,social_norm,1,0,1,reported_only,,2.6
6869,C6,2026-09-08,Payroll bonus notice,E0869,Customer Support,over_3y,social_norm,0,1,0,clicked_only,0.8,
6870,C6,2026-09-08,Payroll bonus notice,E0870,IT & Security,over_3y,social_norm,1,1,0,clicked_only,2.0,
6871,C6,2026-09-08,Payroll bonus notice,E0871,Sales,under_1y,easy_report_prompt,2,0,0,no_action,,
6872,C6,2026-09-08,Payroll bonus notice,E0872,IT & Security,under_1y,just_in_time_tip,1,0,1,reported_only,,14.0
6873,C6,2026-09-08,Payroll bonus notice,E0873,Marketing,over_3y,social_norm,2,0,1,reported_only,,70.0
6874,C6,2026-09-08,Payroll bonus notice,E0874,Customer Support,1_to_3y,warning_banner,1,0,0,no_action,,
6875,C6,2026-09-08,Payroll bonus notice,E0875,Sales,over_3y,warning_banner,1,1,0,clicked_only,24.4,
6876,C6,2026-09-08,Payroll bonus notice,E0876,Finance,1_to_3y,easy_report_prompt,1,0,1,reported_only,,6.2
6877,C6,2026-09-08,Payroll bonus notice,E0877,Customer Support,1_to_3y,easy_report_prompt,3,0,0,no_action,,
6878,C6,2026-09-08,Payroll bonus notice,E0878,Sales,over_3y,warning_banner,2,0,0,no_action,,
6879,C6,2026-09-08,Payroll bonus notice,E0879,Operations,1_to_3y,just_in_time_tip,2,1,0,clicked_only,3.8,
6880,C6,2026-09-08,Payroll bonus notice,E0880,Executive Office,under_1y,social_norm,1,0,0,no_action,,
6881,C6,2026-09-08,Payroll bonus notice,E0881,Marketing,1_to_3y,social_norm,0,0,1,reported_only,,46.0
6882,C6,2026-09-08,Payroll bonus notice,E0882,Operations,under_1y,just_in_time_tip,2,0,0,no_action,,
6883,C6,2026-09-08,Payroll bonus notice,E0883,Sales,over_3y,warning_banner,1,0,0,no_action,,
6884,C6,2026-09-08,Payroll bonus notice,E0884,Finance,over_3y,loss_framing,0,0,0,no_action,,
6885,C6,2026-09-08,Payroll bonus notice,E0885,IT & Security,under_1y,none,0,1,0,clicked_only,10.8,
6886,C6,2026-09-08,Payroll bonus notice,E0886,Operations,1_to_3y,none,0,1,0,clicked_only,53.1,
6887,C6,2026-09-08,Payroll bonus notice,E0887,Sales,over_3y,easy_report_prompt,1,1,0,clicked_only,8.0,
6888,C6,2026-09-08,Payroll bonus notice,E0888,Customer Support,under_1y,none,1,0,0,no_action,,
6889,C6,2026-09-08,Payroll bonus notice,E0889,Operations,under_1y,just_in_time_tip,0,0,0,no_action,,
6890,C6,2026-09-08,Payroll bonus notice,E0890,Customer Support,under_1y,warning_banner,0,1,0,clicked_only,1.5,
6891,C6,2026-09-08,Payroll bonus notice,E0891,Operations,over_3y,easy_report_prompt,0,1,0,clicked_only,5.1,
6892,C6,2026-09-08,Payroll bonus notice,E0892,Executive Office,1_to_3y,easy_report_prompt,1,0,0,no_action,,
6893,C6,2026-09-08,Payroll bonus notice,E0893,Finance,under_1y,none,1,0,0,no_action,,
6894,C6,2026-09-08,Payroll bonus notice,E0894,Operations,under_1y,warning_banner,0,0,0,no_action,,
6895,C6,2026-09-08,Payroll bonus notice,E0895,Engineering,under_1y,social_norm,1,0,0,no_action,,
6896,C6,2026-09-08,Payroll bonus notice,E0896,Marketing,1_to_3y,none,2,0,0,no_action,,
6897,C6,2026-09-08,Payroll bonus notice,E0897,Sales,under_1y,loss_framing,0,1,0,clicked_only,126.2,
6898,C6,2026-09-08,Payroll bonus notice,E0898,Executive Office,over_3y,none,0,0,0,no_action,,
6899,C6,2026-09-08,Payroll bonus notice,E0899,IT & Security,over_3y,loss_framing,3,0,1,reported_only,,3.5
6900,C6,2026-09-08,Payroll bonus notice,E0900,Sales,over_3y,loss_framing,0,0,0,no_action,,
6901,C6,2026-09-08,Payroll bonus notice,E0901,Operations,1_to_3y,social_norm,0,0,0,no_action,,
6902,C6,2026-09-08,Payroll bonus notice,E0902,HR,under_1y,loss_framing,0,1,0,clicked_only,0.3,
6903,C6,2026-09-08,Payroll bonus notice,E0903,Engineering,1_to_3y,social_norm,1,0,0,no_action,,
6904,C6,2026-09-08,Payroll bonus notice,E0904,Operations,1_to_3y,none,1,1,0,clicked_only,1.0,
6905,C6,2026-09-08,Payroll bonus notice,E0905,Customer Support,under_1y,loss_framing,0,1,0,clicked_only,8.9,
6906,C6,2026-09-08,Payroll bonus notice,E0906,Engineering,under_1y,social_norm,2,0,1,reported_only,,8.1
6907,C6,2026-09-08,Payroll bonus notice,E0907,Operations,over_3y,just_in_time_tip,0,1,0,clicked_only,6.1,
6908,C6,2026-09-08,Payroll bonus notice,E0908,Operations,1_to_3y,just_in_time_tip,0,0,0,no_action,,
6909,C6,2026-09-08,Payroll bonus notice,E0909,IT & Security,over_3y,easy_report_prompt,3,0,1,reported_only,,14.9
6910,C6,2026-09-08,Payroll bonus notice,E0910,Operations,1_to_3y,social_norm,1,0,0,no_action,,
6911,C6,2026-09-08,Payroll bonus notice,E0911,IT & Security,1_to_3y,loss_framing,0,0,1,reported_only,,17.9
6912,C6,2026-09-08,Payroll bonus notice,E0912,Operations,over_3y,social_norm,1,0,1,reported_only,,11.2
6913,C6,2026-09-08,Payroll bonus notice,E0913,Legal & Compliance,1_to_3y,easy_report_prompt,1,0,1,reported_only,,3.5
6914,C6,2026-09-08,Payroll bonus notice,E0914,Finance,1_to_3y,just_in_time_tip,1,0,1,reported_only,,28.0
6915,C6,2026-09-08,Payroll bonus notice,E0915,Engineering,over_3y,none,0,0,0,no_action,,
6916,C6,2026-09-08,Payroll bonus notice,E0916,Executive Office,over_3y,social_norm,2,0,0,no_action,,
6917,C6,2026-09-08,Payroll bonus notice,E0917,HR,over_3y,loss_framing,1,0,0,no_action,,
6918,C6,2026-09-08,Payroll bonus notice,E0918,Customer Support,over_3y,just_in_time_tip,0,0,0,no_action,,
6919,C6,2026-09-08,Payroll bonus notice,E0919,Operations,1_to_3y,social_norm,0,1,0,clicked_only,3.4,
6920,C6,2026-09-08,Payroll bonus notice,E0920,Engineering,1_to_3y,loss_framing,1,1,0,clicked_only,13.4,
6921,C6,2026-09-08,Payroll bonus notice,E0921,Sales,over_3y,warning_banner,0,0,0,no_action,,
6922,C6,2026-09-08,Payroll bonus notice,E0922,Engineering,over_3y,none,0,0,0,no_action,,
6923,C6,2026-09-08,Payroll bonus notice,E0923,Customer Support,under_1y,warning_banner,1,0,1,reported_only,,178.6
6924,C6,2026-09-08,Payroll bonus notice,E0924,HR,over_3y,none,0,1,0,clicked_only,18.1,
6925,C6,2026-09-08,Payroll bonus notice,E0925,Customer Support,over_3y,just_in_time_tip,0,0,0,no_action,,
6926,C6,2026-09-08,Payroll bonus notice,E0926,Customer Support,1_to_3y,social_norm,1,0,0,no_action,,
6927,C6,2026-09-08,Payroll bonus notice,E0927,Sales,1_to_3y,easy_report_prompt,0,0,0,no_action,,
6928,C6,2026-09-08,Payroll bonus notice,E0928,HR,1_to_3y,loss_framing,0,0,0,no_action,,
6929,C6,2026-09-08,Payroll bonus notice,E0929,Finance,1_to_3y,none,0,1,0,clicked_only,39.5,
6930,C6,2026-09-08,Payroll bonus notice,E0930,Sales,1_to_3y,social_norm,2,1,0,clicked_only,0.2,
6931,C6,2026-09-08,Payroll bonus notice,E0931,Sales,under_1y,social_norm,1,0,1,reported_only,,7.3
6932,C6,2026-09-08,Payroll bonus notice,E0932,HR,over_3y,easy_report_prompt,2,0,0,no_action,,
6933,C6,2026-09-08,Payroll bonus notice,E0933,Engineering,over_3y,loss_framing,0,0,1,reported_only,,19.0
6934,C6,2026-09-08,Payroll bonus notice,E0934,Operations,over_3y,easy_report_prompt,0,0,0,no_action,,
6935,C6,2026-09-08,Payroll bonus notice,E0935,Finance,over_3y,loss_framing,0,1,0,clicked_only,7.0,
6936,C6,2026-09-08,Payroll bonus notice,E0936,Marketing,1_to_3y,warning_banner,1,0,0,no_action,,
6937,C6,2026-09-08,Payroll bonus notice,E0937,Sales,over_3y,easy_report_prompt,1,0,0,no_action,,
6938,C6,2026-09-08,Payroll bonus notice,E0938,Finance,1_to_3y,easy_report_prompt,0,1,0,clicked_only,0.8,
6939,C6,2026-09-08,Payroll bonus notice,E0939,Finance,over_3y,social_norm,1,0,0,no_action,,
6940,C6,2026-09-08,Payroll bonus notice,E0940,Operations,1_to_3y,none,0,0,0,no_action,,
6941,C6,2026-09-08,Payroll bonus notice,E0941,Finance,1_to_3y,warning_banner,1,0,0,no_action,,
6942,C6,2026-09-08,Payroll bonus notice,E0942,Sales,over_3y,social_norm,0,0,0,no_action,,
6943,C6,2026-09-08,Payroll bonus notice,E0943,Operations,1_to_3y,none,1,0,0,no_action,,
6944,C6,2026-09-08,Payroll bonus notice,E0944,Sales,1_to_3y,none,3,0,0,no_action,,
6945,C6,2026-09-08,Payroll bonus notice,E0945,Engineering,1_to_3y,just_in_time_tip,2,0,0,no_action,,
6946,C6,2026-09-08,Payroll bonus notice,E0946,Customer Support,under_1y,easy_report_prompt,3,1,0,clicked_only,9.6,
6947,C6,2026-09-08,Payroll bonus notice,E0947,HR,1_to_3y,warning_banner,2,1,0,clicked_only,4.6,
6948,C6,2026-09-08,Payroll bonus notice,E0948,Operations,1_to_3y,warning_banner,0,1,0,clicked_only,4.1,
6949,C6,2026-09-08,Payroll bonus notice,E0949,IT & Security,1_to_3y,easy_report_prompt,0,0,0,no_action,,
6950,C6,2026-09-08,Payroll bonus notice,E0950,Finance,1_to_3y,social_norm,0,0,1,reported_only,,27.2
6951,C6,2026-09-08,Payroll bonus notice,E0951,Engineering,under_1y,warning_banner,3,0,0,no_action,,
6952,C6,2026-09-08,Payroll bonus notice,E0952,Customer Support,1_to_3y,warning_banner,0,0,0,no_action,,
6953,C6,2026-09-08,Payroll bonus notice,E0953,Operations,over_3y,warning_banner,0,0,1,reported_only,,5.9
6954,C6,2026-09-08,Payroll bonus notice,E0954,IT & Security,1_to_3y,loss_framing,1,0,1,reported_only,,6.4
6955,C6,2026-09-08,Payroll bonus notice,E0955,Finance,under_1y,none,0,1,0,clicked_only,16.3,
6956,C6,2026-09-08,Payroll bonus notice,E0956,Operations,under_1y,just_in_time_tip,0,0,0,no_action,,
6957,C6,2026-09-08,Payroll bonus notice,E0957,Engineering,1_to_3y,just_in_time_tip,0,0,1,reported_only,,155.9
6958,C6,2026-09-08,Payroll bonus notice,E0958,Operations,1_to_3y,just_in_time_tip,2,0,0,no_action,,
6959,C6,2026-09-08,Payroll bonus notice,E0959,Finance,1_to_3y,warning_banner,2,1,0,clicked_only,16.9,
6960,C6,2026-09-08,Payroll bonus notice,E0960,Operations,1_to_3y,easy_report_prompt,1,0,0,no_action,,
6961,C6,2026-09-08,Payroll bonus notice,E0961,HR,1_to_3y,just_in_time_tip,1,0,1,reported_only,,3.6
6962,C6,2026-09-08,Payroll bonus notice,E0962,Sales,1_to_3y,warning_banner,0,0,0,no_action,,
6963,C6,2026-09-08,Payroll bonus notice,E0963,Finance,1_to_3y,social_norm,1,0,0,no_action,,
6964,C6,2026-09-08,Payroll bonus notice,E0964,Engineering,over_3y,loss_framing,0,0,0,no_action,,
6965,C6,2026-09-08,Payroll bonus notice,E0965,IT & Security,under_1y,loss_framing,0,0,0,no_action,,
6966,C6,2026-09-08,Payroll bonus notice,E0966,Marketing,over_3y,warning_banner,0,0,0,no_action,,
6967,C6,2026-09-08,Payroll bonus notice,E0967,Operations,over_3y,social_norm,2,0,0,no_action,,
6968,C6,2026-09-08,Payroll bonus notice,E0968,Sales,1_to_3y,warning_banner,2,1,0,clicked_only,2.1,
6969,C6,2026-09-08,Payroll bonus notice,E0969,IT & Security,under_1y,none,0,0,0,no_action,,
6970,C6,2026-09-08,Payroll bonus notice,E0970,Customer Support,over_3y,easy_report_prompt,3,0,0,no_action,,
6971,C6,2026-09-08,Payroll bonus notice,E0971,Sales,over_3y,easy_report_prompt,2,0,0,no_action,,
6972,C6,2026-09-08,Payroll bonus notice,E0972,Customer Support,over_3y,warning_banner,1,0,0,no_action,,
6973,C6,2026-09-08,Payroll bonus notice,E0973,IT & Security,under_1y,none,0,0,0,no_action,,
6974,C6,2026-09-08,Payroll bonus notice,E0974,Sales,1_to_3y,warning_banner,1,0,0,no_action,,
6975,C6,2026-09-08,Payroll bonus notice,E0975,IT & Security,1_to_3y,loss_framing,1,0,1,reported_only,,2.0
6976,C6,2026-09-08,Payroll bonus notice,E0976,Customer Support,under_1y,warning_banner,1,1,0,clicked_only,13.5,
6977,C6,2026-09-08,Payroll bonus notice,E0977,Operations,over_3y,loss_framing,2,0,0,no_action,,
6978,C6,2026-09-08,Payroll bonus notice,E0978,Customer Support,1_to_3y,easy_report_prompt,1,0,1,reported_only,,25.3
6979,C6,2026-09-08,Payroll bonus notice,E0979,Sales,over_3y,none,2,0,0,no_action,,
6980,C6,2026-09-08,Payroll bonus notice,E0980,Operations,1_to_3y,social_norm,1,1,0,clicked_only,4.4,
6981,C6,2026-09-08,Payroll bonus notice,E0981,Customer Support,1_to_3y,social_norm,1,0,1,reported_only,,50.9
6982,C6,2026-09-08,Payroll bonus notice,E0982,Sales,1_to_3y,loss_framing,1,0,0,no_action,,
6983,C6,2026-09-08,Payroll bonus notice,E0983,IT & Security,1_to_3y,social_norm,0,0,1,reported_only,,5.3
6984,C6,2026-09-08,Payroll bonus notice,E0984,HR,1_to_3y,just_in_time_tip,1,0,0,no_action,,
6985,C6,2026-09-08,Payroll bonus notice,E0985,Marketing,under_1y,warning_banner,1,0,0,no_action,,
6986,C6,2026-09-08,Payroll bonus notice,E0986,HR,over_3y,just_in_time_tip,1,0,1,reported_only,,34.3
6987,C6,2026-09-08,Payroll bonus notice,E0987,IT & Security,over_3y,social_norm,1,0,1,reported_only,,18.8
6988,C6,2026-09-08,Payroll bonus notice,E0988,Engineering,over_3y,just_in_time_tip,1,0,1,reported_only,,4.2
6989,C6,2026-09-08,Payroll bonus notice,E0989,Customer Support,1_to_3y,loss_framing,0,0,0,no_action,,
6990,C6,2026-09-08,Payroll bonus notice,E0990,HR,1_to_3y,easy_report_prompt,1,1,0,clicked_only,0.7,
6991,C6,2026-09-08,Payroll bonus notice,E0991,Engineering,over_3y,social_norm,1,0,0,no_action,,
6992,C6,2026-09-08,Payroll bonus notice,E0992,Marketing,over_3y,easy_report_prompt,0,0,0,no_action,,
6993,C6,2026-09-08,Payroll bonus notice,E0993,Sales,over_3y,warning_banner,0,0,0,no_action,,
6994,C6,2026-09-08,Payroll bonus notice,E0994,Sales,under_1y,easy_report_prompt,0,0,0,no_action,,
6995,C6,2026-09-08,Payroll bonus notice,E0995,Sales,over_3y,loss_framing,0,1,0,clicked_only,3.8,
6996,C6,2026-09-08,Payroll bonus notice,E0996,Executive Office,1_to_3y,easy_report_prompt,2,1,1,clicked_and_reported,5.4,7.4
6997,C6,2026-09-08,Payroll bonus notice,E0997,Marketing,under_1y,loss_framing,1,0,1,reported_only,,26.1
6998,C6,2026-09-08,Payroll bonus notice,E0998,Sales,1_to_3y,social_norm,1,0,0,no_action,,
6999,C6,2026-09-08,Payroll bonus notice,E0999,Engineering,over_3y,just_in_time_tip,1,0,1,reported_only,,56.5
7000,C6,2026-09-08,Payroll bonus notice,E1000,Operations,1_to_3y,warning_banner,2,0,0,no_action,,
7001,C6,2026-09-08,Payroll bonus notice,E1001,Sales,over_3y,just_in_time_tip,2,0,0,no_action,,
7002,C6,2026-09-08,Payroll bonus notice,E1002,Customer Support,1_to_3y,social_norm,2,0,1,reported_only,,1.0
7003,C6,2026-09-08,Payroll bonus notice,E1003,Sales,under_1y,just_in_time_tip,0,1,0,clicked_only,43.7,
7004,C6,2026-09-08,Payroll bonus notice,E1004,Operations,over_3y,loss_framing,0,0,0,no_action,,
7005,C6,2026-09-08,Payroll bonus notice,E1005,IT & Security,1_to_3y,warning_banner,0,1,1,clicked_and_reported,1.0,19.2
7006,C6,2026-09-08,Payroll bonus notice,E1006,Operations,under_1y,none,2,0,0,no_action,,
7007,C6,2026-09-08,Payroll bonus notice,E1007,Sales,over_3y,loss_framing,1,0,0,no_action,,
7008,C6,2026-09-08,Payroll bonus notice,E1008,HR,over_3y,warning_banner,1,1,0,clicked_only,2.8,
7009,C6,2026-09-08,Payroll bonus notice,E1009,Engineering,1_to_3y,social_norm,1,0,1,reported_only,,8.6
7010,C6,2026-09-08,Payroll bonus notice,E1010,Legal & Compliance,under_1y,none,2,0,0,no_action,,
7011,C6,2026-09-08,Payroll bonus notice,E1011,Customer Support,over_3y,warning_banner,1,0,0,no_action,,
7012,C6,2026-09-08,Payroll bonus notice,E1012,Sales,over_3y,easy_report_prompt,0,0,0,no_action,,
7013,C6,2026-09-08,Payroll bonus notice,E1013,Executive Office,under_1y,loss_framing,2,1,0,clicked_only,32.8,
7014,C6,2026-09-08,Payroll bonus notice,E1014,Sales,over_3y,none,2,0,0,no_action,,
7015,C6,2026-09-08,Payroll bonus notice,E1015,Operations,1_to_3y,just_in_time_tip,2,0,1,reported_only,,13.1
7016,C6,2026-09-08,Payroll bonus notice,E1016,Sales,over_3y,warning_banner,1,0,0,no_action,,
7017,C6,2026-09-08,Payroll bonus notice,E1017,IT & Security,over_3y,loss_framing,1,0,1,reported_only,,4.8
7018,C6,2026-09-08,Payroll bonus notice,E1018,Engineering,under_1y,easy_report_prompt,0,0,0,no_action,,
7019,C6,2026-09-08,Payroll bonus notice,E1019,HR,1_to_3y,warning_banner,1,0,0,no_action,,
7020,C6,2026-09-08,Payroll bonus notice,E1020,HR,over_3y,social_norm,1,0,0,no_action,,
7021,C6,2026-09-08,Payroll bonus notice,E1021,Engineering,over_3y,easy_report_prompt,0,0,1,reported_only,,7.8
7022,C6,2026-09-08,Payroll bonus notice,E1022,Finance,over_3y,none,0,0,0,no_action,,
7023,C6,2026-09-08,Payroll bonus notice,E1023,HR,over_3y,just_in_time_tip,1,0,0,no_action,,
7024,C6,2026-09-08,Payroll bonus notice,E1024,Engineering,over_3y,easy_report_prompt,2,0,1,reported_only,,13.0
7025,C6,2026-09-08,Payroll bonus notice,E1025,Legal & Compliance,under_1y,social_norm,0,0,1,reported_only,,146.2
7026,C6,2026-09-08,Payroll bonus notice,E1026,Finance,over_3y,warning_banner,2,1,1,clicked_and_reported,3.1,6.8
7027,C6,2026-09-08,Payroll bonus notice,E1027,Operations,over_3y,just_in_time_tip,2,0,0,no_action,,
7028,C6,2026-09-08,Payroll bonus notice,E1028,Finance,1_to_3y,none,1,1,0,clicked_only,30.5,
7029,C6,2026-09-08,Payroll bonus notice,E1029,Sales,1_to_3y,none,0,0,0,no_action,,
7030,C6,2026-09-08,Payroll bonus notice,E1030,IT & Security,1_to_3y,easy_report_prompt,0,0,1,reported_only,,0.5
7031,C6,2026-09-08,Payroll bonus notice,E1031,Customer Support,under_1y,none,0,1,0,clicked_only,4.4,
7032,C6,2026-09-08,Payroll bonus notice,E1032,Sales,1_to_3y,just_in_time_tip,0,0,0,no_action,,
7033,C6,2026-09-08,Payroll bonus notice,E1033,Finance,under_1y,loss_framing,0,0,0,no_action,,
7034,C6,2026-09-08,Payroll bonus notice,E1034,Operations,over_3y,easy_report_prompt,0,0,0,no_action,,
7035,C6,2026-09-08,Payroll bonus notice,E1035,Operations,over_3y,easy_report_prompt,1,0,0,no_action,,
7036,C6,2026-09-08,Payroll bonus notice,E1036,IT & Security,under_1y,social_norm,2,0,1,reported_only,,4.4
7037,C6,2026-09-08,Payroll bonus notice,E1037,Engineering,over_3y,just_in_time_tip,4,0,0,no_action,,
7038,C6,2026-09-08,Payroll bonus notice,E1038,Sales,1_to_3y,easy_report_prompt,2,1,0,clicked_only,0.2,
7039,C6,2026-09-08,Payroll bonus notice,E1039,Customer Support,under_1y,easy_report_prompt,1,0,1,reported_only,,3.6
7040,C6,2026-09-08,Payroll bonus notice,E1040,Operations,1_to_3y,warning_banner,3,0,0,no_action,,
7041,C6,2026-09-08,Payroll bonus notice,E1041,Operations,1_to_3y,social_norm,0,0,0,no_action,,
7042,C6,2026-09-08,Payroll bonus notice,E1042,IT & Security,over_3y,social_norm,2,0,1,reported_only,,6.0
7043,C6,2026-09-08,Payroll bonus notice,E1043,HR,1_to_3y,easy_report_prompt,0,0,1,reported_only,,10.3
7044,C6,2026-09-08,Payroll bonus notice,E1044,Marketing,under_1y,just_in_time_tip,0,0,1,reported_only,,87.1
7045,C6,2026-09-08,Payroll bonus notice,E1045,IT & Security,under_1y,social_norm,0,0,1,reported_only,,3.0
7046,C6,2026-09-08,Payroll bonus notice,E1046,Customer Support,over_3y,just_in_time_tip,2,1,0,clicked_only,2.6,
7047,C6,2026-09-08,Payroll bonus notice,E1047,Engineering,1_to_3y,warning_banner,1,0,0,no_action,,
7048,C6,2026-09-08,Payroll bonus notice,E1048,Customer Support,over_3y,just_in_time_tip,3,0,0,no_action,,
7049,C6,2026-09-08,Payroll bonus notice,E1049,Finance,under_1y,warning_banner,2,0,0,no_action,,
7050,C6,2026-09-08,Payroll bonus notice,E1050,Customer Support,1_to_3y,social_norm,1,0,0,no_action,,
7051,C6,2026-09-08,Payroll bonus notice,E1051,HR,1_to_3y,none,2,0,0,no_action,,
7052,C6,2026-09-08,Payroll bonus notice,E1052,Operations,under_1y,just_in_time_tip,1,0,0,no_action,,
7053,C6,2026-09-08,Payroll bonus notice,E1053,Legal & Compliance,1_to_3y,social_norm,0,0,0,no_action,,
7054,C6,2026-09-08,Payroll bonus notice,E1054,Engineering,1_to_3y,none,0,0,0,no_action,,
7055,C6,2026-09-08,Payroll bonus notice,E1055,Engineering,1_to_3y,easy_report_prompt,0,0,1,reported_only,,22.1
7056,C6,2026-09-08,Payroll bonus notice,E1056,IT & Security,1_to_3y,warning_banner,0,0,1,reported_only,,34.1
7057,C6,2026-09-08,Payroll bonus notice,E1057,Engineering,1_to_3y,warning_banner,0,0,0,no_action,,
7058,C6,2026-09-08,Payroll bonus notice,E1058,Sales,1_to_3y,loss_framing,0,1,0,clicked_only,5.3,
7059,C6,2026-09-08,Payroll bonus notice,E1059,Customer Support,1_to_3y,just_in_time_tip,2,1,0,clicked_only,9.0,
7060,C6,2026-09-08,Payroll bonus notice,E1060,Marketing,over_3y,easy_report_prompt,2,0,1,reported_only,,5.4
7061,C6,2026-09-08,Payroll bonus notice,E1061,Sales,over_3y,warning_banner,0,0,0,no_action,,
7062,C6,2026-09-08,Payroll bonus notice,E1062,Engineering,1_to_3y,easy_report_prompt,0,0,1,reported_only,,9.9
7063,C6,2026-09-08,Payroll bonus notice,E1063,Sales,under_1y,none,2,0,0,no_action,,
7064,C6,2026-09-08,Payroll bonus notice,E1064,Engineering,1_to_3y,loss_framing,1,0,1,reported_only,,20.0
7065,C6,2026-09-08,Payroll bonus notice,E1065,Finance,over_3y,none,1,0,0,no_action,,
7066,C6,2026-09-08,Payroll bonus notice,E1066,Sales,1_to_3y,warning_banner,1,0,0,no_action,,
7067,C6,2026-09-08,Payroll bonus notice,E1067,HR,over_3y,loss_framing,1,0,0,no_action,,
7068,C6,2026-09-08,Payroll bonus notice,E1068,Operations,under_1y,loss_framing,0,0,0,no_action,,
7069,C6,2026-09-08,Payroll bonus notice,E1069,HR,under_1y,none,1,0,1,reported_only,,0.8
7070,C6,2026-09-08,Payroll bonus notice,E1070,Marketing,over_3y,easy_report_prompt,0,0,0,no_action,,
7071,C6,2026-09-08,Payroll bonus notice,E1071,Customer Support,over_3y,warning_banner,1,1,0,clicked_only,1.6,
7072,C6,2026-09-08,Payroll bonus notice,E1072,Customer Support,under_1y,easy_report_prompt,1,0,0,no_action,,
7073,C6,2026-09-08,Payroll bonus notice,E1073,Operations,over_3y,easy_report_prompt,0,0,0,no_action,,
7074,C6,2026-09-08,Payroll bonus notice,E1074,Executive Office,over_3y,easy_report_prompt,1,0,0,no_action,,
7075,C6,2026-09-08,Payroll bonus notice,E1075,Legal & Compliance,1_to_3y,warning_banner,1,0,0,no_action,,
7076,C6,2026-09-08,Payroll bonus notice,E1076,Sales,1_to_3y,social_norm,1,0,0,no_action,,
7077,C6,2026-09-08,Payroll bonus notice,E1077,Engineering,1_to_3y,none,1,1,0,clicked_only,0.9,
7078,C6,2026-09-08,Payroll bonus notice,E1078,IT & Security,1_to_3y,easy_report_prompt,3,0,0,no_action,,
7079,C6,2026-09-08,Payroll bonus notice,E1079,Marketing,over_3y,none,0,0,0,no_action,,
7080,C6,2026-09-08,Payroll bonus notice,E1080,IT & Security,under_1y,loss_framing,1,0,0,no_action,,
7081,C6,2026-09-08,Payroll bonus notice,E1081,Engineering,over_3y,just_in_time_tip,0,0,0,no_action,,
7082,C6,2026-09-08,Payroll bonus notice,E1082,Executive Office,over_3y,easy_report_prompt,0,1,0,clicked_only,15.6,
7083,C6,2026-09-08,Payroll bonus notice,E1083,Operations,over_3y,none,2,0,1,reported_only,,3.5
7084,C6,2026-09-08,Payroll bonus notice,E1084,Engineering,under_1y,loss_framing,0,0,0,no_action,,
7085,C6,2026-09-08,Payroll bonus notice,E1085,Engineering,1_to_3y,none,0,1,0,clicked_only,1.4,
7086,C6,2026-09-08,Payroll bonus notice,E1086,Engineering,under_1y,loss_framing,0,0,0,no_action,,
7087,C6,2026-09-08,Payroll bonus notice,E1087,Operations,1_to_3y,warning_banner,0,1,0,clicked_only,12.1,
7088,C6,2026-09-08,Payroll bonus notice,E1088,Sales,1_to_3y,easy_report_prompt,1,0,0,no_action,,
7089,C6,2026-09-08,Payroll bonus notice,E1089,Operations,1_to_3y,loss_framing,0,0,0,no_action,,
7090,C6,2026-09-08,Payroll bonus notice,E1090,Finance,under_1y,warning_banner,2,0,1,reported_only,,25.5
7091,C6,2026-09-08,Payroll bonus notice,E1091,HR,over_3y,loss_framing,1,1,0,clicked_only,11.2,
7092,C6,2026-09-08,Payroll bonus notice,E1092,Sales,over_3y,loss_framing,2,1,0,clicked_only,28.2,
7093,C6,2026-09-08,Payroll bonus notice,E1093,Operations,1_to_3y,social_norm,0,0,1,reported_only,,2.4
7094,C6,2026-09-08,Payroll bonus notice,E1094,Sales,under_1y,none,2,0,0,no_action,,
7095,C6,2026-09-08,Payroll bonus notice,E1095,Marketing,over_3y,loss_framing,2,0,1,reported_only,,120.5
7096,C6,2026-09-08,Payroll bonus notice,E1096,Finance,over_3y,just_in_time_tip,1,0,0,no_action,,
7097,C6,2026-09-08,Payroll bonus notice,E1097,Operations,over_3y,social_norm,0,0,1,reported_only,,9.6
7098,C6,2026-09-08,Payroll bonus notice,E1098,Marketing,over_3y,just_in_time_tip,0,1,0,clicked_only,1.7,
7099,C6,2026-09-08,Payroll bonus notice,E1099,Sales,over_3y,social_norm,0,0,1,reported_only,,59.5
7100,C6,2026-09-08,Payroll bonus notice,E1100,Operations,over_3y,social_norm,1,0,0,no_action,,
7101,C6,2026-09-08,Payroll bonus notice,E1101,Customer Support,under_1y,none,1,0,0,no_action,,
7102,C6,2026-09-08,Payroll bonus notice,E1102,Operations,over_3y,warning_banner,0,0,0,no_action,,
7103,C6,2026-09-08,Payroll bonus notice,E1103,HR,under_1y,none,0,1,0,clicked_only,5.0,
7104,C6,2026-09-08,Payroll bonus notice,E1104,Sales,1_to_3y,easy_report_prompt,3,0,0,no_action,,
7105,C6,2026-09-08,Payroll bonus notice,E1105,Sales,over_3y,just_in_time_tip,0,0,0,no_action,,
7106,C6,2026-09-08,Payroll bonus notice,E1106,Engineering,over_3y,loss_framing,3,0,0,no_action,,
7107,C6,2026-09-08,Payroll bonus notice,E1107,Operations,1_to_3y,just_in_time_tip,1,0,0,no_action,,
7108,C6,2026-09-08,Payroll bonus notice,E1108,Engineering,over_3y,social_norm,1,0,0,no_action,,
7109,C6,2026-09-08,Payroll bonus notice,E1109,Sales,under_1y,none,1,1,0,clicked_only,72.4,
7110,C6,2026-09-08,Payroll bonus notice,E1110,IT & Security,1_to_3y,just_in_time_tip,0,0,1,reported_only,,58.6
7111,C6,2026-09-08,Payroll bonus notice,E1111,Finance,under_1y,just_in_time_tip,0,0,0,no_action,,
7112,C6,2026-09-08,Payroll bonus notice,E1112,Customer Support,over_3y,social_norm,1,0,1,reported_only,,40.6
7113,C6,2026-09-08,Payroll bonus notice,E1113,Sales,under_1y,none,0,1,1,clicked_and_reported,11.2,18.8
7114,C6,2026-09-08,Payroll bonus notice,E1114,Engineering,1_to_3y,just_in_time_tip,1,0,0,no_action,,
7115,C6,2026-09-08,Payroll bonus notice,E1115,Legal & Compliance,1_to_3y,loss_framing,0,1,0,clicked_only,5.5,
7116,C6,2026-09-08,Payroll bonus notice,E1116,Operations,1_to_3y,none,0,0,1,reported_only,,66.7
7117,C6,2026-09-08,Payroll bonus notice,E1117,Operations,over_3y,warning_banner,2,0,0,no_action,,
7118,C6,2026-09-08,Payroll bonus notice,E1118,Operations,over_3y,just_in_time_tip,0,0,0,no_action,,
7119,C6,2026-09-08,Payroll bonus notice,E1119,Engineering,1_to_3y,none,1,0,0,no_action,,
7120,C6,2026-09-08,Payroll bonus notice,E1120,IT & Security,under_1y,none,2,0,0,no_action,,
7121,C6,2026-09-08,Payroll bonus notice,E1121,Legal & Compliance,over_3y,none,1,0,1,reported_only,,32.5
7122,C6,2026-09-08,Payroll bonus notice,E1122,Engineering,over_3y,warning_banner,2,0,0,no_action,,
7123,C6,2026-09-08,Payroll bonus notice,E1123,Sales,over_3y,social_norm,0,1,0,clicked_only,1.1,
7124,C6,2026-09-08,Payroll bonus notice,E1124,Engineering,under_1y,easy_report_prompt,0,0,0,no_action,,
7125,C6,2026-09-08,Payroll bonus notice,E1125,Finance,over_3y,none,0,0,0,no_action,,
7126,C6,2026-09-08,Payroll bonus notice,E1126,Legal & Compliance,over_3y,none,2,0,1,reported_only,,7.1
7127,C6,2026-09-08,Payroll bonus notice,E1127,Customer Support,over_3y,social_norm,0,1,0,clicked_only,1.2,
7128,C6,2026-09-08,Payroll bonus notice,E1128,Executive Office,1_to_3y,just_in_time_tip,0,0,1,reported_only,,45.2
7129,C6,2026-09-08,Payroll bonus notice,E1129,Sales,over_3y,none,1,0,0,no_action,,
7130,C6,2026-09-08,Payroll bonus notice,E1130,Customer Support,1_to_3y,social_norm,1,0,0,no_action,,
7131,C6,2026-09-08,Payroll bonus notice,E1131,Marketing,over_3y,just_in_time_tip,0,0,0,no_action,,
7132,C6,2026-09-08,Payroll bonus notice,E1132,Executive Office,1_to_3y,none,1,0,0,no_action,,
7133,C6,2026-09-08,Payroll bonus notice,E1133,Operations,over_3y,social_norm,0,0,0,no_action,,
7134,C6,2026-09-08,Payroll bonus notice,E1134,Sales,under_1y,none,1,0,0,no_action,,
7135,C6,2026-09-08,Payroll bonus notice,E1135,Operations,1_to_3y,none,0,0,0,no_action,,
7136,C6,2026-09-08,Payroll bonus notice,E1136,Engineering,1_to_3y,none,0,0,1,reported_only,,5.1
7137,C6,2026-09-08,Payroll bonus notice,E1137,Engineering,under_1y,warning_banner,2,0,0,no_action,,
7138,C6,2026-09-08,Payroll bonus notice,E1138,Sales,1_to_3y,loss_framing,2,0,0,no_action,,
7139,C6,2026-09-08,Payroll bonus notice,E1139,Sales,over_3y,none,0,1,0,clicked_only,2.2,
7140,C6,2026-09-08,Payroll bonus notice,E1140,Marketing,over_3y,just_in_time_tip,0,0,0,no_action,,
7141,C6,2026-09-08,Payroll bonus notice,E1141,Sales,over_3y,just_in_time_tip,1,0,0,no_action,,
7142,C6,2026-09-08,Payroll bonus notice,E1142,Engineering,over_3y,warning_banner,0,0,0,no_action,,
7143,C6,2026-09-08,Payroll bonus notice,E1143,HR,1_to_3y,just_in_time_tip,0,1,0,clicked_only,0.8,
7144,C6,2026-09-08,Payroll bonus notice,E1144,Engineering,over_3y,warning_banner,0,1,0,clicked_only,8.8,
7145,C6,2026-09-08,Payroll bonus notice,E1145,Operations,under_1y,none,0,0,0,no_action,,
7146,C6,2026-09-08,Payroll bonus notice,E1146,Sales,over_3y,social_norm,2,0,0,no_action,,
7147,C6,2026-09-08,Payroll bonus notice,E1147,Finance,under_1y,loss_framing,2,0,0,no_action,,
7148,C6,2026-09-08,Payroll bonus notice,E1148,IT & Security,under_1y,easy_report_prompt,2,0,1,reported_only,,3.8
7149,C6,2026-09-08,Payroll bonus notice,E1149,Engineering,over_3y,warning_banner,1,1,0,clicked_only,2.1,
7150,C6,2026-09-08,Payroll bonus notice,E1150,Marketing,over_3y,easy_report_prompt,1,1,0,clicked_only,2.3,
7151,C6,2026-09-08,Payroll bonus notice,E1151,Marketing,1_to_3y,none,0,1,0,clicked_only,5.3,
7152,C6,2026-09-08,Payroll bonus notice,E1152,IT & Security,over_3y,social_norm,0,0,1,reported_only,,128.3
7153,C6,2026-09-08,Payroll bonus notice,E1153,Marketing,1_to_3y,just_in_time_tip,0,0,0,no_action,,
7154,C6,2026-09-08,Payroll bonus notice,E1154,Sales,1_to_3y,just_in_time_tip,2,1,0,clicked_only,2.1,
7155,C6,2026-09-08,Payroll bonus notice,E1155,IT & Security,over_3y,none,1,0,0,no_action,,
7156,C6,2026-09-08,Payroll bonus notice,E1156,Customer Support,under_1y,just_in_time_tip,0,1,0,clicked_only,15.9,
7157,C6,2026-09-08,Payroll bonus notice,E1157,Marketing,1_to_3y,social_norm,0,0,0,no_action,,
7158,C6,2026-09-08,Payroll bonus notice,E1158,HR,1_to_3y,none,1,1,1,clicked_and_reported,3.4,122.7
7159,C6,2026-09-08,Payroll bonus notice,E1159,Finance,over_3y,just_in_time_tip,1,0,0,no_action,,
7160,C6,2026-09-08,Payroll bonus notice,E1160,Finance,under_1y,just_in_time_tip,1,0,0,no_action,,
7161,C6,2026-09-08,Payroll bonus notice,E1161,Sales,over_3y,loss_framing,1,0,0,no_action,,
7162,C6,2026-09-08,Payroll bonus notice,E1162,Engineering,over_3y,easy_report_prompt,1,0,0,no_action,,
7163,C6,2026-09-08,Payroll bonus notice,E1163,Sales,1_to_3y,just_in_time_tip,1,0,0,no_action,,
7164,C6,2026-09-08,Payroll bonus notice,E1164,HR,1_to_3y,none,1,1,0,clicked_only,1.4,
7165,C6,2026-09-08,Payroll bonus notice,E1165,Finance,under_1y,none,1,1,0,clicked_only,1.0,
7166,C6,2026-09-08,Payroll bonus notice,E1166,Marketing,1_to_3y,social_norm,1,0,0,no_action,,
7167,C6,2026-09-08,Payroll bonus notice,E1167,Sales,1_to_3y,loss_framing,1,1,0,clicked_only,7.6,
7168,C6,2026-09-08,Payroll bonus notice,E1168,Operations,over_3y,easy_report_prompt,2,0,1,reported_only,,8.4
7169,C6,2026-09-08,Payroll bonus notice,E1169,Legal & Compliance,1_to_3y,loss_framing,0,0,0,no_action,,
7170,C6,2026-09-08,Payroll bonus notice,E1170,Engineering,over_3y,just_in_time_tip,0,0,1,reported_only,,9.6
7171,C6,2026-09-08,Payroll bonus notice,E1171,Sales,over_3y,just_in_time_tip,1,0,1,reported_only,,506.3
7172,C6,2026-09-08,Payroll bonus notice,E1172,Operations,under_1y,none,0,1,0,clicked_only,9.9,
7173,C6,2026-09-08,Payroll bonus notice,E1173,Finance,1_to_3y,warning_banner,1,0,0,no_action,,
7174,C6,2026-09-08,Payroll bonus notice,E1174,Engineering,over_3y,loss_framing,1,0,1,reported_only,,56.2
7175,C6,2026-09-08,Payroll bonus notice,E1175,Executive Office,1_to_3y,just_in_time_tip,1,0,0,no_action,,
7176,C6,2026-09-08,Payroll bonus notice,E1176,Operations,1_to_3y,easy_report_prompt,1,0,0,no_action,,
7177,C6,2026-09-08,Payroll bonus notice,E1177,Operations,under_1y,loss_framing,0,0,0,no_action,,
7178,C6,2026-09-08,Payroll bonus notice,E1178,Legal & Compliance,over_3y,just_in_time_tip,2,0,0,no_action,,
7179,C6,2026-09-08,Payroll bonus notice,E1179,Operations,under_1y,warning_banner,2,1,0,clicked_only,2.8,
7180,C6,2026-09-08,Payroll bonus notice,E1180,IT & Security,1_to_3y,easy_report_prompt,1,0,0,no_action,,
7181,C6,2026-09-08,Payroll bonus notice,E1181,Sales,over_3y,none,0,0,0,no_action,,
7182,C6,2026-09-08,Payroll bonus notice,E1182,Operations,over_3y,warning_banner,3,1,0,clicked_only,4.3,
7183,C6,2026-09-08,Payroll bonus notice,E1183,Engineering,under_1y,social_norm,0,0,0,no_action,,
7184,C6,2026-09-08,Payroll bonus notice,E1184,Engineering,over_3y,warning_banner,2,1,1,clicked_and_reported,30.3,34.0
7185,C6,2026-09-08,Payroll bonus notice,E1185,IT & Security,over_3y,loss_framing,0,0,1,reported_only,,58.8
7186,C6,2026-09-08,Payroll bonus notice,E1186,Engineering,over_3y,loss_framing,0,0,1,reported_only,,16.8
7187,C6,2026-09-08,Payroll bonus notice,E1187,Finance,1_to_3y,loss_framing,0,0,0,no_action,,
7188,C6,2026-09-08,Payroll bonus notice,E1188,IT & Security,over_3y,social_norm,0,1,1,clicked_and_reported,12.2,14.8
7189,C6,2026-09-08,Payroll bonus notice,E1189,Customer Support,over_3y,easy_report_prompt,1,0,0,no_action,,
7190,C6,2026-09-08,Payroll bonus notice,E1190,Sales,1_to_3y,none,2,0,0,no_action,,
7191,C6,2026-09-08,Payroll bonus notice,E1191,Operations,1_to_3y,none,1,1,0,clicked_only,3.0,
7192,C6,2026-09-08,Payroll bonus notice,E1192,Finance,under_1y,just_in_time_tip,1,0,1,reported_only,,3.3
7193,C6,2026-09-08,Payroll bonus notice,E1193,Engineering,under_1y,none,0,0,1,reported_only,,21.8
7194,C6,2026-09-08,Payroll bonus notice,E1194,Operations,under_1y,warning_banner,0,0,0,no_action,,
7195,C6,2026-09-08,Payroll bonus notice,E1195,Operations,under_1y,loss_framing,1,1,0,clicked_only,11.7,
7196,C6,2026-09-08,Payroll bonus notice,E1196,Legal & Compliance,over_3y,just_in_time_tip,3,0,1,reported_only,,9.8
7197,C6,2026-09-08,Payroll bonus notice,E1197,Engineering,over_3y,none,0,1,0,clicked_only,8.8,
7198,C6,2026-09-08,Payroll bonus notice,E1198,Engineering,1_to_3y,warning_banner,1,0,1,reported_only,,9.0
7199,C6,2026-09-08,Payroll bonus notice,E1199,Customer Support,1_to_3y,warning_banner,2,0,0,no_action,,
7200,C6,2026-09-08,Payroll bonus notice,E1200,Engineering,over_3y,loss_framing,0,0,0,no_action,,
